Time,V1,V2,V3,V4,V5,V6,V7,V8,V9,V10,V11,V12,V13,V14,V15,V16,V17,V18,V19,V20,V21,V22,V23,V24,V25,V26,V27,V28,Amount,Class
35906.0,-3.51902954497457,4.14086717613266,-3.62820236883577,5.50567203744754,-4.05746250583351,-0.905945282755562,-6.65203112089008,2.63452416520597,-4.67940204045465,-6.54624181523522,3.53820204012168,-8.04228514248667,1.69750938374612,-8.05104890186539,1.07045739646232,-7.39595692479141,-14.3296261567476,-4.86801023649552,2.46384303909831,0.898723234092648,1.58255593340505,0.778710245469243,-0.13570727840987,-0.0042778002749602,0.0327061591060809,0.362014053476722,0.900925137512513,0.554897499272323,9.13,1
148053.0,1.26132423719507,2.72680028914035,-5.43501891203698,5.34275900861121,1.44704301840055,-1.44258408548501,-0.898701853990691,0.123061977888509,-2.74849590498127,-3.20243612238872,1.99136063471588,-3.98641621648026,0.577206841836268,-8.48579450596077,-0.794782274727006,-0.66613426737281,-1.37262938444618,-0.10431295585569,-1.46691055321726,0.313331634515096,0.209086136071647,-0.425937610932652,-0.154439525696635,-0.0188195044268996,0.632233951218357,0.192921615175897,0.468180887290157,0.280486470872693,1.59,1
68207.0,-13.1926709562391,12.785970638298,-9.90665002092758,3.32033688288942,-4.80117593230105,5.76005855618556,-18.7508891580107,-37.3534426378925,-0.391539743919107,-5.05250236713858,4.40680552357904,-4.61075647740608,-1.90948796970811,-9.07271093398351,-0.226074450896345,-6.21155748212485,-6.24814535335983,-3.14924669470095,0.0515761185277783,-3.49304991519446,27.2028391573154,-8.88701714094871,5.30360690376998,-0.639434802306313,0.263203123457008,-0.108876929971315,1.26956635541013,0.939407362758877,1.0,1
84204.0,-0.937843305478391,3.46288948991687,-6.44510395393435,4.9321986662268,-2.23398306982245,-2.29156112129773,-5.69559392853253,1.33882463362261,-4.32237655329329,-8.0991193981365,7.18296700883659,-9.44594338249901,-0.314619967520224,-12.9914655817567,-0.136358931959623,-6.36752437517144,-12.7343938853776,-3.84512965889743,1.00766725992114,1.12953228130351,1.06655024941577,-0.521657289347299,-0.319917292909547,-0.405859088093617,0.906802159957716,1.16578389011737,1.37449533233535,0.729889341911333,0.0,1
21419.0,-17.4677100117887,10.1148157246654,-24.2021422329158,11.8054692105913,-10.1980458075926,-2.5799380080012,-17.6567879964837,2.25690247596699,-6.24214930949065,-12.8306571996417,9.44266526535108,-13.5474858999444,0.960728558325579,-13.0287170264518,-0.426674498701321,-7.65266166506753,-11.4853277896478,-4.72136957553102,0.550519004149565,1.00151850195952,-2.32802441621057,0.940830319350178,1.29681706144136,-1.05510390359967,0.11179202805362,0.679694612203418,2.09354057112569,-1.42549145377361,1.0,1
46149.0,-1.34650881762975,2.13243062687771,-1.85435531823997,2.11699770636107,-1.07037837875552,-1.09267135682306,-2.23098606430574,1.03642490791919,-1.89551573571367,-3.36401057980002,2.88704787664695,-3.78445965821089,-1.28890425847532,-3.98562600822203,0.531838297985603,-2.60370264991872,-5.15759639749234,-0.696010004579956,1.28596139472532,0.221918669151309,0.609508181503446,0.202874284952422,-0.0607913872259794,-0.186733353366053,-0.0174012274970924,-0.283751034119116,0.395451049081013,0.233138575967241,1.0,1
41285.0,-12.8357595817777,6.57461542943546,-12.7884624825347,8.7862568391843,-10.7231209172666,-2.81353585641993,-14.2488465310891,7.96052082227957,-7.71875064933864,-13.0740681657723,5.97513066688423,-12.375374654316,1.47220511856229,-11.4706925061593,0.993143253686908,-10.9738046181506,-21.047629901985,-7.99078328442082,3.33103902941017,-0.617296150458597,2.67949007049737,-0.0473351062766089,-0.836982346024597,0.625349328179101,0.125864937720446,0.177623612238763,-0.817680255865793,-0.521029795905738,37.32,1
134769.0,-0.967767136663499,2.09801863238761,-5.22292946625656,6.5145732431847,-4.18767406818961,2.11417834963073,0.948701404286247,-2.44842689476182,-3.20366608262076,-3.07403431268054,1.05148630261883,-3.47486296690245,0.573371300323787,-5.25425346321937,-0.32638832674693,-1.84859811431832,-2.42153561881163,-0.833344853245289,0.952141057235768,1.14720392040776,-0.843268389452352,0.796738518044592,1.31431234652212,-0.352886653077338,-1.77070558031979,0.0981333585610556,0.95676878112918,0.162777346229732,925.31,1
63578.0,-0.639191253440691,-0.0855947885921835,1.26545195854416,1.40116573166082,-0.260542078671007,1.00979457835355,1.30199897093176,-0.135257522932592,-0.431520921685507,-0.0913533730643921,-0.921051995675577,-0.61381552858098,0.198913055533638,0.0160870050482155,2.20626377523102,-0.527140627794259,-0.0572786796405291,0.448655661077036,1.16443546519237,0.861306751100051,0.340330752683629,0.76016976216338,0.353376975218638,-0.778892742566353,-0.0706811598435952,-0.0333546437243291,-0.0619624216383359,-0.0626865318467909,290.18,1
75978.0,-5.14072311805277,3.56875123426923,-5.89624545735196,4.16471993013258,-4.09119263947502,-1.98996029061886,-5.47243601705169,2.42282066166249,-2.90973525837833,-6.28780335064533,3.70431215185119,-7.26754953396678,0.329269938095914,-8.45897495556967,1.35448720090917,-5.9762209822112,-10.5760149147501,-3.52516124688807,1.73797600497073,0.318995199686566,1.13113028151049,0.118021510216711,-0.332704205017834,0.139940733895169,0.324757896441424,-0.180769130367976,0.177810382911191,0.661555355551591,99.9,1
93860.0,-10.8502815883108,6.72746568826853,-16.760583409542,8.42583167857118,-10.2526968683093,-4.19217104406337,-14.0770860104531,7.16828793346092,-3.68324217370244,-15.2399619587112,8.03070840755191,-16.0603057628826,0.270529742348469,-14.9529810390579,-0.241094883743813,-11.866730636746,-15.4869899240937,-5.74865155747378,4.1300314273319,-0.646818272966729,2.5416369467068,0.135534921100722,-1.02396689219897,0.40626452579196,0.106592778669641,-0.0262323892202069,-1.46463002356247,-0.411681819907858,78.0,1
48380.0,-2.79077103894771,-1.46426898705405,1.03116500769674,1.9213560843992,-0.0900138203463016,-0.483871347899329,0.780731181206493,-0.348775795673106,0.609133451935087,0.225933803313285,-1.06453419450651,-0.787372737955552,-1.57646958451914,-0.126756361711439,0.367012281940972,-0.635321654596588,0.327006411459276,0.0438160872305435,1.40357376229763,-1.37672077946455,-0.392667221970544,0.440019838749267,0.777659196131864,0.418551935584405,0.244563185949918,-0.159360689127314,0.0605395343366452,0.356958362771354,208.58,1
101051.0,-1.46531575579616,-1.09337687781209,-0.0597678482279439,1.06478463530602,11.0950886001596,-5.43097128323669,-9.37802517086658,-0.446456139679101,1.99210961400888,1.78592177154007,1.36858453419511,-1.47169658834377,-0.72475884619705,3.44242199594215,-0.957403224855046,-1.62612941891216,1.41821495932655,-1.41791682839858,-1.65176618071699,-1.4576102135585,1.16062328833533,-1.2596968082996,-15.9816491909559,-0.883669935248733,-3.53671623161143,-0.59296488849027,0.675524833181225,0.424849351792902,0.92,1
12095.0,-4.72771265581559,3.04446910225824,-5.59835426695611,5.92819080241929,-2.19076972938784,-1.52932296564747,-4.48742195988547,0.916391814103266,-1.3070104231933,-4.13889121357616,5.14940878300581,-11.1240186070579,0.543067765541171,-7.84094220494304,0.743633944785042,-6.77706923974191,-9.93176515376766,-4.09302112201074,1.50492485905709,-0.207759445103882,0.650988236282379,0.254983288954681,0.628843468802127,-0.23812845429317,-0.671332331960485,-0.0335900627800998,-1.33177732223058,0.705697590023144,30.39,1
52934.0,1.03663855772541,0.407227280182074,0.75770616494457,3.16182144737059,-0.568122226356034,0.202180695126505,-0.68980405626803,0.41137993906161,0.336769232300548,-0.283731283967387,0.90311745288141,-0.158825775049249,-1.93070901899978,-2.37665364067708,-1.8101724846962,0.935791272330693,1.59150614830401,1.25947071382768,-0.666806394320072,-0.219461074162075,-0.0501076222906236,0.123760575662397,-0.132567901550036,0.350230553629671,0.507701400813083,0.189620904934317,0.0610156660255082,0.0631412801847289,0.76,1
37167.0,-7.92389070083426,-5.19836019923329,-3.00002392240282,4.42066620155728,2.27219396451756,-3.39448342909715,-5.28343533467969,0.131618922476372,0.658176428693037,-0.794993881662565,3.26606601582438,-2.71918495125522,-0.124103963275087,-5.274865818881,0.638575002552638,-2.99583037811248,-4.69843344927136,-1.71187122467509,3.02526099185501,-2.16981089222224,-0.734307916555449,-0.59992625988411,-4.90830117586834,0.410170234644792,-1.16766024989313,0.520507647303451,1.93742140287106,-1.55259283870249,12.31,1
46057.0,-1.3094413460044,1.78649494921925,-1.37107024042555,1.21433549160762,-0.336642221570741,-1.39011986486896,-1.7091091066305,0.667747590382643,-1.69980879955917,-3.84391103993778,2.96259879138962,-3.95604520140947,-1.53923191944683,-4.63463139323434,-0.248403490673103,-2.05855138409951,-5.63549400383391,-0.775271204300359,-0.23930965408033,0.253464129147281,0.533521286327158,-0.0221799534199139,-0.299555851230085,-0.226416167090146,0.364360460778096,-0.47510178544057,0.571426303828437,0.293425836896259,1.0,1
160665.0,-0.417339782403896,4.70005527392636,-7.52176682774885,7.67188445074794,0.260821237608046,-2.64669254023638,-2.85443216153232,0.95878310270126,-4.5885358926682,-6.12071508667922,4.54849458373201,-7.83625279832226,-0.242674770748528,-13.2025053438681,1.0924415991984,-3.04086255242532,-3.00895800089691,-0.159966953690891,0.78808629554402,0.832034789370246,0.622200356085823,-0.437708334187294,-0.0903582898025547,-0.742802157670925,-0.312360714129117,0.502574976363589,0.8213902873783,0.37237881708533,0.77,1
100924.0,-23.9847466495794,16.6978316913154,-22.209874815521,9.5849686202149,-16.2304387891461,2.59633265752887,-33.2393281671892,-21.5600394546929,-10.8425258685569,-19.836148851696,3.22323270290842,-10.8951335063028,-1.52345240330584,0.116303256118652,-3.09880532704263,-7.60642457511483,-18.1082610229766,-7.51186615794432,-1.24328515722898,5.80455066066397,-12.6150228644215,5.77408726884239,2.7502214496329,0.513411099654255,-1.60880380395117,-0.459624387540527,-4.62612660780224,-0.334560720645878,1.0,1
151972.0,-6.61821088302128,3.83594330652809,-6.31645312939344,1.84411148322924,-2.47689242073119,-1.88671810778613,-3.81749461717225,0.613470204441387,-1.48212104737573,-4.86874726825181,3.35972193954249,-5.96916163430263,0.0511899909273825,-8.72449560202264,0.776390603031746,-3.93938374023711,-7.16443030217363,-2.43467181629124,0.235226841085862,-0.953826982523315,1.63662230588548,0.0387273057562163,0.27821816645377,0.786670356804443,0.063894559165062,0.154707097104458,-2.04240272642132,1.40514055826157,57.73,1
39729.0,-0.964567282813312,-1.64354066791439,-0.187726849232163,1.15825311047012,-2.45833564593802,0.852221660377025,2.78516254594393,-0.30360853861401,0.94000553101046,-1.96530880945923,0.159743522312315,-0.490697387341298,-1.1819769933833,-1.95887596969497,1.15274328622613,-1.34126935794233,2.49832484974359,0.777831088916474,1.4060448737262,1.78444933498197,0.447180121733859,0.536203895046365,1.63406050110051,0.203838849073356,0.218748854725954,-0.221885828382479,-0.308554718022245,-0.164500017914328,776.83,1
146344.0,-0.0997238993578782,2.79541433019956,-6.42385558221477,3.24751301512342,-1.6322902693315,-2.76666493059313,-2.31222288290759,0.961014122482514,-1.89600096481329,-4.91934829935247,3.05365441815753,-5.29781140208753,-1.46602972848647,-7.03588005080407,1.99713237234969,-3.83618852542499,-2.51518280017187,-0.864578711859257,2.32892697361116,0.340898315660141,0.647714388377444,0.126575864283858,0.203953480088146,0.0084949976311171,-0.174501150725926,0.575294798178312,0.152875890788003,-0.0981728103598323,94.82,1
102619.0,-2.48836288474016,4.35901910783724,-7.77640985018266,5.36402677044258,-1.82387723220959,-2.44514013600669,-4.96422092061784,1.48489015991725,-2.94789885841072,-7.17534972178322,7.34365210856032,-10.178995535122,2.14215063066493,-8.98305216762269,-0.473746033414928,-8.14334226244301,-9.78567719982127,-3.08651950539248,3.37971333584943,0.792274684105994,1.32567239039937,1.02122620503862,-0.266476205063069,-0.370880444896658,0.365535186093547,0.081372023747405,0.184983040876449,-0.211582455539506,1.0,1
41116.0,-3.60054350412378,4.51904694695796,-6.34088353532231,6.21476727765717,-5.829557636648,-2.4780949557906,-9.93841155861772,2.83008605053969,-5.65916161145799,-11.2981564915382,7.2529532268294,-14.2750918465127,0.18890328374228,-14.5559572107641,-0.338288547453357,-12.1465401437589,-25.1627993693248,-9.04284515066473,0.787578807808201,1.38474276211824,2.26377035551642,0.620749345000528,-0.094068667085379,0.536719087381271,0.398142307216228,0.008276586749878,2.05352425334029,0.835749002954128,3.79,1
35953.0,-4.84437152213983,5.64943864783758,-6.73039574613665,5.25284201867297,-4.4095661499774,-1.74076745609347,-6.31169852901067,3.44916731253577,-5.41628435913526,-7.8335555711125,3.6573495649865,-7.7814479532704,1.50772042676786,-8.60475886835984,0.0105926875670707,-6.55397325691037,-12.6243936527694,-4.98990973846596,1.64541389333247,0.284555090358885,1.19488835625662,-0.845752531858704,0.190673885417928,-0.216443252531192,-0.325033100382822,-0.270327592956951,0.210214051535782,0.391854886292055,111.7,1
8757.0,-1.86375555343732,3.44264397684973,-4.46825973145511,2.80533625940251,-2.1184124774924,-2.33228488731467,-4.2612371974404,1.70168184397858,-1.43939587542941,-6.99990663386522,6.31620967716699,-8.67081800476226,0.316023991908777,-7.41771206475053,-0.436537471366146,-3.65280196004741,-6.29314531907376,-1.24324829133852,0.364810482193887,0.36092400372093,0.66792657242141,-0.516242362128804,-0.012217811746839,0.070613703103445,0.0585044669560628,0.304882839588584,0.418012467185258,0.208858278145839,1.0,1
40742.0,-2.37753280180283,0.520539361927579,-8.09413945532841,8.00535147326105,2.64075021376276,-3.38158645291742,-1.93437244067366,0.562322111872781,-3.10402718606356,-3.05121035544102,5.73576265915634,-4.74769250131792,-0.784223284478966,-10.7163393018774,0.656516978131348,-1.14246727231018,0.91859080878698,1.12633522330277,0.0929734778841175,-0.634747080915274,0.148284201590387,0.7210995412337,2.66129069804724,-0.508619933518595,-0.401656629278738,0.587611216267645,0.500326371108344,0.551759687906722,1.0,1
90676.0,-2.40558049004183,3.73823496480673,-2.31784304058402,1.36744244056479,0.39400112765787,1.91993798476143,-3.10694204753682,-10.7644025337266,3.3535248599039,0.369936028027435,0.382172176843061,-2.26293253493218,1.21060458321664,-1.88061870491121,-0.934160416330735,0.235476804417352,3.32156931100987,1.90627082950488,-0.581355690647057,-2.14087382269319,10.0059980130045,-2.45496409501601,1.68495694696092,0.118263083149952,-1.53138011163519,-0.695307571119466,-0.152501562016877,-0.138866256312262,6.99,1
150494.0,1.85288909461877,1.06959286384179,-1.77610127333886,4.61740996943795,0.770412982482834,-0.400859125659044,-0.0409701223190008,0.089510462944554,-0.217705276444853,-0.373927299894818,-0.688453906925825,-1.46320692427849,-1.6241550000894,-4.25246559869278,-1.34017588388911,1.73287279987949,2.93448122378549,1.43719657244596,-1.92330893857582,-0.288392191215266,-0.157868695659099,-0.176243751892623,0.0274369456443017,-0.468006202781987,0.0580627992795879,0.148263059959904,0.0422777637492948,0.0405727519213252,1.0,1
65936.0,-3.5934760029271,0.78144226309285,-1.82244751422669,0.605760683474701,-1.19465586719981,-0.517194856719497,-1.72252312325165,0.128889523769538,0.0149633080909052,-2.85611682977408,1.61826162043188,-3.58137450130299,0.623706919914784,-6.16045662030601,0.494733399107095,-2.54310504010287,-5.30127339068683,-2.19271270602319,-0.09472379272847,-0.478219313417121,0.351792125839819,0.391248950287018,-0.252874890557857,-0.498042480147132,0.0101721931231225,0.909928721553306,-1.47876724603751,0.722673039450917,101.5,1
43494.0,-1.27813773524814,0.716241580332591,-1.14327922918382,0.217804800631468,-1.29389046969973,-1.16895152511977,-2.56418198278833,0.204532467641239,-1.61115462297744,-1.25028553742691,3.36736102310858,-4.58309584545642,-0.806939683730076,-5.20830522179452,0.525823682164556,-1.81591431259746,-5.24911146794949,-2.19669120679566,2.10905264474381,0.817203155491914,0.490182667533974,0.470427403079725,-0.126261344339209,-0.126644458784455,-0.661907559467122,-0.349792996571914,0.454851068382725,0.137843477172283,24.9,1
34256.0,0.539275913891047,1.5548897630737,-2.06618033324968,3.24161746276725,0.184735711234243,0.0283295594064726,-1.51552137985061,0.537035374444064,-1.99984603560986,-2.13317644293659,2.75617194535395,-2.24286436771513,0.615204246860345,-4.65280380668112,0.222163815521883,-0.775666019840941,-3.21861825150599,-0.370992501046414,-0.686196723569762,0.302734578907132,0.371773459120687,0.111954592156869,-0.305225078771695,-1.05383526243402,0.77117490696746,0.240878213732036,0.418434531995645,0.232169715166482,19.02,1
35771.0,-3.21895201068387,2.70853541135777,-3.26304158740062,1.36186594394607,-1.64577567536596,-1.85298187130258,-3.06995821412732,-1.79687585578416,-0.213356097435365,-3.55198400939375,3.77974953895486,-6.98477147722078,-1.14097718858781,-9.37787845231763,0.921463506707037,-4.65207119462111,-9.09423129737693,-3.08254995409724,0.132330776389272,0.571654488206511,1.80787725006384,-0.890421395077162,-0.325814386573867,0.123039596922715,-0.0930137472776971,0.232105969675678,-0.310518998304807,-0.745294626799623,60.6,1
83934.0,-0.433222446537596,2.42837911824053,-3.99645439738162,4.87129854095106,-1.7963078560437,-0.586867589935922,-4.65454261848565,1.28522967071729,-2.74353881589949,-5.63894131284807,4.3437434980468,-6.65573446968769,-0.293108662762872,-9.50514082568186,-1.39614905931922,-4.85032315924603,-10.0062528282393,-2.78959811229388,0.98258385892977,0.745029329890697,0.713558821786954,-0.408953595906886,-0.320889532152165,-0.804230275167984,0.962851575679124,0.199558010666927,1.09453318209808,0.541147567735467,1.0,1
91075.0,-1.85506070184998,1.55496360697718,-1.40580882850107,0.669327345741316,-0.280229520106465,1.17865246733203,-3.45997906611492,-2.81515495312599,1.24222876512242,-4.15635447965382,2.20944075185923,-5.12231410931103,0.66129710617156,-3.10393771952109,-2.41086973192388,-2.42501563217886,-3.96062268909989,-0.125017788038036,0.60039728842723,0.536916458029193,-0.0953083066630984,0.94662891847112,-0.297402959067305,-0.368343891207103,0.198731156287359,-0.0785905919566464,0.366709355889324,0.0737667168278096,38.76,1
53937.0,-2.04260819938332,1.57357807373238,-2.37265243271278,-0.572676430720841,-2.09735276458226,-0.174142123011242,-3.03951978687359,-1.63423295064356,-0.594808638750073,-5.45960189444545,2.37853722491518,-2.33027064686235,-0.24623272486659,-4.05852343611281,-0.316983146603949,-2.52266081131673,-5.60340034818128,-0.778439963776289,0.860211793588662,0.825565985313424,-0.723326195587733,0.501221637302624,-0.696892260580304,-0.600513726439022,0.127547028812739,-0.786072220292301,0.606097322391548,0.171696507911815,261.87,1
96717.0,-3.7058559456413,4.10787318567637,-3.80365599543613,1.71031444791959,-3.58246604635748,1.4697289395611,-9.62156012711908,-11.9131046925977,-0.322296771337166,-6.62569249371823,2.17523030559549,-4.38107755793604,2.06329870945929,-0.673818453194249,1.40076321660287,-4.25492662033392,-5.16021301572915,-1.30252591599748,2.59445276115475,3.63960274068724,-5.49877168010629,2.94147540326902,0.916235852911927,-0.25550447969595,-0.18383483865098,-0.584538952417976,-0.315483570351021,-0.0972228121259146,1.0,1
100501.0,-6.9852674861123,5.15109356872598,-4.59933777342036,4.53447860064768,0.849053978611719,-0.210701203278644,-4.42522968507474,-5.13452515572624,0.0693205728889109,-0.870997150804889,5.20081516878268,-7.80222778971281,0.0339124179895287,-7.56013197197136,-1.01465193469311,-1.50792960088674,-3.41027456780471,0.107544007359072,-1.37551765637273,-1.24699631854492,5.45367185347674,-2.05617714358307,-0.280333720590026,0.120771472511766,0.569357720918146,0.145971466001576,0.300193469284684,1.77936385243205,0.76,1
148074.0,-2.21921860215056,0.727831411106392,-5.45822994652182,5.92484984705884,3.93246382376344,-3.0859842366267,-1.67786998770016,0.865074610405235,-3.17726028894586,-3.41920738405664,3.69317394224412,-3.97843975507806,-1.71859087457346,-8.63629739365259,-0.242964821455265,1.17488417316765,2.13460635695284,2.59436483300614,-1.25758897993879,0.96477180373471,0.41747174595057,-0.817343384056975,-0.0287524020141088,0.0257225108657227,-0.825835343221856,-0.0130890304987416,0.413291188715315,-0.131387346404896,0.0,1
93920.0,-12.3810482122443,8.21302215295327,-16.9625296493409,7.11609059812684,-9.77282635905051,-3.66683564785878,-16.1473633736285,2.07870595319163,-4.25065683444105,-16.7460441053944,7.42580096307482,-15.5648376012203,-0.426338420425742,-14.0295376738875,-1.68188923012087,-11.1337609764854,-15.8335888785336,-5.74853293843859,2.27108150670047,0.53779490001906,0.1677033350947,1.5034133341063,-0.767755381526479,0.371951476263823,-1.41563947948017,-0.517022160118675,-0.434620522533755,0.292721057342818,97.0,1
64412.0,-1.34804164426498,2.52282067569291,-0.782432259389823,4.08304665188122,-0.662280329645865,-0.598775712530929,-1.94355185121781,-0.329578950885032,-1.85327422572214,-3.16213595485783,1.53319383793753,-4.63512694781183,-1.11357273401976,-6.4358707376348,-0.293191947937035,-2.84993079536978,-3.65425828769231,-1.18303413658687,0.831623853010765,0.348896285038196,1.07987140816824,-0.352026410347836,-0.218357652796912,0.125865683985355,-0.0741801756408069,0.17911552652805,0.612579819202836,0.234206089600607,1.0,1
152710.0,0.0510754846328574,1.31042652386526,0.733222065309853,2.62028192286183,1.40235761449282,0.528488564738172,1.08601442622803,-0.146422713225732,-1.72433297471822,1.28016674259048,0.470864719590572,0.43554195900858,0.594974116113431,-0.142098601080574,-2.02473460275883,0.828290651436422,-1.27478714656577,0.134277305184542,-1.48943421708841,-0.125876996990695,0.229936134951611,0.766926566765976,-0.189623667620704,0.766852957965077,-0.141400750027805,-0.0772779620355944,-0.29759539535716,-0.221816034161724,2.47,1
28692.0,-29.2003285905744,16.1557014298057,-30.0137124857248,6.47673117996833,-21.2258096535165,-4.90299739658728,-19.791248405247,19.1683273897301,-3.61724178604255,-7.87012194292549,4.06625507293473,-5.66149242261771,1.29295014454242,-5.07984568135779,-0.126522740416921,-5.24447151974264,-11.2749725851252,-4.67843652929376,0.650807370688892,1.71586182428358,1.8093709332884,-2.17581520342142,-1.3651041075509,0.174286359566544,2.10386807204715,-0.209943999130567,1.27868097084218,0.372392714338541,99.99,1
84204.0,-1.92745281973369,1.82762056700016,-7.01949468454197,5.34830323951426,-2.73918788004738,-2.10721929638307,-5.01584797563431,1.20586815982046,-4.38271250852199,-8.33770697381781,7.19030608944843,-9.42484446049178,-0.223292646427513,-12.8754942229841,-0.071918160688794,-6.2999613976222,-12.719207160428,-3.74017615583058,0.844059610296466,2.17270905626492,1.37693832294098,-0.792016725563067,-0.771414187530036,-0.379574271539528,0.718716522008066,1.11115125599517,1.27770725705846,0.819081152045361,512.25,1
41273.0,-11.6822148930584,6.33288209288301,-13.2971092469499,7.69077191542072,-10.8898905208867,-2.79236003834138,-12.5617825809497,7.28712220991134,-7.57032240879292,-12.8357376825339,5.80470785195987,-12.15623949431,1.18498466280471,-10.4686770874209,-0.41674319706657,-10.999792348619,-22.6088681905866,-9.49874592104677,2.10273540686125,-1.00931993766307,2.13345628394787,-1.27150896701449,-0.0353038871622371,0.615053695038953,0.349023768265454,-0.428922796793546,-0.694935387398427,-0.818970428930229,173.07,1
84694.0,-4.86810843844627,1.26441977404559,-5.16788542660662,3.19364784504611,-3.04562137708228,-2.09616609885545,-6.44561018266068,2.4225355920307,-3.2140554159387,-8.74597261185534,5.41604190908794,-8.16412507731485,-0.165010607208302,-10.1935303551514,-1.89521031032574,-7.36047460938421,-14.6687710766351,-4.87711900477519,1.38560952778492,0.66730977994879,1.26920538901712,0.0576572516592633,0.629307399675982,-0.168431773502721,0.443743902404587,0.276539471570389,1.44127396787951,-0.127943726430018,12.31,1
53031.0,0.206075454303215,1.38735982061524,-1.045286987034,4.22868619369076,-1.64754917421782,-0.180896946218666,-2.94367757476862,0.859155533266087,-1.18174300683428,-3.09650359868717,3.20091235546057,-2.45083242908802,0.316619878616412,-6.39717031528651,-2.12972836543767,-2.42737307534442,-4.44847225233098,-1.21222044988735,0.0346554556282822,0.351484399563241,0.46919942584802,0.344930464195865,-0.203799378001586,0.376640378487856,0.715485489514387,0.226002880910544,0.628544616302757,0.319917987612491,0.76,1
65358.0,1.1939160689293,-0.571085006532232,0.742522413618004,-0.0145876823031251,-0.624560898094263,0.832161659907577,-0.833350424512102,0.272896998506182,1.16942539891152,-0.371671945168217,-0.245676823310174,1.37594135044076,0.870456831276252,-0.819319364809584,-1.55090356200859,0.125852995600752,-0.397245548944671,0.272377065433488,1.22602219788409,0.062908129152134,-0.0495024276847497,0.207265101065706,-0.265271877292053,-0.67929377017329,0.511811527633814,1.24660443744052,-0.0286711040907993,-0.0061120075977227,31.91,1
169351.0,-0.676142670593205,1.1263660623459,-2.21369952308058,0.46830838758824,-1.12054104443306,-0.0033462959955453,-2.23473929608742,1.21015796383769,-0.65224992035649,-3.46389087904573,1.79496896856641,-2.77502154036273,-0.418950143733104,-4.05716237716209,-0.712615968607599,-1.60301474745597,-5.03532591722409,-0.50699988370237,0.266272320267649,0.247967752628092,0.751825538154533,0.834107690036367,0.190943872773442,0.0320700856093905,-0.739694822652264,0.47111096261267,0.385107448705084,0.19436147923645,77.89,1
18690.0,-15.3988450085358,7.47232389650112,-19.0269123426632,11.165525840514,-6.89385628014845,-2.12093657486019,-14.9133299850456,-0.721214094320184,-7.1750966153358,-14.166794659606,10.2777688628065,-14.9854337328686,0.345179234077653,-14.6663889726541,-0.346352541965346,-8.33324249555463,-12.6025964553952,-4.87668342078337,0.604625910708604,1.11150221461014,-2.44488368228,0.727495341024629,-0.345078151264077,-0.981748551471828,0.995271346300177,0.816761717958274,2.26294237384391,-1.17806316323334,1.0,1
128519.0,-4.59944700208203,2.76253994253031,-4.6565298706326,5.20140306725894,-2.47038771213247,-0.357617930345621,-3.7671888274624,0.0614664440276634,-1.83619986278079,-1.4706452575308,2.14393063330902,-5.83973605661705,0.153011630876735,-6.17736456586248,-0.78541565373917,-4.51052273721062,-10.3405128633486,-4.18117755349571,-0.376135682527478,-1.00065772232141,1.58148035659457,0.261332719512975,0.621415022135499,0.994109926998982,-0.687853106052664,-0.337531252843331,-1.61279104641522,1.23142473470435,93.35,1
86376.0,-0.670238130057305,0.94520635153406,0.610050626297701,2.64006508673377,-2.70777462644103,1.95261056051566,-1.62460819938343,-5.22990786160988,0.21020202822781,-2.06990438955593,-0.529805728295342,0.999716276092526,-0.0861120244186652,-1.50855714024168,-0.450669492347937,-0.328387382736473,2.27027117814029,0.709666017682026,0.913175997078955,1.4749287568126,-2.50445018690737,1.43647237841825,0.351542386126581,0.648466904268149,0.579681417358758,0.0757375933335965,0.346717084034013,0.282208626038179,323.77,1
159844.0,-0.408110816961726,3.13294449795257,-3.09802976350239,5.80389261500645,0.890608919007457,-0.501474323471098,-0.440054283341639,0.591828268527081,-3.26769325879204,-2.22307032799021,0.757063214391669,-3.5018037792943,0.246742224128631,-6.0656218797665,0.339583134189158,-1.00572315400358,0.334315623693923,0.421261362446254,1.24714263088632,0.499567913131525,0.0984823222449585,-0.538374705312947,-0.217988987498016,-1.04265661749863,0.314388820647828,0.54324357594221,0.233851015408581,0.119603460907874,45.51,1
30852.0,-2.83098405592803,0.885657038258755,1.19993009832405,2.86129223993172,0.321668777779154,0.289966026429405,1.7677604489638,-2.45104966190813,0.0697358066743391,3.24508640095346,0.675287853392807,-0.677096334427304,-0.222741128141729,-0.913786970583513,1.60333192308268,-1.0245020918608,0.0220452070437295,-0.940684674142594,0.484758940230455,-1.01692314354721,0.546589339675499,0.334970736976198,0.172105676221893,0.623590288019672,-0.527114316331261,-0.079214654387473,-2.53244529803097,0.311176714703215,104.81,1
59777.0,-8.25711081724667,-4.81446073955621,-5.36530689032661,1.20422986423394,-3.3474200965739,-1.33160147516446,-1.96789279857039,1.29543781710486,-1.67441524280437,-3.42605225253339,0.144562690111297,-4.28352931016896,-0.24089504151477,-3.65749040377527,0.923104767832095,0.844221069436753,-3.94831185243281,-1.8075159915996,0.105878827218844,-1.23398725720348,0.436390207477188,-0.077552722802211,-3.09162435615504,-0.390200885685448,-0.288688941339997,-0.340004217403437,0.0398191045440342,-1.00790031022705,319.2,1
129371.0,1.1839312092814,3.05725030538059,-6.16199733475256,5.54397248278589,1.6170413698223,-1.84800603824854,-1.00550810079405,0.339936724068817,-2.95980628236377,-3.8517216648754,4.51335526006987,-4.85831164395338,-1.76573419312819,-10.0062434296255,-0.439394416852874,0.574874856691221,0.188469552514539,1.64922352053836,-1.79673863123125,0.252571163759772,0.109184860912105,-0.931071823432774,-0.0641750404544211,-0.0070125201234796,0.345419478643384,0.0645577481719254,0.476629438597504,0.323740180557018,0.0,1
125612.0,1.88961791435199,1.07309853428207,-1.67801752213825,4.17326819444992,1.01551580609762,-0.0093890345376856,-0.0797056036973578,0.0640708218352963,-0.714516675807338,0.0422275201898101,-0.408402781057003,-0.929370065771482,0.0586863166856154,-3.51284546122181,-0.164612974126633,2.06985302474878,1.7333815808837,1.58075796212324,-2.33518537609962,-0.15357026465285,0.203727978494943,0.733795720552592,-0.0365597489616082,0.334305770703597,0.147171035637962,0.279556488222951,0.0316687807243937,0.0358833226413502,3.22,1
35899.0,-2.85716975415491,4.04560138120513,-4.19729878550198,5.48719863078843,-3.07077616787415,-1.42268633776286,-5.65131373987331,2.01965739455388,-5.01549098658195,-6.31970750896333,3.77960220775921,-8.07709364590223,1.4408888557809,-7.89190877856627,0.530452788364339,-7.9540700449952,-14.2650559534715,-5.7710644259128,2.8921696850147,0.981608721582294,1.08032273397717,-0.561384150324839,0.102678427260093,-0.0671947227831213,-0.476931194262915,-0.103716356143308,1.16696149168342,0.663632066947765,1.0,1
7610.0,0.725645739819857,2.30089443776603,-5.32997618300917,4.007682804682,-1.73041059025206,-1.73219256822244,-3.96859261813707,1.06372815344105,-0.486096552344833,-4.62498495406596,5.5887239146762,-7.14824263637845,1.68045074096412,-6.21025774661028,0.495282117814298,-3.5995402092184,-4.83032424210571,-0.649090120211694,2.2501232487881,0.504646226103286,0.589669127323198,0.109541319229913,0.601045276521079,-0.364700278220039,-1.84307769215194,0.351909298434892,0.594549978086464,0.0993722360416487,1.0,1
28242.0,-2.78724793061533,-0.0713403777285035,-1.50528777523306,3.36177713733967,-3.35742166883665,0.565834734346537,0.303653111125521,0.966914484943676,-2.24588195188782,-3.65142656863483,0.987277021963291,-3.83478156926117,-0.961354142524746,-3.18216808481143,-1.1260022842247,-2.95430081252595,-5.84121800175148,-2.91043029785417,-1.15585017273094,1.60739677185147,0.882940442444742,-0.246201930041865,1.75222678458672,0.219924964544368,0.15628169505776,-0.265894317684036,0.220694023253282,0.256076869786525,730.86,1
41413.0,-15.1404496225073,7.37804241221284,-16.356367356494,9.19493491430021,-13.4661632895942,-2.95843050082103,-16.1655386244192,10.0752539455532,-7.90182112627786,-13.0094028057641,4.82823533219729,-11.0584014244364,1.99812557552295,-8.59204740189288,0.540385309176116,-10.6157452968661,-21.0178983428443,-8.39739305199317,3.18355894967976,-1.69148198782553,3.14742810473234,0.341677595071206,-1.15016247089952,0.795189734964946,-0.194542181109758,0.145963568626439,-2.45868034756574,-1.18988788135128,106.55,1
163181.0,-5.23880773573245,0.623013013517624,-5.78450659224569,1.67888930740175,-0.364431871608896,-0.477294697773818,-4.27613150437269,-0.695172912010584,-2.97164438627248,-5.52913123107677,1.77950450310136,-4.83615901427864,-1.20899187512247,-2.90118981074214,0.281878305641659,-5.53954431982868,-7.2909602133188,-4.89776603568321,-0.30860899195249,-0.203269802188999,-0.326139919163346,1.50923868732044,-0.215966267193936,-0.245726907285863,0.893041276540073,0.865758089249014,0.854657016693772,-0.964482422283343,39.98,1
35942.0,-4.19407367570647,4.38289736244467,-5.11836337307965,4.45522984017686,-4.81262068168969,-1.22464470658392,-7.28132786701771,3.33224979453268,-3.6796585127756,-7.52436833681058,2.95434436554049,-7.09982534281257,1.52036890797685,-7.68780276684597,-0.225002021021292,-8.52085016639749,-13.2772997431934,-5.25370461976771,3.62333181402755,0.579098497681141,1.55047296606276,0.614572855219804,0.0285207917962781,0.0137043244720008,-0.149512012856955,-0.131686656095248,0.473934221832509,0.47375748155095,14.46,1
93879.0,-13.0865194204794,7.35214833905529,-18.256576111808,10.6485054461688,-11.7314764509112,-3.65916740569145,-14.8736579646075,8.81047267511276,-5.4182040716445,-13.2025771482197,6.35722736343626,-15.5316111795156,0.659694875353275,-11.4123295951252,-2.44757607431839,-9.83374302098841,-18.1746174349071,-7.269904593126,0.623796611777714,-1.37629840858733,2.7611570593153,-0.266161809571132,-0.412860724865388,0.519952215674181,-0.743908960008006,-0.167808225140728,-2.498300252188,-0.711066151912636,30.31,1
100298.0,-22.3418888868038,15.53613332478,-22.8652284959099,7.04337354768731,-14.1831291919342,-0.463144880408286,-28.2151120538009,-14.6077905214735,-9.48145633401495,-20.9491915543611,4.73958247105186,-11.9249546896802,-1.50141102577851,-3.83678146634435,-2.72032883823594,-8.88010567222989,-15.8251362851177,-6.75042522352437,-0.129188144339879,4.10001904830367,-9.11042257588182,4.15889482041313,1.41292844456256,0.38280067392155,0.447153952515532,-0.632816336434319,-4.38015425911661,-0.467862869164174,1.0,1
49985.0,-1.55421636788274,1.69422928947167,-0.903333638062708,2.42543608490852,-2.89978748492542,0.133028430446298,-0.286225919411127,0.555944559014401,-1.39491838156524,-2.89261176082088,1.96223597455109,-2.38526266137636,0.458337202321203,-3.72454345377605,1.84397832505056,-2.01392370780293,-2.81560029569659,-1.09229027232613,0.139687230416985,-0.0323343863075664,0.493436338989664,0.733393182273647,0.202349959595007,0.492053700892718,-0.183790909215829,-0.19991711985608,0.395200622125666,0.0276930320930062,360.0,1
146998.0,-2.0642397521399,2.62973923034009,-0.748406253034646,0.694992040498764,0.418177985610222,1.39251973416781,-1.69780121912626,-6.33306461223925,1.72418428025944,-0.887241636246378,-1.59425779202416,-0.338775118165825,-0.978064513351916,-3.68882599540221,-1.48708342266887,0.526946020771924,2.34702289955703,1.69122000470716,-0.736110693106424,-1.42448619962422,6.21551399149032,-1.27690859567394,0.459861127330875,-1.05168547489323,0.209178360382973,-0.319859444506001,0.0154338685560936,-0.0501165001659193,8.0,1
34521.0,1.08123377540659,0.416413936043849,0.862918740651629,2.52086280678918,-0.0050205000585141,0.563341022808024,-0.123372251574041,0.223121852791809,-0.673597550149872,0.644549730341658,1.1205051770709,1.23777331256672,0.342362114422749,0.0383719793321978,-1.19450308848281,0.0854063439558358,-0.219143226460215,-0.694259215394403,-0.655269928208246,-0.16524877677618,-0.159387123973102,-0.305154013019185,0.0536197364326817,0.0117614442207135,0.375145782072105,-0.106298753298543,0.0210082653765087,0.0105592082435436,1.52,1
85576.0,-2.20763091845218,3.25907610397605,-5.43636546967173,3.68473739367705,-3.06640091036945,-0.671323195313701,-3.69617839443207,1.8222724578951,-3.04965272773018,-6.35388725151755,4.35148149710451,-6.4532473302497,-0.0614319367541572,-8.44287285721034,-0.328820639839654,-5.44079518325917,-9.5180378916264,-2.43806861829455,2.33675362049059,0.808336360421968,0.920899033968287,0.0376745089378149,0.026753977510545,-0.791488823729947,0.176492777047381,-0.136312279131778,1.08758482385547,0.373833528935625,240.77,1
154309.0,-0.0829834650336291,-3.93591892431521,-2.6167089860612,0.163310074791927,-1.40095182767067,-0.809419404822953,1.50157983974791,-0.47099958719182,1.51974319879361,-1.13445381068391,0.71387764641859,0.979674835308759,-1.33903126624009,0.984993219111346,-0.382470968292812,-0.934615796103053,-0.0524194348357059,0.51116178431397,0.731998749113651,1.87861160253024,0.70267203994139,-0.182304775613767,-0.921016986180311,0.111635488151138,-0.0716222119619373,-1.12588109590433,-0.170947427341269,0.126221382847378,1096.99,1
148476.0,-1.12509160979577,3.68287614423407,-6.55616794880279,4.01673095104413,-0.425570577758505,-2.03120987003802,-2.65013722169089,1.13124935389728,-2.9468895392379,-4.81640080035747,2.15579608547647,-6.28512495176061,-1.12562538784098,-6.80009808768536,0.924933778626226,-5.23960438819297,-5.01790786864794,-1.34930885911419,2.8686028948655,0.452241310921092,1.18557978155236,1.34815612852908,-0.0536855730897001,0.284121984623636,-1.17446918218703,-0.0878322147402313,0.718789577961977,0.676215948809544,0.76,1
93853.0,-5.83919161928092,7.1515323543223,-12.8167600806187,7.03111476501099,-9.6512721679897,-2.93842725771624,-11.5432071690832,4.84362653179436,-3.49427572506535,-13.3207888671784,8.46024444901677,-17.003289445516,0.101556614891384,-14.094451660329,0.747030766392512,-12.6616957230679,-18.9124938172188,-6.62697484523061,4.00892074227194,0.0556838813863639,2.46205591127559,1.05486518382957,0.530480596078193,0.472669814042592,-0.275997967880675,0.282435024801752,0.104886020210564,0.254417096767513,316.06,1
102542.0,-1.45687631770562,3.74030556080113,-7.40451844591174,7.44096403590735,-1.5498779534738,-1.66169686169337,-5.75721301357641,1.61501101078404,-2.19488072574389,-6.80713525144464,6.82579316213884,-10.3997491177692,1.83644883978883,-11.872845098188,-3.6423925983095,-6.0441031440521,-9.75077638654123,-3.11637225405711,0.0653171492484702,0.529557330911833,0.957897451629944,0.145339479676781,-0.0447039008346728,-0.544961671329029,-0.757756535554721,-0.005352369235898,0.318152285707546,-0.323553622642371,2.28,1
35866.0,-2.04448868873478,3.36830621710984,-3.93711139061868,5.62311973109633,-3.0792320390481,-1.25347411822809,-5.77887959312275,1.70742815771205,-4.46710312294842,-6.0677981503786,3.83978771072745,-8.27784094846266,1.49391490811495,-8.41668121212274,0.792297928201949,-7.86265882647354,-14.5708366290177,-5.18538553288232,2.41438956859515,1.11202761894884,1.48359421639379,0.834310712862216,-0.148485620188757,0.0016688545232818,-0.0389957310939217,0.389526401954901,1.30023645611458,0.549940374167289,7.61,1
135095.0,0.232512476136408,0.938943680000523,-4.64777987861917,3.07984368774547,-1.90265531863884,-1.04140751952949,-1.02040664482631,0.547068603184495,-1.10599029357172,-3.52012767367189,2.07411645462861,-3.01077173816878,0.694977689554512,-5.38783122686352,1.778669797797,-2.93580442477364,-2.28557270821558,-0.237055632781029,1.97974707098703,1.14161507545704,0.911372759326949,1.04292865643844,0.999393887913078,0.901260455221573,-0.452093168108936,0.192959213794113,0.180859449380341,-0.0293153378913553,345.0,1
40919.0,-2.74048250153169,3.65809481979987,-4.11063552027473,5.34024166876747,-2.66677476000958,-0.0927818149405728,-4.38869880914515,-0.280132705503576,-2.82189458229917,-4.46628416302479,3.96979981229186,-7.34671678644283,-1.16331176961366,-8.22556891234807,0.82500183194645,-6.77286703365235,-8.81578542555918,-4.56885928410549,1.12659865645629,0.185325269832133,2.41749541196206,-0.0977119508973041,0.382154506973307,-0.154756519767143,-0.40395592644091,0.277894930235294,0.830061638644528,0.218690442242457,112.33,1
64785.0,-8.7444146436792,-3.4204679837707,-4.85057473189452,6.60684578567387,-2.80054617200457,0.105511583647205,-3.26980129883546,0.940377922978903,-2.55869060182863,-3.62477471396623,5.26786160380362,-5.58369692598496,0.173895592410693,-6.67997675520914,2.08419914311417,-4.3488914455328,-8.76078602293495,-3.40754854415232,1.33293006548133,-1.81831542477292,0.102912553839685,0.311626102287519,-4.12919549979785,0.0346387321763146,-1.13363123097119,0.272265246225774,1.84130726881613,-1.79636258672205,720.38,1
140293.0,0.95102521866626,3.2529263650346,-5.03910474036957,4.63241097983647,3.01450127957475,-1.34957013831981,0.980940271596384,-1.81953945591171,-2.09904890456221,-1.34755671450971,2.68057817990216,-1.4629451764881,-0.705397068056644,-7.44529583374444,-0.561331521951524,3.13965565883069,5.66542906834794,3.79031621184375,-1.90979861946686,-0.381443722292837,1.40452405829287,-0.760549175070266,0.358292341700385,-1.18594156446759,-1.28617671637574,0.0003653025161088,0.16966196162803,0.108275693217457,0.77,1
17230.0,-0.469326705102944,1.11145278248281,2.04100272504592,1.73159516277684,0.135146841769907,-0.0936251754891053,0.266155169970928,0.0829882363836626,0.58025540346041,-0.164562674892883,0.500376369958899,-3.0217601822032,0.924213260310925,1.50079377517002,-0.400282644242405,0.706047712602575,0.115114264650572,-0.0467958788933584,-2.54852159198286,-0.358708665630957,0.159387389394564,0.592669568808717,-0.0535961838321624,0.320747502076217,-0.36912075429213,-0.136604684929151,-0.100845186803931,0.03934714768212,3.93,1
133731.0,1.17663267315551,3.14191813880044,-6.14044483643302,5.5218205893507,1.76851488910857,-1.72718569844821,-0.932428910444584,0.292796545267059,-3.15682655843537,-3.89824038104731,4.77672033006624,-4.15249885001879,-0.472990802974345,-10.2588514782991,-0.533455591604466,0.458138563036142,0.167601789076859,1.4043108943267,-1.87401526330162,0.329567972643983,0.1293716296303,-0.803020814325114,-0.0740983557012839,-0.0310844052836625,0.375366225335466,0.0658967838964971,0.488257738746484,0.325871630319106,0.0,1
102625.0,-4.22122078925031,2.87112058054735,-5.8887158872207,6.89095207502484,-3.40489435037622,-1.15439396843915,-7.73992801001653,2.85136330092288,-2.50756869395709,-5.11072764247853,5.35088988417692,-9.29980722738699,2.79314035729228,-6.10655192524523,-2.10694702580884,-6.25062921491661,-13.5663252216994,-4.19278019670633,0.510570181831806,-0.227881506131312,1.62059124560534,1.56794700869044,-0.578007459600926,-0.0590448081819941,-1.82916881940751,-0.0724287202294822,0.136734308772186,-0.599847542493268,7.59,1
91407.0,-3.95120850670532,2.88180518239049,-6.42149029451106,2.43418142416554,-1.32732453838007,-2.12210598673342,-3.2275333300383,-0.68556047558208,0.775985124963588,-4.72309174576035,4.921657447038,-8.75277008726404,1.52019774197935,-8.5520227319441,0.351975957711389,-4.5340297530839,-6.46540863418339,-1.89030997911689,0.174840185624481,-0.669351428982036,1.41047856462921,0.279402820830601,0.570821171370176,0.65627101478476,-0.298600548903483,-0.407571358894306,-1.37870253026193,1.37913029153249,52.69,1
70071.0,-0.440095203221886,1.13723897606434,-3.22707975693117,3.24229293383089,-2.03399815309639,-1.61841464754635,-3.02801259904704,0.764554819893569,-1.8019372093973,-4.7117686842189,4.66325458481107,-5.17173460782892,-1.62407024790733,-6.71387819491558,0.607986267670607,-3.27520749888835,-6.8238312134789,-1.35530868624906,0.291250739005026,0.895840844006848,0.764186724577691,-0.275577693085964,-0.343571526478397,0.233084829252444,0.606433640125543,-0.315433462199896,0.768290751269875,0.459623327730251,227.3,1
143438.0,-5.25643383358625,0.364541282922338,-5.41208501568175,2.40003149118237,0.697301198779903,-1.99875502849663,-5.83553244176087,-0.887739383363895,-2.82828664079509,-4.61450773315675,2.71069667870109,-3.15815569757752,1.0836091478793,-3.41515194777416,-1.05387003179712,-3.75103073303678,-9.26164098662644,-2.95516522195402,0.606570797159568,-0.403684910413759,-0.648259076792221,0.511284975320154,-1.11004452267604,0.178986970607497,0.22023534750991,-0.699808550320153,0.580486716857456,-0.173629869645159,8.9,1
155359.0,-1.067713272294,5.26231210944906,-8.4385670664835,7.31648729995658,0.0082535729164869,-2.12593631959976,-3.3070357352934,1.86983752340028,-4.52258362448849,-5.17281182346005,5.59112619350265,-5.64041745782421,0.784510038605689,-12.0438056158463,0.353814874886981,-1.92055816814255,-1.87992827944447,0.679751299229409,0.797641375455208,0.821404548671474,0.547789786518153,-0.491959821843257,0.0559141341245579,-1.14536853471475,0.0689513455242996,0.535054734945035,0.539263072143882,0.124255055772618,0.77,1
54846.0,-2.98646550822273,-0.0008912294816884,0.605886830263541,0.338337780759695,0.685448451171472,-1.58195443740193,0.504206377175919,-0.233402618007887,0.636767742518801,1.01029102209398,0.0045179679664243,0.0443966388940644,0.420853062352676,-0.931614224984722,1.14797368277192,0.48306309357216,-0.152470829644753,-0.285666258848129,0.0725498490088206,-0.764274258309323,-0.875146363670133,-0.509848660993286,1.31391790371009,0.355064731381086,0.448551563224067,0.193489780350156,1.21458768687535,-0.0139228973515758,1.79,1
43028.0,-1.10964552515211,0.811069300236989,-1.13813532731484,0.935264670223385,-2.33024787785051,-0.11610605479739,-1.62198623466478,0.458027900124116,-0.912189159098001,-2.96199570179906,2.77896789639267,-2.37959961108923,0.918962784041379,-4.01578678027745,-0.530009790602772,-2.81588776765893,-6.6493577879714,-1.74611328389964,1.08340676372199,0.168890572541282,0.641593528333926,0.841754904759402,0.176727750810022,0.0810041184974676,-0.258898742565752,0.707654245320429,0.418648658517389,0.0807557537005394,204.27,1
76575.0,-5.62246941906299,3.48062317879011,-6.20067659397487,4.31123366835313,-5.22628632428769,-1.34176357284987,-5.22094094197327,2.68284353707778,-2.92148438224053,-6.56125741097377,3.21126387844398,-6.86166051434144,0.326461834627394,-7.7552536640417,0.50465219263742,-6.27661678567251,-10.6117146970978,-4.14677374512684,2.19728771323892,-0.156288522686099,0.949568986169808,-0.428985749759671,-0.35067550041691,0.197549503550848,0.15923422951036,-0.377790861014248,-0.213561786254573,0.459528918054306,219.8,1
135314.0,-3.15898973247843,1.7654516187093,-3.39016804993175,0.9874099790721,-1.50993036564483,-1.28095213137771,-2.71955696702151,0.718324816575686,-1.66018323527908,-3.8410981507899,3.28282460993431,-3.90687694585664,0.951367704021229,-4.89818303490097,-0.551999608913709,-4.78744841664753,-9.33432947229458,-2.58024865554763,1.50157346167502,-0.0225898632000452,1.12053278888547,1.60508518555367,-0.618637378199115,-0.251282996939273,-0.240527821958069,-0.0043267561942135,-0.2354773111409,0.0181292220019296,84.28,1
161154.0,-3.38760102859385,3.97788074139497,-6.97858506511079,1.65776584508859,-1.10049973277578,-3.59948697320315,-3.68665071042962,1.94225222492139,-3.06508926692316,-7.50955747436829,2.98962640655731,-5.99363242425938,-0.164740077677312,-8.38844296921614,0.0421289980360236,-4.13750050093113,-6.1039030730781,-1.9729278028075,0.434072536887008,-0.0043005898337158,1.043587159264,0.26218867442789,-0.479223920984096,-0.326638199739289,-0.156938590387884,0.113806571374194,0.354124259953911,0.287592125204715,0.38,1
94952.0,0.842025258809961,-0.365518405631879,-2.46406333105633,4.82088596439253,0.775505434320733,-0.614784604613805,1.36802439952459,-0.526261741999926,-0.121356446796038,-0.357616193093852,0.637766685379952,-2.81888227036892,2.36059541417279,-1.10869894034456,-1.44995109474769,1.57373987380152,2.20265154365361,0.800471466568041,-2.10358290329291,0.944915098074741,-0.110621878759425,-1.25780002613606,-0.324418362936717,-0.420020001036393,-0.219501077925226,-0.268872635957687,-0.144582319033867,0.104464060190998,571.48,1
47545.0,1.17671575912859,0.557090903443645,-0.490799622910899,0.756424293386678,0.2491915585394,-0.781870546568533,0.228750322026116,-0.0408400791377636,-0.432110564245139,-0.585778431385528,2.28193937592012,0.654566719272309,-0.310379432324912,-1.04370522504569,0.513750399321109,0.399177755263914,1.14313007770305,0.256013886486252,-0.511210088142662,-0.10277180482264,-0.0621660000083396,-0.128168129786567,-0.0401759895545737,0.110040347467026,0.437891432381746,0.368808854483266,-0.0182873480981415,0.0311734033163997,0.76,1
75851.0,-4.79366743133161,3.41891065333381,-5.07444453285381,4.03598694267746,-3.52787459906065,-1.92324150219959,-5.06598083804842,1.99688475994042,-3.09737916358313,-6.44720227383046,3.77557843937585,-7.49878345527601,0.231306922054262,-8.65826843157538,1.34330765668858,-6.17333085967808,-10.7080182544535,-3.50489419159365,1.88404425730219,0.342122343012083,1.16861781897539,0.289530903898366,-0.371888203724815,0.144761276597316,0.0847348250689305,-0.19743147093529,0.328671522253493,0.835394921353057,99.85,1
85867.0,-3.58696386180132,2.60912703784891,-5.56857720803735,3.63194695349796,-4.54358971050144,-0.15789907530677,-4.08912766842153,2.41730514407718,-3.23990097529344,-5.822449155685,3.36918605153883,-5.69192578583088,0.287371390782189,-5.41378669142638,-0.555549924912204,-5.86366171303999,-11.1432410242579,-3.48093955285599,2.79433340410919,-0.178533964286313,1.02442283357462,0.428756482022381,0.182032121144153,-0.534597882665306,0.16893349468844,-0.149843614233619,0.685517241438814,-0.299728379437129,310.42,1
102572.0,-28.7092292541793,22.0577289904909,-27.8558111336212,11.8450129100508,-18.9838125824286,6.47411462748849,-43.5572415712451,-41.0442609210741,-13.3201546920984,-24.5882624372475,3.48195180343701,-9.12834128617468,-3.00825547830858,0.796579962453559,-2.1022985205307,-5.66036644069929,-13.0327849564566,-5.39234917412895,-0.901040817847599,11.0590042933942,-22.7976039055519,8.31627543891357,5.46622995370963,0.0238542303884927,-1.52714472319428,-0.145225187134896,-5.68233823990698,-0.439133675051458,0.01,1
72327.0,-4.19873460983989,0.194120636801706,-3.91758567828042,3.92074784640417,-1.87548574659158,-2.11893292738694,-3.61444510993627,1.68788446543007,-2.18987113590881,-4.68423332514029,4.37690666362302,-5.00744082816051,-1.30474507803596,-6.19247526385522,1.00240426741391,-3.31693430074553,-6.18883415213498,-1.04041264854272,1.23304434947994,1.0033504305956,0.801312235949018,-0.183000576489906,-0.440386862411508,0.292539411877521,-0.144967421927777,-0.251743981877142,1.24941367428483,-0.131524643545312,238.9,1
102114.0,-28.2550528932108,21.4672029942752,-26.8713387797136,11.7374361361796,-17.9996302850189,6.0659013519233,-41.5067960832574,-38.9872627434095,-13.4340663182301,-24.4031849699728,3.40932261990014,-9.60826735632918,-3.07631796817408,0.240060357919937,-2.83667693195872,-6.594756991638,-12.9575309948449,-5.61352195004329,-0.248828402209821,10.4407179813405,-21.4537362781468,8.36198519168435,4.90911112135878,0.0983279449493119,-1.50873912052995,0.0087112904784173,-5.4078236392388,-0.183811044930697,0.0,1
92092.0,-1.10847821852891,3.44895257232738,-6.21697180605649,3.02105161812575,-0.529900931709915,-2.55137517507643,-2.00174290819286,1.09243237369483,-0.836098368778531,-4.09564897273592,2.42595071598052,-6.06726194524698,1.83243272022382,-3.50170251648822,-1.00400820464185,-3.5012811030282,-2.941876323532,-1.12574106196719,0.37371480785248,-0.0685983809223332,0.825951491439622,1.14416978988846,0.208559481945769,-0.295497424488562,-0.690232196243341,-0.364749075788586,0.229327220125504,0.208829891689567,18.0,1
35585.0,-2.01900071938148,1.49126972926361,0.0052218157286719,0.817253270463702,0.973252233873376,-0.639268312778292,-0.974072997078786,-3.14692889107659,-0.0031590736890201,-0.121653217684609,0.0243696057661544,-1.07381224038496,-2.00276910919169,-0.895433620751722,1.74893630108012,-0.103527023620705,2.03119574973193,0.31759835677742,0.38676063692414,-1.02996468249782,2.83959610796444,-1.18544284096841,-0.142811875801854,-0.0861029384113329,-0.329113253522425,0.523601226377288,0.626282771397878,0.152439938058669,0.76,1
148028.0,-1.05383960928927,4.36280068444382,-6.02353363697249,5.30453432323767,1.48073829836025,-2.19382145195429,-1.53081679187472,0.62685742392939,-4.03702140926181,-6.28542447506796,3.53614548208968,-7.95962843222551,-1.67342852339751,-12.4579989307142,-0.213884790193602,-1.42413127138773,-3.24368593233723,0.0599561084626287,-1.80233249695937,0.531574093184742,0.397954323754442,-0.945401782696661,-0.376137523247608,-0.220480420438516,0.264002964525927,0.0489347748109877,0.847219840332403,0.531931799394904,0.0,1
144839.0,-6.42330645645221,1.65851450876035,-5.86643956435658,2.05206440242466,-0.615816842763718,-3.37226571107575,-5.03655575494585,2.64310601464633,-2.27463004673333,-7.04922935969585,3.9168025570096,-4.48127959922503,-1.02747932747206,-7.11387278226069,-0.852775229881616,-3.83955997447082,-5.05600998750159,-1.34449753083319,1.14847293881065,-0.713515810779757,0.641210915884323,-0.256678382381229,-2.33723276414845,-0.158277898470348,1.19879744465828,-0.261257806694643,0.78012548401824,-0.731800816194097,0.0,1
58067.0,-0.264868683737295,3.38613996883911,-3.4549969895002,4.36762905773351,3.33606042827178,-2.05391842272465,0.256890458421417,-2.95723544083265,-2.8557972336327,-2.8084555425423,1.84750351109611,-2.4148223375383,-2.57322454244165,-6.5991261303635,0.123470382678038,2.57237180761341,6.60936580903842,2.53066979960508,-3.60265725092653,0.482513022122587,-1.39450379366468,-0.166029306744804,-1.45208118338289,-0.251814670710545,1.24346054282121,0.45278677690471,0.13221807596169,0.42459946550375,1.0,1
52814.0,-1.10184700698197,-1.63244121283891,0.901066556872515,0.847752885502341,-1.24909072939532,0.654936785498635,1.44886782586722,0.0233079125519542,-0.136742416820243,-0.150129182778684,1.17235508293037,-0.795988136674965,-2.13695096583302,0.578869439330842,1.4121147225086,0.0134668068434063,-0.119204381070058,0.826814373772222,0.476859902488945,1.23027784051309,0.610653920616913,0.835795006603528,1.17995542066426,-0.0290908864225033,-0.300895693792436,0.699174952578756,-0.33607170899039,-0.177586827857027,519.9,1
42988.0,-4.42350762703846,1.64804777413239,-6.93438785672913,4.89460056642244,-5.07813111998958,0.0108488776042783,-3.40909567897227,1.40929050029893,-3.26067152936237,-7.78135276287243,6.28337707847689,-9.65660635996176,-1.61913485478932,-10.7321089251086,0.288220764475555,-7.89812205175049,-13.5706825019333,-4.59023530005094,2.59017338411194,-0.562264103606392,0.698359061079766,0.487477720585547,1.22869827965959,-0.535217333195035,0.388278095984062,-0.0094656471517041,2.300164247557,0.0812314897144668,648.0,1
12093.0,-4.69679522444504,2.69386747884008,-4.47513271259153,5.4676845487781,-1.55675807549758,-1.54942028904253,-4.10421487278526,0.553934075416293,-1.49846813107494,-4.59495176285009,5.27550585077254,-11.3490285500915,0.374549235103921,-8.13869488434773,0.548570894168134,-6.65359434741365,-10.2467554066001,-4.19106626655491,0.991486122257293,-0.158970548660611,0.573898081112651,-0.0801627753981571,0.318407817148194,-0.245862202650853,0.338238431564141,0.0322706213908033,-1.50845793363219,0.608074682590101,0.0,1
58217.0,-0.443793956538852,1.27139528958141,1.20617786290079,0.790371244425149,0.418935334538855,-0.848375714713356,0.917690595034239,-0.235511404707869,-0.285692136421657,-0.867899742347565,0.614977120327696,-0.657947690982211,-0.948412031653891,-1.63514452424164,1.26320316314475,0.0685328870737372,1.32579410174258,0.376383480838994,-1.09619645414336,-0.0672050359210024,0.119278777095323,0.513479449681292,-0.264243409026182,0.443311288026016,0.0295163920697956,-0.335141048988331,-0.188814985117408,-0.123391459240302,5.09,1
97121.0,-17.9762660516057,12.864988563015,-19.5750661905691,11.3451198184298,-13.9986456031027,-0.35489996091484,-23.7834698823143,-4.87235340557097,-8.50428479375643,-16.6011969664137,5.56925817499418,-13.9322487527403,-0.204854827407058,-7.58102324741972,-1.01361239001659,-9.01481328062598,-16.0920320589503,-6.05014766257303,1.66102935873752,2.41992113013135,-4.30043186631826,2.8657718597682,1.48930201538756,0.386039288843108,-0.232391836340479,0.413826703027495,-3.25598090607432,-0.538963227046118,8.64,1
20332.0,-15.2713618637585,8.32658106147414,-22.3385905133352,11.8853128922128,-8.72133435613386,-2.32430694897567,-16.1964186599881,0.512881820424485,-6.33368515594745,-13.175198078736,9.93981974172569,-14.2254557039818,0.716033665192873,-14.0047761755606,-0.329447848153274,-8.0594194070953,-12.1220088158237,-4.79971013254961,0.686227163597458,0.993121017282391,-2.3568962794623,1.06801917704623,1.08561716724338,-1.03979707801119,-0.182006136246673,0.649920860777984,2.14924707788821,-1.40681133211222,1.0,1
62341.0,-5.26775974325256,2.50671895922695,-5.29092481764433,4.8861341982102,-3.34318841087649,-1.10008548506579,-5.81050918581537,1.72634335514407,-0.749277159995058,-4.83482799462627,3.54601225001006,-7.75128547808951,-1.19569394502348,-10.0185024459282,0.29639612212368,-7.47716172698803,-9.78580026201852,-4.24397714797126,2.68112678165858,-0.286043269744833,0.764265624858483,0.473261684078133,0.54848172305712,-0.15685005182413,-0.71018694460215,-0.366422677340972,-1.48676592030738,0.677664104601632,1.1,1
91554.0,-5.10025566317088,3.63344238024837,-3.84391862443125,0.183208447320966,-1.18399737637674,1.6021393332506,-3.00595315203476,-8.64503780175356,1.28545810732477,-3.71748137540216,3.71921153916465,-5.03402974701745,0.918999158233287,-4.22036591807154,-1.05049995739584,-1.69104526842648,-2.37242320724166,0.450098503348706,0.407805060819919,-2.80630192287329,8.28043932580154,-2.79714954096118,1.09070659271567,-0.159259597476933,0.532156369375709,-0.497125808167425,0.943621624807946,0.553580691756943,261.22,1
155548.0,1.87823003111341,1.32562957435462,-2.33346899289515,4.23315121365749,1.35518399558821,-0.853508247169998,0.716025067921391,-0.164909788991874,-1.50234450491057,0.259411077154011,1.45123754814542,-0.280523276849375,-0.756794072389194,-2.75755676655084,-1.70628501758252,1.58746039125258,1.92934969114042,1.18943290293776,-1.53016232603362,-0.226108020608619,-0.152130790009807,-0.360735866229707,0.0434144058266633,-0.242379535720923,0.171097766325585,-0.0026009879775509,-0.0266665673926497,0.0052376673818857,7.06,1
155054.0,-0.512348993642627,4.82706041999945,-7.97393924909553,7.3340585164719,0.367703644775346,-2.0551290853684,-2.93585569967936,1.43100813095171,-4.54472224374179,-5.25809597551632,5.71631869503674,-5.81040712597652,0.723292646283101,-12.2891333850899,0.378773196301938,-2.02073438121173,-2.03970261739192,0.658182927257658,0.832574035012694,0.804101330337598,0.535619750720892,-0.459495920284509,-0.0093636678425974,-1.1404357941897,-0.0064452687432379,0.527970329614587,0.55888099608345,0.126516761960086,0.77,1
46925.0,-0.481531150954278,1.05954227713479,0.647117402910268,0.905586233912649,0.81936824001549,-0.0911835663506086,0.504134851323607,0.161064336313081,-0.765053776949662,-0.55054534794377,1.48028602025778,-0.105359122514952,-0.804841454759319,-0.819901849432008,0.916881766469427,0.201150538864914,0.874890632270019,0.941476678511478,0.272698476205832,-0.0425151328862889,0.0706328691882125,0.192490772493404,-0.174659253437827,-0.438908072947488,0.239258996609831,-0.217823405004998,-0.0728522476980958,0.0104633125817071,1.0,1
40086.0,1.08369268125484,1.17950120574809,-1.34615039129229,1.99882440095464,0.818034176163642,-0.771419407716543,0.230307373480955,0.0936831311994367,-0.167594341704434,-1.95980925751416,2.80433477984687,0.312424168769405,-0.595976467281167,-4.66257695501824,-0.299515020029103,1.00141391934549,3.90282478361756,1.61960922680862,-0.888087464222472,-0.0601585380014646,-0.311999618117422,-0.639699711353317,-0.120249014807271,-0.180217694458199,0.609282565276013,-0.339524442352566,0.0967012906089022,0.114971915513805,1.0,1
155554.0,-1.04006722316026,3.10670266443901,-5.40902719870311,3.10990342442989,-0.887237039790953,-2.49752183582566,-2.07334746311485,0.639818099305764,-3.01333057190308,-5.9548382969224,3.58639450927204,-5.51714762692598,0.683652475018798,-8.5604228759795,1.85609491585409,-4.87824808848093,-4.33599801203682,-1.3771910852015,3.0573817418767,1.05439010295385,0.773960867519738,0.214868420362258,-0.184233022038014,-0.284091370881042,0.493466608549931,0.732328821135949,0.675066703315442,0.337076231470716,94.82,1
27784.0,0.288028928428076,0.965681439446855,-1.45949519977085,1.92186300234526,-1.91241402974899,-1.13028190025527,-2.81426265960526,0.648663224885543,-0.695262639845074,-3.46568908576121,2.35161910622909,-3.82670531942496,-0.767569849115369,-4.8528669146236,1.66486300420352,-2.61736133003734,-4.83555830647772,-1.92175160139324,-0.385884175181753,0.330916894188196,0.603127128021142,0.380690182113136,-0.0641251755885565,0.271380100640141,0.33721953478356,0.626155869423677,0.565124825956713,0.305925255390835,23.36,1
149640.0,0.754315925858731,2.37982185248504,-5.13727449343089,3.81839172249665,0.0432026520139663,-1.28545137361934,-1.76668362059541,0.756710661816359,-1.76572209782095,-3.26300672553831,3.59279683214404,-2.77234880583364,-0.0745336542111445,-6.28109364908023,0.165978009089423,-2.67917124597012,-1.38555652893852,0.249056748544312,2.3534526931986,0.369662961829814,0.397057600980957,0.141165218358707,0.171984534755456,0.394273775761011,-0.4446418368392,-0.2631890643687,0.304702950350999,-0.0443622747894533,2.0,1
36170.0,-5.68501341827133,5.77651621042963,-7.06497672861513,5.90271545151069,-4.71556383098609,-1.75563332378958,-6.95867914257843,3.87779518702774,-5.54152882782373,-7.50211219093686,3.67670318691664,-7.64298306727846,1.68986512270453,-8.29965953059956,0.646996364810759,-6.79279505972775,-12.075932061394,-4.88217964265137,2.62662452479163,0.299488632233821,1.12864107441301,-0.962959729230981,-0.110045083655872,-0.177733240766768,-0.0891754157062679,-0.049446723229275,0.303444581632884,0.219380438614266,111.7,1
94362.0,-26.4577446501446,16.497471901867,-30.1773174564996,8.90415677106517,-17.8925996927224,-1.22790388102871,-31.1973285494605,-11.43892041491,-9.46257260540015,-22.1870885620007,4.41999660154863,-10.5923050053728,-0.703795803703315,-3.92620731586873,-2.40024649210124,-6.80988994039049,-12.4623149481086,-5.50105078380738,-0.567939572890149,2.81224110932946,-8.75569832116533,3.46089334478551,0.896537503959012,0.254835536763482,-0.738096558530353,-0.966564233789852,-7.26348214633855,-1.32488430656137,1.0,1
154657.0,-0.679520574101316,4.67255275192187,-6.81479843997791,7.1435001202707,0.928653839059275,-1.87301315334323,-2.30668902092068,0.993701927710531,-4.94405415592679,-5.57641879575659,5.78365443891613,-6.11770391144604,0.61416484095298,-12.451498657048,0.42715247782648,-2.2558538072409,-2.12802655387511,0.706765028987081,1.09382579750391,0.872005531266124,0.566848531943877,-0.321691497752809,-0.281324568300744,-1.12025603826283,-0.0733943446607603,0.553530429860346,0.760541928111246,0.386741821030101,0.77,1
32686.0,0.287952771527529,1.72873464521162,-1.65217304572257,3.81354418795523,-1.09092715391318,-0.984744665624589,-2.20231792699069,0.555087932252191,-2.03389204830362,-2.73415555507211,2.36843367282003,-3.65680265130054,-0.169534683304731,-4.74441333023745,0.765192829294304,-2.47951355643698,-4.93111196829858,-2.54740252736051,-0.90268980289448,0.265250210286539,0.262201510185118,-0.633527564205563,0.0928910102678184,0.187612655556196,0.368708354409639,-0.132474029018571,0.57656075692479,0.309842705461879,0.0,1
41138.0,-4.59561704249556,5.08369023030901,-7.58101461744265,7.54603279503791,-6.94916456384443,-1.72918492987346,-8.19019171984817,2.71466961013434,-7.08316933143187,-11.1412776902967,7.38185937432083,-14.4686550955305,0.299659909360646,-13.602211465597,0.516112699650764,-13.5632729563133,-23.8156358284126,-9.17055721888169,3.66952343976659,1.68216030642087,2.24897122592187,0.566843572297808,0.0337440528595468,0.591783408003629,0.334228764687698,0.386801106292112,2.16389776726335,0.983103834042297,340.11,1
48884.0,-2.13905055735992,1.39436766175691,-0.612034894995233,1.04932705568948,-1.1621019076536,-0.768219363115428,-1.99723740081007,0.574996543366778,-0.98083177624058,-2.49561924548174,2.5555891530874,-3.53043627008024,-1.01623381526368,-3.45519657744236,-0.0563633864076254,-2.46773703008032,-7.14032596614864,-1.27128002161365,-0.0017219235416342,0.0254265126136498,0.696954881120808,0.740003045389771,-0.15511524943514,-0.0506074460808317,0.268368293338874,-0.469432841163864,-0.405813768055179,-0.152170846988601,19.73,1
93965.0,-11.3977267217611,7.76395304621262,-18.572307456296,6.71185525207739,-10.1742155991554,-4.39591833120843,-15.8937882429266,2.08301258152135,-4.9888371802491,-15.3460988468775,7.09318207259894,-14.9797547574476,-0.148288045224015,-9.93567958156078,-1.16199939019334,-11.6468338293624,-18.3838524599849,-7.40273080415809,1.94169681013401,0.208879130047717,0.339007373241803,1.34292261443867,0.239217367154604,0.534644166424257,-0.174964905765612,-0.500240426616998,-1.72206026726614,-0.574339363297002,11.4,1
150949.0,-2.42353450165791,1.65909255408015,-3.07142054904521,2.58803264715889,1.13579116985916,-1.89238797008871,-2.58841817664644,-2.22659241059214,-1.67017275749754,-3.50892466189359,1.43932206570096,-1.95992749618623,0.767484552459954,-4.97811801438515,1.05856598037874,-0.99747745136418,-0.817261404200648,0.307797600356998,0.0284845308917937,0.35389820280921,-0.934126824870286,0.922037918088262,-0.180255030944776,-0.281719118183751,0.299285024105003,-0.263801330349534,0.150155943031014,0.292112166465648,9.29,1
34684.0,-2.43923696855219,2.59145816263611,-2.84012564998452,1.28624391005241,-1.7770161908324,-1.4361387710222,-2.20605624197635,-2.28272485775905,-0.292885036315821,-3.71744992918956,3.90739912775712,-7.22000368560677,-1.21173934568755,-9.6576265944335,0.927517899548728,-4.73866234284944,-9.27663556929158,-3.08196108095709,0.17774563450317,0.513529864634298,1.77446009213068,-0.771389807551225,0.0657267026225069,0.103915744896627,-0.0575779255552146,0.24265246086543,-0.268649222026483,-0.743712586038479,125.3,1
20931.0,-16.3679230107968,9.22369194937548,-23.2706305232856,11.8447765860728,-9.46203714585895,-2.45044437416398,-16.9251520440555,1.38420847895884,-6.28773594816964,-13.0027093010697,9.69146098207319,-13.8865951585248,0.838361375836116,-13.5170724083842,-0.377910607106286,-7.85568149439455,-11.8038151924676,-4.76102594206856,0.618624412799665,0.993584598744375,-2.34367359429797,1.00460241382139,1.18821215709493,-1.04718376839983,-0.0355727659827232,0.664899774367373,2.12279575423083,-1.41674061492574,1.0,1
77627.0,-7.13906006793885,2.77308160372497,-6.75784506920828,4.44645597412376,-5.46442818500108,-1.7134014508064,-6.48536540922127,3.40939479860676,-3.05349271362056,-6.26070551479114,2.39416766551329,-6.16353737959229,0.60285052085239,-5.60634642932959,0.206621733749977,-6.52508103976033,-11.4083675448063,-4.69397773642436,2.43127449162965,-0.616949301183343,1.30325030896469,-0.0161181523663711,-0.876669888453567,0.382229800649027,-1.05462388774771,-0.614606036944453,-0.766848111948171,0.409423944116944,106.9,1
25426.0,1.12533553530785,1.13014648418496,-0.962975334759173,2.67568785863118,0.990074518469203,-0.243317741184431,0.316192138064781,0.122960131988498,-1.1433427947576,-0.369908966047961,1.83449419801385,-0.491243315415958,-1.12990700459946,-2.23862224442526,0.27846874170613,1.47792560308038,1.77645429510255,1.14928218583042,-1.30699464468423,-0.138813697509247,-0.166736918429935,-0.52193383894905,-0.112376257435029,-0.592076750460089,0.520791314299405,0.0433535805717847,0.0151590212632604,0.0636117222853327,3.76,1
143456.0,-2.00658175419571,3.67657741239774,-5.4638107839612,7.23205827524957,-1.62785946243328,-0.996754564165374,-4.29983258601582,2.26886675517902,-3.65106703430768,-4.40092985049667,4.21321289394162,-5.73781516761686,-0.875693366725877,-8.89372633557037,-0.56243377737014,-3.28178373472677,-4.3689859085708,-0.736733764663363,1.60929290421203,0.474414052771714,0.713906864071022,-0.0638675905141125,0.16794731876444,-0.449863968939219,0.0237020976105368,0.536905295464468,0.485864026565305,-0.0423934808851287,1.0,1
93853.0,-6.18585747765758,7.10298492227346,-13.0304552638937,8.01082339822486,-7.88523736131971,-3.97454999359808,-12.2296077786617,4.9712317023058,-4.24830701294998,-12.9654812039222,8.68830799242781,-17.1829184301947,0.0695769150313325,-14.1161560074304,0.959031717400206,-12.3753337375636,-18.716764511809,-6.52201457322122,3.51795494036344,0.483930108481186,2.50277241039945,0.481691289576756,0.480957977547458,0.360318638811951,-0.293354295977635,-0.199193157971208,-0.203917328209747,0.398927185850218,44.9,1
76826.0,-6.61629292560656,3.56342789803106,-7.05890129814843,4.28434595524384,-5.09629887292392,-1.76861780360559,-4.93755412732933,2.74845954534783,-3.79675959454545,-6.8254901042394,3.25959475409854,-6.94389061823948,0.43597516308899,-6.94701030902337,1.01100406527995,-6.16683742461485,-10.564346602529,-4.01018815310236,2.14350179519978,-0.54163415582255,1.21597610572025,0.0411777442210425,-1.05909770217904,0.275662062254882,0.057424927985318,-0.265838484019501,-0.514636936427821,0.388590269335523,254.76,1
166831.0,-2.02713542158538,-1.13189035724166,-1.13519425354743,1.08696263677666,-0.0105473464481483,0.423796701647855,3.79088017117747,-1.15559509817023,-0.0634335699320076,1.33441406239882,1.03201558219625,-0.722023081820061,-1.53323965243517,0.334119448067333,0.297478860324539,-0.429391896447094,-0.824644210487403,0.489667798839098,0.87334427153726,0.0338040154798561,-0.315104559619618,0.575519699616524,0.490842008633879,0.756502366364478,-0.142685358889407,-0.602776608703914,0.508712458871011,-0.091645525701271,634.3,1
139767.0,0.467991939825149,1.1001181155631,-5.60714499999017,2.20471352581391,-0.578538842835423,-0.174199760931247,-3.45420147180469,1.10282268929697,-1.06501551547524,-5.41603688884657,4.49792897288062,-5.01960988798824,-1.01969120130359,-7.91498900748283,0.669648023350281,-4.47201433366572,-5.8569977597527,-2.2431779037749,-0.17381402447058,0.589574721718141,0.983480729453912,0.899876105807612,-0.285103424654105,-1.92971710448514,0.319868526124677,0.170636428415686,0.851798305715368,0.372098282227753,120.54,1
84789.0,-1.43086372778891,-0.802528699267131,1.12332029999445,0.389760264731692,-0.281213534404278,-0.055123492429819,1.32623248909333,0.195699815379613,-0.546889550453909,-0.71347376073502,1.27462907751277,0.0236821347785728,-1.52169610821701,0.727242085814848,0.166504662441577,0.348037591565135,-0.5663900830288,0.216016101767291,-1.14037564250718,0.634184289933654,0.325575470468413,0.0140018451191784,0.844946015847872,0.114962884542335,0.156364810543393,-0.619437446641754,-0.120351072821334,0.0355941733717493,354.33,1
8090.0,-1.78322883722709,3.40279371307631,-3.82274226552205,2.62536815276644,-1.97641541136284,-2.73168901231308,-3.43055914949085,1.41320351399318,-0.776941494554916,-6.19988176274188,4.36671348631445,-8.24326243368313,0.345761165232579,-6.59055029705192,0.265576095932165,-3.02845238846152,-4.21448627485607,-1.21360784773725,-0.265421595374812,0.364089115014408,0.454031931736316,-0.577525824201459,0.0459665375362652,0.461700017592254,0.044146161217817,0.305704433918549,0.530980986346765,0.243745598122111,1.0,1
157207.0,1.17075621526687,2.50103820829712,-4.9861592332247,5.37416005823382,0.997798392058317,-1.25900447846418,-1.23768881403143,0.358425624933301,-2.61248850396066,-3.06472953093127,3.48060170327307,-3.73515295429888,-0.594777601745956,-8.22995199210048,-1.47609403608015,-0.408470612919959,-1.48128347210329,0.347626692232083,-1.16441437126035,0.227618255472955,0.123145442805288,-0.713201110003824,-0.0808679133866204,-0.964310260780621,0.338567587684323,0.068629851804667,0.481587901111279,0.268225854368505,4.97,1
41308.0,-13.6807603221285,6.99038924197379,-13.7700011356219,8.694896899191,-11.4269679730732,-2.91984498997907,-14.5945615876748,8.62290473620712,-8.09069700355941,-12.7806339362021,5.3306013514672,-11.898065148453,1.59599290197592,-9.56016927087188,0.596403762858148,-11.3809956026059,-21.5368016259059,-8.48535580519493,3.51761050964655,-0.877391609905133,2.98955250855903,0.497598716647637,-0.509290299460639,0.732503456665873,0.280527953637944,0.280037142108891,-1.40668683562971,-0.663643363595055,0.76,1
56098.0,-1.22966891678814,1.95609915073809,-0.851197959645561,2.79698655025108,-1.91397684079333,-0.0449344462262948,-1.34073935355915,-0.5555479867039,-1.18446766006311,-3.24510859732028,2.33832327000211,-2.82004218823068,0.763325773164453,-5.41958986916794,0.0414327925041231,-4.18075778829053,-4.2850705920981,-2.53645157282245,0.93023918577297,0.270459255150975,1.20805425987967,0.277611797272191,0.0192658003152734,0.508528831195383,-0.201182897226566,-0.249600419347595,0.562238742839488,0.0753085014191344,170.92,1
14073.0,-4.15301449873357,8.20479650456012,-15.0317142097481,10.330099825448,-3.99442609736294,-3.25001318447365,-10.4156978119079,4.62080391044331,-5.71124797098224,-11.7971810675777,11.2779207278067,-16.7283393320915,0.2413676825577,-17.7216383537133,-0.387299923381284,-10.3220166783853,-13.9590853730538,-5.03071003831832,1.19726633504633,1.41262488019492,1.97698839609887,0.25651048717528,0.485908106513804,-1.19882131436036,-0.526567394687845,0.634873502483478,1.62720907623952,0.723235068518316,1.0,1
7672.0,0.702709900098753,2.42643280600508,-5.23451329584052,4.41666124290876,-2.17080621591773,-2.66755356121463,-3.87808845483572,0.911337122229195,-0.166199039175942,-5.00924850212751,4.67572941865677,-8.16718805173089,0.638559282180499,-6.76333439062322,1.29686025605627,-3.81175840977789,-3.75412806618729,-1.04917740227906,1.55419726345897,0.422743129198702,0.551179689117248,-0.0098023573132531,0.721698230069415,0.473245751402033,-1.9593037711687,0.31947554010746,0.600484916486359,0.129305225096566,1.0,1
42247.0,-2.52401156950864,2.09815186657166,-4.94607520997003,6.45658840962748,3.17392137712693,-3.05880605463133,-0.184709664717417,-0.390419986932457,-3.64981179874133,-4.07758540918968,4.38921350258246,-5.84955800710779,-0.750964374574877,-11.5838983872121,0.838750052957938,-1.4610292465747,0.635694232941605,0.390150149131876,-1.06302761603247,-0.162797482259592,0.0279349679314103,0.2203664412615,0.976347942245667,-0.290539415419797,1.1610017911475,0.663953624390758,0.456022723280535,-0.405682084802192,1.0,1
160791.0,2.13238602134104,0.705607819703042,-3.53075873641584,0.514779310643757,1.52717469821568,-1.71626826866624,1.13279092955315,-0.574214355395823,0.128903890816348,-1.00080505203989,-0.191190536963042,-0.323794189703165,-0.572455950927237,-1.42206385294204,0.314684199046673,-0.387162054366978,1.73474160368315,0.610975987993976,-0.221267207742386,-0.211167179112658,0.163739121720823,0.703910440133969,-0.24507615703343,0.460049173768465,0.920280992581626,-0.216585741807507,-0.026218563758315,-0.0250012963633226,1.0,1
40892.0,-2.14051149219032,4.10487145129475,-8.99685940156949,4.02839095079544,-5.13135934640223,-4.15356844523859,-9.36009513383968,1.92207487977653,-4.02618037499445,-13.6913151328525,9.09528815249629,-14.1681208819376,-0.140455389751523,-17.6206343516773,1.48274041096936,-13.2568330912778,-21.675483501012,-7.82346881553754,2.9951111673215,1.72557761649372,1.85426666080646,-0.165533725878965,-0.339938978813788,0.296313762529247,1.36422533027428,-0.518995630979066,2.35233346525926,1.13062483533989,0.76,1
76845.0,1.141572041228,1.29119504187036,-1.43290045302393,2.05820222243243,0.940823737515849,-0.958273875563986,0.391154204412105,-0.0925192025989645,-0.0328285936060586,-2.15530254380865,1.0804386160969,0.0444153214634158,0.441176590070526,-5.05382476474338,0.315185256694669,0.821195361600931,4.02736603913411,1.07797898032715,-1.10727585500251,-0.0059125766066523,-0.366507064917023,-0.714464900739845,-0.14391066716844,-0.305177619493244,0.697514060032721,-0.312544722619217,0.106247471401345,0.125059863331359,1.0,1
142280.0,-1.16920341321234,1.86341353532436,-2.51513548140496,5.46368064632147,-0.297971322569218,1.36491803995482,0.759218697057941,-0.118860976595472,-2.29392142249704,-0.423783865294484,2.37587561688329,-3.24482729860534,-0.556619004651202,-5.15247483394519,0.0509063245131081,-1.02204502568313,-1.64650484628376,0.126459752723905,1.81901276401306,-0.299374112945613,-0.393089990476079,-0.708692350094872,0.47130870257521,-0.0786160465959469,-0.544654650975683,0.0147767561333222,-0.240929959465545,-0.781055195837041,324.59,1
70536.0,-2.27175453696818,-0.457654560738072,-2.58905463865543,2.23077826688105,-4.27898250263823,0.388610079538804,0.102485457456358,0.813127838070308,-1.0929208385062,-5.03202838566819,3.51034756034463,-2.22739840581069,0.656823927974733,-5.19918574342056,-0.128311029598493,-3.94352099869908,-3.82052232662867,-0.570821093891663,2.78338340771804,2.28575790271371,1.09634200952947,0.658398654570846,1.71167573455248,0.333540036403021,0.538591373646869,-0.193528512332835,0.258194100840055,0.247269213953463,824.83,1
131024.0,0.469749517487831,-1.23755547027318,-1.76734061589655,4.83349012798216,-0.268714558636067,-0.512759848060542,1.14014880560033,-0.341272999527881,-1.04635098398312,0.0856615347524881,-0.0001211803349648,-0.0543808429292316,0.736191603337369,-2.30664478783159,-0.464003364440401,1.67272279973602,1.1657365409567,0.561322707439286,-2.3007976756963,1.27731503401271,0.30390531321967,-0.647075252164857,-0.373013646280577,0.260801138202008,-0.496566411774464,-0.245972762320847,-0.117857668735614,0.144774180519932,723.21,1
115691.0,-1.55027271502021,1.08868850191044,-2.39338766218981,1.00873271714408,-1.0875618874048,-1.10460238189499,-2.67050327670088,0.147654676391109,-0.978625549290056,-3.51413330486723,3.58604242366444,-4.05335784837839,0.862426024955809,-5.76582302154173,-0.507511029549388,-4.92186514350783,-9.56726769048681,-2.77297411117016,1.71709526842855,0.327490457262181,0.802316031461701,1.03710478869922,0.0958154204904633,-0.320190913384423,-0.0807306312824349,0.0910116872058309,0.0249284934943241,-0.0778199786198624,17.06,1
156685.0,-0.129777610843349,0.141547455482355,-0.894701869697703,-0.457662244561315,0.81060798093987,-0.504723385101755,1.37358754607199,-0.20947645080755,0.208493953635169,-1.61361833850235,-0.800150416391868,0.501435242117417,1.11801432626547,-1.81638414654661,-0.681282550845059,0.105946450120805,0.716591309767583,0.205284622719977,-0.0513220971157383,0.399447041317156,-0.0326432954176307,-0.246526436107371,0.484107764666265,0.359636576631937,-0.435972450825985,-0.248480311517488,0.0215269254860304,0.109191896780292,187.11,1
100223.0,-19.6418567335974,14.7063346696674,-22.8012376947782,12.1146718424589,-14.898112530969,0.840777704221173,-28.0112929096778,-11.9196388199434,-8.9609216998511,-18.9132433348732,4.971248707036,-12.6863075224956,-1.07144311342478,-7.38337003956967,-2.99243029925503,-8.58230865037102,-13.8065681285297,-6.00035879778826,1.42263161326029,3.83464904792346,-8.22887409813848,3.31817776987025,2.58521234602075,0.195008569338351,-1.19480304002391,0.0384229399473607,-4.12674625203028,-0.645329219040983,2.28,1
94141.0,-13.5120737201635,8.21517673687939,-16.5826057272747,6.20736889019759,-11.3184715177058,-2.99720698778128,-17.6404704062016,0.0403490750758574,-5.62023218946632,-15.1237521803455,5.93465734341534,-14.1750301634055,-0.169044491655796,-6.55255368427192,-1.57000723316824,-12.1725530183154,-20.1645422294456,-8.66881519685045,2.55087034384644,0.694574465326517,-0.907905601256761,1.5140282763652,-0.141879203311202,0.789185965955202,-0.0313427677694401,-0.255056581600699,-1.86583088908172,-0.442204311521227,45.48,1
150139.0,-6.68283191622627,-2.71426804459821,-5.77453045690806,1.44979237466742,-0.66183640822251,-1.14864974026029,0.849686456067088,0.433427022470355,-1.3156463890999,-2.79633153858609,-0.448793725596362,-2.56260240774572,0.243482526844698,-1.18166939064494,0.004372871675287,-2.3025956900034,-4.446191868553,-1.71046314846621,0.982728632705372,-1.92852719254856,0.22052629481591,1.18701320438743,0.335820816532534,0.215682964100827,0.803109991522633,0.0440333423786634,-0.054987627978561,0.0823370925160337,237.26,1
56650.0,-8.7620833940977,2.79103028235041,-7.68276685719257,6.99121396498416,-5.23069545140333,-0.357387950702527,-9.68562145610769,1.74933494530821,-4.49567886484426,-7.86450647898838,4.77414774007074,-8.24589788162945,-1.33349186005079,-7.97425052332349,-0.39879894749855,-7.24434047432354,-12.7600939511044,-4.82474022298701,2.83699299496563,-0.460389538640294,-0.0905267878788197,0.34858962816605,0.0511323900482543,-0.41542987238242,0.219665266254896,0.330020364891881,-0.0282517554687547,-0.156270272972183,7.52,1
41243.0,-10.9407391093978,6.26158585106885,-14.1823387841287,7.18360208606589,-9.95136334372547,-3.86082033664669,-13.5473021949163,7.09647164642187,-6.29402944276594,-13.6081431627279,7.12716532148781,-12.6110036871047,1.21455639781013,-13.9062968240505,1.51406990634864,-11.1257390593549,-19.7162573051191,-7.5527890897252,3.65678707068496,-0.0883420818722748,2.26744826134981,-0.492029167950335,-0.239302865923644,0.454368210214217,-0.101611062526814,0.446996732737119,0.062292646721181,-0.439769899530758,45.49,1
65728.0,1.22761441351286,-0.668973794096954,-0.271784826118016,-0.589439741635524,-0.604795004349645,-0.350284967097775,-0.486364540645055,-0.0108086285956747,-0.794944156080669,0.264544748886681,0.881268050432366,-0.324703760782435,-0.263263800489225,-1.11273543930467,-0.540849503339651,1.53341124817574,0.831442610720144,-0.473346676550517,1.19012126352217,0.273799209937263,-0.0260547222626376,-0.295254768133076,-0.180458520061445,-0.436538663158256,0.494649059264358,-0.28373826696629,-0.001128278642713,0.0350745013143425,98.01,1
8408.0,-1.81328048476897,4.91785071056565,-5.92612969400656,5.70150043141163,1.20439257214362,-3.03513754815611,-1.71340206347108,0.561257390902032,-3.79635425171163,-7.45484065078351,7.38805512292025,-10.4752286504099,-0.379314526756117,-11.7367291212569,-2.08698895215593,-2.44235398293755,-3.53552351168246,0.130360306640887,-2.07145048844325,0.576656033332069,0.615641835107552,-0.4064272753179,-0.73701807643754,-0.279641772215917,1.1067663744335,0.323885477719453,0.894766671515833,0.569518600269514,1.0,1
34687.0,-0.860826892469905,3.13178963278262,-5.05296813449749,5.42094070941518,-2.49414141557203,-1.81128662834635,-5.47911745062699,1.18947198655298,-3.90820579292615,-7.06074618169306,4.72997415443333,-8.62905440849263,1.17879796289388,-11.1820634139742,0.445243112696547,-6.53298227788478,-13.3892507167674,-4.48041256680694,0.432054206519352,1.0857595200589,1.19269353963797,0.09035581053399,-0.341880850908644,-0.215924151333767,1.05303194615504,0.271139003495332,1.37329957704625,0.691195095871691,19.02,1
133958.0,0.523819919016188,1.53170785726036,-4.17639013427384,3.58461483133399,-1.0239540327136,-0.502471057563059,-1.89196555656987,0.878416852102108,-1.54194215137035,-2.64940583024547,3.21163365301808,-2.58749931359948,0.257070951089721,-4.68380643176166,0.912636545134862,-2.6957897292607,-3.03516584667273,0.0968148690279061,2.06569197047395,0.621803834572887,0.851859435194308,1.17692695536704,0.453553280805087,0.485211207096414,-0.500686838721807,-0.10828410995489,0.269476548870234,-0.0632454644135228,130.21,1
6986.0,-4.39797444171999,1.35836702839758,-2.5928442182573,2.67978696694832,-1.12813094208956,-1.70653638774951,-3.49619729302467,-0.248777743025673,-0.24776789948008,-4.80163740602813,4.89584422347523,-10.9128193194019,0.184371685834387,-6.77109672468083,-0.0073261825777121,-7.35808322132346,-12.5984185405511,-5.13154862842983,0.308333945758691,-0.17160787864796,0.573574068424352,0.176967718048195,-0.436206883597401,-0.0535018648884285,0.252405261951833,-0.657487754764504,-0.827135714578603,0.849573379985768,59.0,1
149236.0,-1.37097577264543,-0.0254646126717458,-2.77490691587532,2.65053018469314,4.5113092908958,-3.28934368164807,-0.118841441826044,-0.0142794452575209,-0.932772843574534,-2.63744174460075,2.85877650156878,-0.553179939159781,-0.758491998019469,-6.45502910306118,-0.154020882316443,1.32383297549701,5.5802092523309,3.29368759380439,-0.13769358207354,0.701291826581395,-0.0480610880626297,-0.59935003028155,0.0721929949962486,-0.600351420040195,0.371330623587411,-0.370950985387369,0.0119702494393591,0.145895338821258,1.0,1
48533.0,1.24384844934819,0.524525772902587,-0.538883626044331,1.20919597418592,0.479537596763788,-0.19742873374782,0.0491662598481355,0.0377916321310988,0.128118590882765,-0.552902906422504,-0.668358831257417,-0.818803693746743,-0.883832091051869,-0.994580854433906,1.50684875024006,0.62400331534091,0.705794271683871,0.524181774270524,-0.73174984602915,-0.171540654731681,-0.0516598862539047,-0.0840894090242923,-0.192846388954053,-0.917391985542652,0.681952813037122,-0.194418574345634,0.0459171449577401,0.0401359980627264,1.0,1
148479.0,-1.541678492331,3.8467996764866,-7.60411417332843,3.12145858452036,-1.25492417272895,-2.08487507838532,-2.38502692521029,1.47113982318282,-2.53050724987995,-5.17565967956169,1.92718574923744,-6.01115469172088,-1.19560144211912,-6.74556131619148,-0.0580910805508333,-4.3251322468452,-5.55806727496643,-1.58053122025709,0.971906321717639,0.114760087792356,1.09640466568909,1.0642221648192,0.0653703316207609,0.257209437635477,-0.693653969054163,-0.335701711683891,0.577051520346345,0.398348367999506,122.68,1
134766.0,-0.0796525365521887,3.22201046223725,-3.7242013893074,6.03734512826846,0.583394746331946,-0.691346179707007,-1.79988483348006,-2.62778128431688,-4.00133786259094,-2.27152578398956,1.51389817939856,-3.68294346446482,0.185830426148668,-4.69278763834241,0.247495674947084,-2.68188105082889,-2.28614467887841,-1.04884490280911,0.994829500437418,1.1985372847387,-0.664694294683722,1.13855644649209,-0.350753364122197,-0.287467300585566,0.808889022979463,0.823961705381379,0.668496565754242,0.595609828713858,1.0,1
55760.0,-6.00342167645829,-3.93073139597263,-0.0070454551172806,1.71466918264498,3.41466660221529,-2.32958262254194,-1.9015116901208,-2.74611109114189,0.887673207764977,-0.0492328559624844,-0.153131026660117,-0.814309846145704,-1.89479558623308,-0.83148260879597,1.38728869521525,1.18890675852063,0.536817322665437,-0.0514032140040002,-1.23138550165184,-4.12818582871798,1.10167131666753,-0.992493706726384,-0.698258928361953,0.139897673540465,-0.205150795631722,-0.472412262665941,1.77537805651063,-0.104284625925588,311.91,1
26523.0,-18.474867903441,11.5863805198184,-21.4029168131391,6.03851541556808,-14.4511581398683,-4.14652350569915,-14.856123673178,12.4311404723263,-4.05335328722588,-9.04039624894471,5.96620250720685,-8.46396612952571,0.0786921317878341,-9.09253265181295,0.0108220973904713,-7.1863755078292,-13.7974745003699,-4.95849390971089,1.32116655982617,1.5779244011474,1.74113559593371,-1.25113794883836,-0.396219126116475,0.0957055555718895,1.32275094272025,-0.217954564863573,1.62879253147016,0.482248274865402,99.99,1
41204.0,-8.44028396323147,6.14765332384605,-11.6837061588856,6.70277957100753,-8.15583929706995,-3.71626415558662,-12.4073130564101,5.62657129554302,-6.23216089363823,-13.3866834395246,7.60555947435276,-13.351815018081,0.827049642773684,-14.9794773489142,1.53281308437662,-11.7714969677127,-20.2992165093576,-7.60911006016911,3.80913643570604,0.520732330180873,2.19285541971989,-0.282596814624446,0.0080684981124645,0.403858336982018,-0.0187883930291726,0.522721636106603,0.792690689790115,0.0677895462043786,30.26,1
125200.0,-0.769171691743673,1.3422122564916,-2.1714541366788,-0.151513299728476,-0.648374467317641,-0.973504253142134,-1.70665765414268,0.313744516691369,-1.98230184657376,-3.15812700566592,1.3415717221686,-3.29947236985172,1.24764737362737,-6.39337284276668,-0.0532048016171774,-3.25804634128955,-3.34889609796046,0.217330714330335,-0.917407954929339,-0.102294252090737,-0.0361222946216654,-0.753591202726119,-0.0471133973013113,0.358492767536875,-0.287406815695466,0.476505957022081,0.250530561357973,0.250987222920341,40.0,1
93824.0,-3.63280894927825,5.43726336227612,-9.13652148062595,10.3072263079132,-5.42183029451154,-2.86481514933136,-10.6340876212042,3.01812657999175,-4.89164032107494,-11.2350479111446,8.78878366710272,-18.5536970096458,-0.339533407676443,-15.6231873302985,-0.188978574214972,-12.4279613630565,-20.1590474539227,-6.88889109280947,2.58609321670737,1.35406479520345,2.30988016889674,0.978660126299279,-0.0961301444473713,0.432376722544823,-0.435627929953396,0.65089278643537,1.69360750804844,0.857685371687245,8.54,1
45501.0,1.00199171536791,0.047938380305255,-0.349001552412107,1.49395843665091,0.186938875230095,0.190965634380865,-0.0011121042259357,0.147140194715723,0.580415339651519,-0.792937990748917,-0.984171728067149,-0.567380064895921,-1.10559224967424,-1.38121354248053,0.405490421163411,0.279890165223202,1.1321602098483,0.0929929763441439,-0.298920455435975,0.016003673251105,-0.334417439439,-1.01431467260935,-0.128427315817252,-0.946241837638308,0.456090274720588,-0.453205972393371,0.0466270924243456,0.0646983543716214,105.99,1
152165.0,-4.67323076642011,4.19597576169878,-8.39242279138696,7.74321514676806,-1.13880348895329,-2.09489915490422,-3.83948656727606,0.543053447590367,-1.52844823748652,-2.32511344137919,4.3557700196603,-8.66303057554101,-1.15399252804132,-13.4817046750119,1.20845385727171,-4.28795983864998,-5.65176527245489,-1.23588925526129,1.08013289303778,-0.180278730628939,0.55418499648198,0.656075670157296,0.482417262428348,-0.624399456794724,-0.296288558436571,0.374802036063765,-2.6785437691689,0.412367567109485,1.0,1
146022.0,0.908636658181293,2.84902401493181,-5.64734296336341,6.00941477810058,0.216656395035464,-2.39701442397293,-1.81930788593969,0.338526987742346,-2.81988277297887,-4.06309810827338,2.94119009271712,-6.15136219091534,-1.98952853525001,-9.15095100562097,-0.604289998808266,-1.95229039984463,-2.89255533222526,-0.912057960709434,-1.56373996709776,0.241921294746754,0.407260461266497,-0.397434852530952,-0.0800058534116311,-0.168596545191964,0.465058497798457,0.210509756241616,0.648704799002062,0.360224330288316,1.18,1
69394.0,1.14043132434726,1.13424300279892,-1.42945474072655,2.01222598912655,0.622800198240135,-1.1529230868157,0.22115947772768,0.0373717733484629,0.0344859259841517,-1.87964382107016,2.19166507997652,-0.487849732811135,-1.75713709936308,-4.46105120749925,-0.402884205654366,1.4109171085787,3.61925125200524,2.28492676267757,-0.443999191918561,-0.0997118777920308,-0.367136001490949,-0.891627120817809,-0.160578066799212,-0.10832596200032,0.668374321480191,-0.352393242949003,0.0719927692746503,0.113684370071235,1.0,1
26833.0,-20.5327510764355,12.3739891389716,-23.0090029136283,6.14482097803751,-15.5872960035928,-4.38449066917613,-15.9390026942523,13.696416119399,-3.94845491908543,-8.78972336330438,5.61234710799626,-7.91442236630349,0.307819968365149,-8.32860088836825,-0.0069792945896379,-6.82452417207669,-13.3160791903173,-4.9216120866876,1.18820420779718,1.59275393136331,1.75460760918813,-1.46611525253641,-0.85677863566488,0.125776576475404,1.40258698975375,-0.223754856770293,1.57424873519633,0.469200693158523,99.99,1
7519.0,1.23423504613468,3.0197404207034,-4.30459688479665,4.73279513041887,3.62420083055386,-1.35774566315358,1.71344498787235,-0.496358487073991,-1.28285782036322,-2.44746925511151,2.10134386504854,-4.6096283906446,1.46437762476188,-6.07933719308005,-0.339237372732577,2.58185095378146,6.73938438478335,3.04249317830411,-2.72185312222835,0.0090608363953452,-0.37906830709218,-0.704181032215427,-0.656804756348389,-1.63265295692929,1.48890144838237,0.566797273468934,-0.0100162234965625,0.146792734916988,1.0,1
17838.0,-5.18787810836635,6.96770866359565,-13.510931139095,8.61789514115238,-11.2144223939458,0.6722478387604,-9.46253281088355,5.32870420774381,-4.89700552817542,-11.7868116556041,9.36907905765884,-15.0941631493865,1.25637700700759,-11.8521613037824,0.274429814172421,-10.6882417917386,-18.3888105354245,-6.89884013301839,2.38280793552097,-0.623737291574186,2.08608300107406,0.760190240866359,0.716805785858217,-0.646743429628277,-1.61704292571624,0.172346889503238,0.626646780979254,-0.169726031129409,766.36,1
40276.0,1.15937314510686,2.84479469928473,-4.05067950821309,4.77770088131929,2.94898004123771,-2.01036111013216,1.74408581794948,-0.410286521869204,-2.45019774688553,-2.04216786301424,1.84409317018026,-2.42593281501277,-1.5842751343556,-7.2083115791564,0.459828383286257,2.37529619792022,6.4435098643744,2.59184606301795,-2.88977035831304,-0.059264385833904,-0.176541018596848,-0.433469859425429,-0.529323202003731,-0.597019604985794,1.33595405267787,0.547092070642555,0.0099789442639121,0.160769150049196,1.0,1
77171.0,1.11855963468941,1.29185826269199,-1.29880532614411,2.13577170090141,0.77220369761071,-1.14729144173341,0.390577698285265,-0.107072317539989,-0.0383392686455211,-2.15251889070952,1.35275258963919,0.092848590126307,0.273152694590986,-5.01220235869184,0.303552415334761,0.731437272149243,4.15208557256771,0.985358288437165,-1.22925431837217,-0.0235757902669068,-0.346373779572415,-0.663587986293548,-0.102325808556082,0.0179105750224893,0.650301613577378,-0.332365629546077,0.105948676665863,0.12812372864866,1.0,1
93856.0,-6.75050851563533,5.36741605145469,-10.0546349530569,9.06447791765316,-7.96811808353808,-2.26379841398236,-10.317566180676,4.23766573099145,-5.32410880613734,-11.0923923688428,7.15408284221914,-17.1504052507291,-0.0953992277686904,-11.0301103643432,-1.95905455483077,-12.4485623424367,-22.6679054064789,-9.26460873295655,1.9823563171714,-0.0812198922441237,1.90903201764938,-0.34873973066671,0.425000563135111,0.674908669807175,-0.784208393488163,-0.247422102935353,1.1595813739152,0.197817874685768,209.65,1
94364.0,-15.1920640113629,10.4325276778611,-19.6295152518171,8.04607504591293,-12.8381666152727,-1.87585874614533,-21.3597382791388,-3.71784952676935,-5.96978174909567,-17.1415136412892,5.90239975502551,-13.5801472568557,-0.45140689941267,-8.33476258691073,-2.02514468652193,-10.1963336944105,-17.2709851692259,-7.07909577930568,1.51769533116994,1.65747618417276,-3.47409650326971,1.76544551266317,1.70125678162665,0.381586805077026,-1.41341748729956,-1.0230778939005,-2.63476129227348,-0.463930546269812,1.0,1
59840.0,-3.21538175967748,-0.364223121381638,-1.26188334354906,3.79494903930385,0.71120593031272,-1.31647560298004,-5.16514055601052,0.625278383544947,-1.582300584728,-3.25263359468289,5.04075120270381,-5.31444220386187,-0.656470662006063,-6.23304367078495,0.974771279276835,-6.8903177453801,-9.51641148491956,-4.36412771489086,2.59857755637223,0.0196261688931224,0.40134124079647,0.152191258747201,-0.93467547449829,-0.256148382367333,-0.469403308828214,-0.282495914081921,0.86607691066145,-0.433465943783225,5.91,1
27163.0,-23.9141008948243,13.7659421584186,-25.7337337663194,6.2909179135006,-17.7848236618953,-4.57249762015164,-17.3907644695894,15.7941361803271,-3.81983218698836,-8.44226241787632,5.02011249777419,-7.0464278465108,0.692785249374773,-7.07689932873899,-0.0465348409616521,-6.20823797273981,-12.5320624040465,-4.82885763250639,0.978636193358608,1.64003733516462,1.77339928248294,-1.74842552125898,-1.09310448820022,0.147807442391992,1.66379235724108,-0.221024471156944,1.45807561131952,0.43031504868091,99.99,1
11080.0,-2.12548982597957,5.97355569173344,-11.0347272274446,9.00714687170235,-1.68945053397167,-2.85441528535313,-7.81044074525876,2.03086994595841,-5.90282812214984,-12.8409338181318,12.0189131816199,-17.7691434633638,-0.431035658230095,-19.2143254902614,-0.962464574748091,-10.2666091836641,-15.5033921000669,-5.49492764246329,-0.410480977392724,1.49377464554928,1.6465182926595,-0.278484510810644,-0.664841293974353,-1.16455536944202,1.70179641354046,0.69080561470369,2.11974873337031,1.10893340333617,1.0,1
28658.0,-28.5242675938406,15.8769229879536,-29.4687320925264,6.44759140152748,-20.7860000418837,-4.86561341755669,-19.5010840750712,18.7488719520883,-3.64298981925263,-7.93964241937325,4.18467368942509,-5.83507521523889,1.21595964527928,-5.33014378246253,-0.118631138153322,-5.36777527618834,-11.4317569116986,-4.69692444373293,0.69268841200477,1.7068890619925,1.80576978392608,-2.11937616760819,-1.31744962200248,0.169845630469178,2.05168733506275,-0.210502000459411,1.30173396497076,0.380246181418509,99.99,1
17220.0,1.18978435670385,0.942289402014327,0.0823341450498769,3.02404970580847,0.412406009418248,-0.214414558479438,0.0535578385040748,-0.110353351082093,0.883797757350066,-0.554223900525873,0.154921008931302,-2.77675657494788,1.6412066261065,-0.45607695680899,-1.24041439240797,0.857322735948866,1.70702446635297,0.526349196477535,-0.865104609842214,-0.143434644974988,-0.502635558485173,-1.04739752764089,-0.0567520238885425,-0.340688404752184,0.541235201259928,-0.0983002868955662,-0.0030411199129353,0.049819020358336,3.79,1
152058.0,-3.57636177773708,3.29943622098785,-7.46043319687438,7.78363417666419,-0.398548657536885,-1.96844144838725,-3.11047619254795,-0.328403695377149,-1.57436284547485,-2.49756054724841,4.60417047790948,-9.0019148555682,-1.27632400546329,-13.9694706254616,1.25694535316357,-4.49162922501012,-5.96998693103967,-1.27466622002178,1.14778361222539,-0.181455201194929,0.540730752300116,0.719526342466937,0.379248749413946,-0.616961860032022,-0.44281081400968,0.359840688732324,-2.65182487459349,0.422184391599186,1.0,1
44532.0,-0.234922308660103,0.355412643473604,1.97218278594888,-1.2555927126284,-0.681386509254345,-0.665731671302037,0.059110489686438,-0.0031532770910343,1.12245113562848,-1.48124586053984,-0.473852105914046,0.9221844195147,0.913513839827119,-0.499349578859305,0.933898442932603,-0.560471962989049,-0.207706529097452,0.380541571066627,0.574335960915453,-0.0034694628125566,0.220670430492642,0.912107214037724,-0.286337679755902,0.451208246513352,0.188315252003614,-0.531845781256926,0.123184687838547,0.0395806345060398,1.0,1
153653.0,-5.19249642644832,3.16472117285823,-5.04767906023322,2.24659736005894,-4.01178140454907,-0.638908044905701,-2.87346326933044,1.57631757306221,-2.86198599107206,-2.12045759469323,1.86359573670074,-3.62025176254298,-1.48071442178696,-1.58334340543936,-1.23046922211011,-1.20229796977375,-6.16763653803023,-2.65153904856573,0.0135877061935761,-1.85046996353398,1.16724379365826,-1.00661749345659,0.774561804390922,0.063396916565373,-0.390657771499997,1.8847406746985,-1.74255751463748,-0.08221593472572,247.86,1
149096.0,1.18489112271901,3.15208420536211,-6.13477982463031,5.53125220648323,1.73386651414214,-1.81686146600342,-0.916696277644188,0.265568287019436,-3.15801423516395,-3.89016924226376,4.7365938426554,-4.16211519175474,-0.456696779485289,-10.2667581077355,-0.583018263021109,0.513470571003558,0.113665405648114,1.48862035938935,-1.80557671393198,0.336441865694103,0.124235616370838,-0.823864650327076,-0.0798873559390688,0.0288277898864561,0.389711468856018,0.0601710709421762,0.485186935489591,0.326551571745814,0.0,1
21662.0,-18.0185611876771,10.5586001882538,-24.6677412485732,11.7861803616399,-10.564656569212,-2.64568119936245,-18.02346767268,2.69365540308048,-6.21946362785238,-12.7447607871859,9.31813768535999,-13.3778574339457,1.02192386777466,-12.7843458873548,-0.451145843251939,-7.55136493140559,-11.3259968724596,-4.70125277749548,0.516317073274611,1.00770320533757,-2.31947946208034,0.908838783150801,1.35290370698024,-1.05922233762791,0.185750941504222,0.687037383632165,2.07808058379956,-1.42951702264525,1.0,1
58222.0,-1.32278906321956,1.55276821126964,-2.27692070362638,2.99211739124618,-1.94706392017319,-0.480288250384527,-1.36238752318047,0.953242226598613,-2.32962885992389,-3.39355348115172,3.1284396921776,-3.57039373078107,-0.595198191474463,-3.98841505479623,0.995905842419722,-2.84378455855144,-4.82624611607161,-0.703883464864473,2.15221455770756,0.988493486888991,0.614968996752659,-0.195199717277462,0.590711261700839,-0.233377663885038,-0.164285286785183,-0.27749787053455,0.428610084734921,0.246393746180351,270.0,1
41991.0,-4.56634156694274,3.35345148012501,-4.57202780762531,3.61611930403552,-2.49313810882875,-1.0899997127127,-5.55143306976649,0.44778308394893,-2.42441402571208,-5.69992228265959,3.58682418337431,-6.63622904939297,-1.1281764439465,-7.24554959537009,0.638325536245456,-6.85681003898144,-8.85187850534679,-4.5918832274368,0.936939858866071,-0.249127726683026,2.67446587862872,-0.0208799797343963,-0.302447083877198,-0.0863964000107124,-0.516059779833395,-0.295102234035121,0.195985145691014,0.141115102721758,1.0,1
43369.0,-3.36531852073793,2.42650326490524,-3.75222652688429,0.27601659835291,-2.30587029698066,-1.9615783188747,-3.029283444673,-1.67446174770883,0.183961286375875,-4.98092843827312,3.65788166668826,-6.40982235504524,-1.0873102947816,-8.50943318717532,1.43257178733402,-5.36989001074152,-9.06907940021057,-2.81980659631422,0.874542948076265,-0.0368373256714411,2.07000816413804,-0.512625728150551,-0.248501692422131,0.126549624264963,0.104166256940212,-1.05599732614735,-1.20016496678239,-1.01206584314534,88.0,1
140308.0,-4.86174665742506,-2.72266032465254,-4.6562480902453,2.50200470213773,-2.00834642496284,0.615421803000716,-3.4856795852374,1.87885554354264,-1.11626798693717,-5.11297108805175,2.9456208658257,-4.10212741074135,-0.477202973371762,-4.35043446756499,0.0007163434773255,-5.03744940979325,-8.07801049835537,-3.45798118698593,0.596696430089622,0.285558785827713,1.1388759328635,1.03366434019377,-0.806198897465357,-1.51104641883913,-0.191731402147673,0.0809988303848193,1.21515161370172,-0.923141608648516,592.9,1
51135.0,-10.5273044341626,7.63974510878724,-13.4431145027514,4.30340291762786,-8.04820986720506,-3.46699653575204,-8.64319279153494,7.28410530047069,-2.36209663777244,-5.99659592015915,2.5891035399443,-5.9622614216576,-0.468955402702701,-6.77818372152522,0.907946622048306,-3.97013003226966,-6.85761265464239,-2.51173568202806,0.511761951503497,0.847085223070639,0.937415595523653,-0.931178206442092,-0.235696693319785,-0.0313933540844794,0.591558276561224,-0.263516323288921,1.10889729755393,0.219021143211497,99.99,1
84204.0,-0.937843305478391,3.46288948991687,-6.44510395393435,4.9321986662268,-2.23398306982245,-2.29156112129773,-5.69559392853253,1.33882463362261,-4.32237655329329,-8.0991193981365,7.18296700883659,-9.44594338249901,-0.314619967520224,-12.9914655817567,-0.136358931959623,-6.36752437517144,-12.7343938853776,-3.84512965889743,1.00766725992114,1.12953228130351,1.06655024941577,-0.521657289347299,-0.319917292909547,-0.405859088093617,0.906802159957716,1.16578389011737,1.37449533233535,0.729889341911333,0.0,1
148053.0,1.26132423719507,2.72680028914035,-5.43501891203698,5.34275900861121,1.44704301840055,-1.44258408548501,-0.898701853990691,0.123061977888509,-2.74849590498127,-3.20243612238872,1.99136063471588,-3.98641621648026,0.577206841836268,-8.48579450596077,-0.794782274727006,-0.66613426737281,-1.37262938444618,-0.10431295585569,-1.46691055321726,0.313331634515096,0.209086136071647,-0.425937610932652,-0.154439525696635,-0.0188195044268996,0.632233951218357,0.192921615175897,0.468180887290157,0.280486470872693,1.59,1
41203.0,-8.42681446458936,6.24165891255794,-9.94646974501132,8.19961393161759,-8.21309336768256,-2.52204605104398,-11.6430282742756,5.33950009801351,-7.05101582770698,-12.2653238444006,7.04773274001302,-13.7429528415799,0.821627223133927,-14.1074642630375,1.02047093981622,-11.8478871921138,-21.6739867132891,-7.78404247450965,3.20430921695579,0.563869352833826,2.42746037443776,0.692666548056743,0.0203051671536146,0.499809093124917,0.467593621860553,0.483161969665241,1.19567086957704,0.198294350072086,88.23,1
28755.0,-30.552380043581,16.7133892350242,-31.1036848245812,6.53498386355181,-22.105531524316,-4.97769196369245,-20.371513594495,20.0072083651213,-3.56573779124378,-7.7310714411342,3.8294273949908,-5.31433227604015,1.44693027992913,-4.57926372815218,-0.142299360010106,-4.99784830436345,-10.9614103561188,-4.64148195920404,0.567056279787444,1.73364399368955,1.8165201713562,-2.28868550494101,-1.46054449877578,0.183179482716819,2.20820917836653,-0.208823971247713,1.23263629519904,0.356660010884047,99.99,1
13126.0,-2.88004235163471,5.22544230971559,-11.0633302799459,6.68995065770063,-5.7599239886738,-2.24403079081521,-11.1999752166959,4.01472180864313,-3.42930426351801,-11.5619497720699,10.446846814514,-15.4790524832016,0.734441608104148,-13.8837785491112,0.821439545395249,-11.911483017197,-18.1030037037729,-6.83783453880068,3.12692935212663,1.19144396640797,2.00288287701632,0.351102064721284,0.79525514045211,-0.778379381413672,-1.64681511254223,0.487538823287331,1.42771309550336,0.583172486219188,1.0,1
118532.0,-5.96145725181683,5.31338185985134,-6.67432045600546,6.02897499089959,-1.38755992793501,0.670638451870295,-4.12898748860167,-4.76589378950457,-1.00525917075425,0.453505060416619,4.43173633655471,-5.14273660303602,-1.18169206554319,-8.7554491326517,1.00435568809085,-2.06502561211988,-3.26143516010375,0.12522332026716,0.936966154656013,-1.11658092121725,5.55664239133643,-1.50180765840879,1.35517244397724,0.141093214148711,0.0779134112043686,0.473988340387306,0.28712879038893,1.46865341855998,105.89,1
41353.0,-15.0209806030789,8.07523975163174,-16.2980905380446,5.66482005292134,-11.9181533731348,-4.24695712395156,-14.7166675516611,9.43508432139337,-6.7953981269244,-15.1241628144947,6.03766622940467,-11.6767222367813,1.32697878633103,-12.3816058947985,-0.0716392778020956,-9.48414337021449,-19.6718814509262,-7.64327282087749,1.16906441801605,-0.995786857833133,2.52511546344786,-0.832074336953531,-0.186116823393738,0.429780833741005,0.697102812320081,0.0560310740941657,-1.31088762047629,-0.707402991270252,34.12,1
11629.0,-3.89119195123086,7.09891625215749,-11.4264670967961,8.60755678650129,-2.06570621026229,-2.98528802203595,-8.13858941693861,2.97392807853452,-6.27279046836547,-13.1934150665232,11.6197234753825,-17.6316063138707,-0.355194389515515,-18.8220867423816,-1.2831290856146,-10.0310966568698,-15.2270075099256,-5.32200898058982,-0.501750653452579,1.38261899967275,1.75708522742867,-0.18970915318715,-0.508629244173448,-1.18930816877394,1.18853649934791,0.605241885913626,1.8815287524148,0.875260407222375,1.0,1
55311.0,-6.15960693036327,1.46871292315117,-6.85088814665684,5.17470627250374,-2.98670392387712,-1.795054145699,-6.54507152628193,2.62123613805269,-3.60587012643541,-8.12216107491307,6.02903256317613,-9.22585530778592,-1.54675863096913,-10.3093341893072,0.308062393533042,-7.78732622111619,-12.8221770045808,-4.36767713342358,2.64398422133793,-0.289829585956863,1.06131418230601,0.125737468595024,0.589592331660844,-0.568730604518481,0.582824720935876,-0.0425826450995479,0.951130233081124,0.158996023697089,0.83,1
122608.0,-2.00345953080582,-7.15904171709445,-4.05097631587393,1.30957974749918,-2.05810158798669,-0.0986209270722274,2.88008272715204,-0.727484046608914,1.4603805509699,-1.53160798206082,-1.39432826167269,-0.220718797789479,-1.53099043146804,1.0752476539262,0.388383209307268,-0.660655352312646,0.0933209955444861,0.335742221574637,0.0575510393537501,3.97321702726744,1.24428677489095,-1.01523228673153,-1.80098486605048,0.657585626965743,-0.435617246752788,-0.894508922176968,-0.39755738695085,0.314261714087509,2125.87,1
26863.0,-21.2091195927913,12.6521968313004,-23.5539329441267,6.17407791004356,-16.026658125511,-4.42219459449987,-16.2294437253382,14.1160019049786,-3.92274144947115,-8.72024451506225,5.49388683652872,-7.7408158639401,0.384814230466723,-8.078240669038,-0.0148996037313368,-6.7012888702885,-13.1592668578419,-4.90303149501704,1.1462752482696,1.60243883702914,1.75844007534189,-1.52258816196329,-0.903860197993699,0.130166452450156,1.45485651906738,-0.223214403323927,1.55092845004664,0.461459566763514,99.99,1
27219.0,-25.2663550194138,14.3232538097233,-26.8236729135114,6.34924780743689,-18.664250613469,-4.64740304866878,-17.9712120192706,16.6331030618556,-3.76835097141465,-8.303239351259,4.78325736701241,-6.6992520739678,0.846767864669643,-6.57627643636006,-0.0623303798952992,-5.96165987257541,-12.2184817176797,-4.79184198325342,0.894853521838799,1.65828884445902,1.78070097046593,-1.86131814726914,-1.18816729293127,0.156667050663465,1.76819198236914,-0.219916008250323,1.41185477685432,0.414656383638367,99.99,1
82289.0,-1.46489654758402,1.97552752738073,-1.07714453940265,2.81919063998449,0.069850228405671,-0.789043629709432,-1.19610144945515,0.673654375004339,-1.36372387646135,-2.9328952580311,0.301368829965399,-3.24614143685335,-0.465640147552938,-5.42936187944371,-1.30498291640657,-0.953623442669269,-2.72734300093373,-0.63643691865914,-0.927124072666602,0.048968800272123,0.174099465690177,-0.272505290211891,-0.0315494503920774,-0.406165929676999,0.157768979757404,-0.104392920359594,0.0737955599806211,-0.0415702518454821,1.0,1
94362.0,-26.4577446501446,16.497471901867,-30.1773174564996,8.90415677106517,-17.8925996927224,-1.22790388102871,-31.1973285494605,-11.43892041491,-9.46257260540015,-22.1870885620007,4.41999660154863,-10.5923050053728,-0.703795803703315,-3.92620731586873,-2.40024649210124,-6.80988994039049,-12.4623149481086,-5.50105078380738,-0.567939572890149,2.81224110932946,-8.75569832116533,3.46089334478551,0.896537503959012,0.254835536763482,-0.738096558530353,-0.966564233789852,-7.26348214633855,-1.32488430656137,1.0,1
93904.0,-11.3206331107815,7.1919501426236,-13.1790825454686,9.09955188204157,-10.094748875094,-2.44011507020033,-14.1843372950953,4.45250293397358,-6.24196000276902,-12.618162687238,6.05731930477932,-15.7176066468772,0.117817409556609,-8.65374335706751,-2.50255377627617,-11.2313644545234,-21.5851521412337,-9.09089206099764,1.17118873250237,-0.180934725269677,1.08223532776525,-0.350562500439559,0.483043945803059,0.661132920850802,-0.396521511995203,-0.413315388408682,-0.997547797965388,-0.235035882545031,37.93,1
134928.0,1.20493424160812,3.23806951076392,-6.01032440449142,5.7208466769739,1.54839977751795,-2.3210635159891,-0.78188041273237,0.0766192384971476,-2.97624905100078,-4.07025686324581,3.39415208597649,-4.5477421854241,-0.0636341960877915,-10.5164652105548,0.0532673835219021,0.204079529216049,0.462929331041335,0.841169059044758,-2.2213838533863,0.338160708541917,0.0983414697495961,-0.845865919979824,-0.0312277689973994,0.421146410215972,0.388361411769274,0.0560347438871887,0.491827823256628,0.340846685675318,0.0,1
17520.0,-5.26805322089363,9.06761342731767,-15.9607281345144,10.2966027898053,-4.70824109122294,-3.39537485177836,-11.1610570028797,5.49996263444947,-5.66737554592835,-11.6271935556579,11.0270590938161,-16.3880541668327,0.363921486512734,-17.230202160711,-0.437487559248993,-10.1223919213552,-13.6392089915234,-4.98645725844229,1.12678437819631,1.45587819528,2.00410994522741,0.191058399384387,0.622927669875126,-1.20926355739155,-0.374798862642666,0.64879803679546,1.58469734677224,0.720055870245492,1.0,1
77154.0,-0.715413746430203,0.608590312773943,1.15550089022062,-0.267565092666965,-0.563747540811752,-0.618897959603515,0.698307698659261,0.0698369023541396,-0.133341030527008,-1.02533539256113,1.50062918076179,-0.417898026653376,-1.59029515148629,-1.07499904137371,0.288234297659522,1.37776850908719,0.22388685433899,1.31107267514226,-0.896071786353489,-0.186977992930248,0.130748607589043,0.239389294462508,-0.0902274074581911,0.411572390517299,-0.216125965872995,0.353896329216255,-0.0623612631790606,0.0084330017316634,129.0,1
65385.0,-2.92382666427262,1.52483716405302,-3.01875803326242,3.28929147538496,-5.75554237361289,2.21827630310359,-0.509995431790455,-3.56944356866613,-1.01659168855188,-4.32053577559936,1.27720226474415,-3.70174966668488,-0.97186959353265,-4.85777667212588,0.0906055221312176,-2.80150199048762,-4.18680753704806,-1.64840609367465,1.1764455977519,-0.447039406719925,-0.511656805196235,-0.12272408639124,-4.28863899895194,0.563796657800838,-0.949451350280346,-0.204532177495445,1.51020648735902,-0.324706012560446,1354.25,1
76876.0,-1.29835900258265,1.07967115744319,-0.180677930886891,1.28783908383189,1.85827347944352,-2.22369500209375,0.525166986044906,-0.0968743110676978,-0.168893374133313,-2.544410418956,0.706999574201444,-0.835695915134352,-1.02211731659325,-4.99399178918475,-0.455706843211384,1.31536513941655,3.63919954823548,1.62342609471098,-1.53933883157799,-0.18757199362802,-0.332983053581271,-0.851270427572191,-0.370799798865314,0.29824168728035,0.442929877216587,-0.522832450531743,0.0001048565072203,0.135698346061769,1.0,1
102671.0,-4.99175779387947,5.2133398229232,-9.11132629809104,8.43198635177602,-3.4355156720863,-1.8275651016855,-7.11430284412379,3.43120663145462,-3.87564287029742,-6.86850850672582,7.15062516950116,-10.2629840447185,2.73308493575221,-10.1275247811671,-0.262783621001749,-5.19027103814098,-8.6557110398096,-2.02444347438745,1.5604792800844,0.0981321924634143,1.18942283937597,0.247858476295777,0.294448330047117,-0.548503502162266,-0.174616566570794,0.406702503092405,-0.40233927269736,-0.882885795448957,0.0,1
62080.0,-1.59945740179415,2.60772002929222,-2.98719294171061,3.06415614684784,-2.49791431686821,-0.54110279282052,-2.2777862276701,1.26816610842127,-1.99733105335741,-3.83477508791878,1.11335409263987,-4.97692104108215,-0.795530934675206,-4.54955674371782,1.81376325403563,-3.17746049642958,-5.36934877847861,-1.1214541569793,2.03059193793375,0.22533293042937,0.662933039629134,0.184086858369512,-0.0894518031771282,-0.505999935132595,-0.0622588885489331,-0.0527144132804191,0.322854004983613,0.135267636745646,180.0,1
45463.0,-1.47689343619361,2.12231379246165,-1.22946956041319,1.20184879823143,-0.343264387787516,-1.31770390932283,-1.52814215893659,-0.620953383361586,-1.21304032250238,-2.97526724837752,3.53221960237349,-3.68263987014104,-1.15477748628793,-5.16522922685485,-0.240091425455286,-2.40492728839102,-5.67173864053893,-0.99429395124741,-0.289935891439032,0.276893466308702,1.18603560532412,-0.0402148700651311,-0.238930086824211,0.110144325976026,0.0454183699836296,-0.56923231725429,0.481018701576887,-0.0475554426964208,1.0,1
53658.0,-1.73934096431325,1.34452078912347,-0.534379047474665,3.19529149873811,-0.416196142475576,-1.26196066822182,-2.34099093949748,0.713003645507275,-1.41626499933122,-2.9966693020716,0.747478135782509,-4.59661151187479,-1.92775970193864,-4.75707449850737,-1.2478148188713,-2.53549425081321,-5.35646454386042,-1.97474852459452,-0.603726269220942,0.0027494784537285,0.38318010845642,-0.21395221812466,-0.336639824887574,0.23707630076775,0.246002931555889,-0.044227636498999,0.510729074882634,0.22095159365596,0.0,1
160895.0,-0.848290216565114,2.71988211593934,-6.19907019688041,3.04443718621919,-3.30190955339712,-1.99211683590396,-3.7349017657824,1.52007897310233,-2.54878817321614,-4.5335154033258,2.28802174654208,-5.26720466981905,0.394799950425324,-4.28799577702192,1.31527946674202,-6.46918689069948,-8.71392005149206,-3.7050697432532,3.53100289778427,0.319576271337295,1.12522925908799,0.805257864895713,0.199119186483276,0.0352062006310435,0.0121587630161963,0.601657823317562,0.137467682324392,-0.171396981067706,127.14,1
152802.0,1.32272425078878,-0.843910597775511,-2.0968875375015,0.75975906867787,-0.196377115172222,-1.16635257897589,0.482534011071884,-0.349790812508124,1.04500741682416,-1.47497416110315,0.0110374511201705,0.483019027615191,0.665272820090391,-2.33279338224807,0.820578433757924,0.461206283587447,1.46805197816555,0.891705535237246,-0.45793403989618,0.585434736822602,0.133814675110081,-0.121562328444589,-0.208573690328062,-0.254751784229223,-0.0983244022531656,-0.613874016689451,0.0026541572433407,0.0723858076215552,357.95,1
70828.0,0.196706751987779,1.18975728641634,0.704882217511495,2.89138777331251,0.0455553693851548,1.24573045976205,-1.19871420021049,-2.42161641083942,-1.23208864617238,0.324238886093679,-1.27393508028395,-0.868686295319925,-1.18194465496857,1.0275841718551,1.68813234484864,0.256215978185418,0.120608339589106,-0.0523460171330233,0.329826631850516,0.646616407050903,-1.32813178943378,0.189310618105111,-0.005524183595721,-0.814707739467747,0.400924279960331,0.286281378755055,0.135214945600326,0.257314769060283,0.76,1
68207.0,-13.1926709562391,12.785970638298,-9.90665002092758,3.32033688288942,-4.80117593230105,5.76005855618556,-18.7508891580107,-37.3534426378925,-0.391539743919107,-5.05250236713858,4.40680552357904,-4.61075647740608,-1.90948796970811,-9.07271093398351,-0.226074450896345,-6.21155748212485,-6.24814535335983,-3.14924669470095,0.0515761185277783,-3.49304991519446,27.2028391573154,-8.88701714094871,5.30360690376998,-0.639434802306313,0.263203123457008,-0.108876929971315,1.26956635541013,0.939407362758877,1.0,1
21046.0,-16.9174682656955,9.66990017304097,-23.7364434105216,11.8249902296814,-9.83054822917941,-2.51482887310345,-17.2906566748216,1.8204078670595,-6.26490348784789,-12.9166361091709,9.56711029521397,-13.7170673789468,0.899540705915631,-13.2729650621928,-0.402260044266312,-7.75409405936683,-11.6446032058862,-4.74130270962407,0.58462597267458,0.996745095162688,-2.33611095619483,0.972754726208974,1.24186581168063,-1.05108624820763,0.0380090796054737,0.672317065099677,2.10847085205046,-1.42124325273233,1.0,1
41397.0,-14.9703456545046,8.40142101040258,-16.8672384869515,8.25233430637468,-13.5651304873758,-2.78243755853826,-14.2637353490007,9.64341914576661,-7.70149868394332,-14.2266980575287,5.61099879659254,-11.7939788348294,1.59838653001563,-11.6069703760766,-0.0441804437896824,-9.28695473739369,-19.8997264249367,-7.518050849236,1.24351749943488,-1.61466005601289,2.71404480183882,-0.101355310559619,-0.439665974014017,0.519513861479409,0.789327982433797,0.0643574266343142,-1.62138568643941,-1.10481920857705,273.01,1
40662.0,-4.44684654752268,-0.0147931576652609,-5.12630699550863,6.94512997633611,5.26925534782033,-4.29717716297717,-2.59124168468427,0.342670615268881,-3.88066304488519,-3.97652513857503,5.73008435556377,-5.03186814827248,-1.13543910933334,-10.7870505700202,0.265456230525684,-1.10421746262461,0.636412737308571,0.994101368746143,-0.688720555143152,-0.108006422684084,0.247912823388783,-0.0495861794607239,-0.226016961592253,-0.401235601042542,0.856123603036307,0.661272426708284,0.492559738814261,0.971834350005126,1.0,1
96135.0,-1.95293262584861,3.54138524292281,-1.31056140773257,5.95566359407,-1.00399266347247,0.983049267722507,-4.58723460197373,-4.89218360319852,-2.51675203271071,-2.85032390160027,2.02467408050134,-6.48774641306604,2.37646259977422,-2.24151634571345,-0.566869734947616,-3.93685691797738,-6.12719357199364,-2.32855196140235,1.56212955232854,1.96502978343686,-1.99809122812016,1.13370623369264,-0.041460872197789,-0.215378738296157,-0.865598577097396,0.212544577403768,0.532896738259478,0.357891632792824,18.96,1
141925.0,0.120301417641484,1.974141135114,-0.434086817238467,5.39079309979716,1.2896837293754,0.28059002412422,0.22196254547878,0.0678267548690214,-1.38705405307029,-0.0451253297662453,0.195839103876469,-0.629085830718882,0.681222338433862,-4.71552123988097,-0.2878762909762,0.497433587465913,3.87161756353604,1.49239403735728,0.506039978517755,0.20569123217309,-0.0386896154666322,0.204553809417386,-0.167312970794265,0.791547134443901,-0.223675472406085,0.473223170815404,-0.160201937224867,0.0650394520642459,0.76,1
26585.0,-19.8563223334433,12.0958932259299,-22.4640827464876,6.11554110191771,-15.1480215209615,-4.34672408349599,-15.6485074722661,13.2768048056341,-3.97416161954102,-8.85919405880884,5.73081553744459,-8.08803351213651,0.230824969324902,-8.57897327333454,0.000946636693186,-6.94774606726094,-13.4728970076501,-4.94021082886802,1.23014255193802,1.58292955492187,1.75072984045421,-1.40963570908141,-0.809809278333882,0.121396659905885,1.35030007077468,-0.224291873525585,1.59762136835254,0.476919818025438,99.99,1
129668.0,0.753356012421118,2.28498795250353,-5.16449200355315,3.8311119987993,-0.0736224923058734,-1.31659594586445,-1.85549544374527,0.83107909886574,-1.56751414502076,-3.22455914814995,3.36955824955852,-3.46854525803227,-1.38357106785405,-6.0205789709702,0.309601855257659,-2.61776696028245,-1.31075238207209,0.409659909693325,2.36229077589933,0.285792259895482,0.382006845522224,0.0339580452530082,0.187696850240103,0.358433465751075,-0.488933827051834,-0.258802387138951,0.296145453458912,-0.0471736659782491,2.0,1
154599.0,0.667713641374798,3.04150237620527,-5.84511195572955,5.9675870384467,0.213863332794167,-1.46292281110712,-2.68876058357809,0.677763512400754,-3.44759589638668,-4.70757080611204,4.90581986504193,-5.20837397192841,0.532498380473016,-10.5440113995705,-1.3074187011067,-2.1335934878907,-5.13308149079721,-1.06215078075411,-0.819371096333784,0.558424597641949,0.32976014592914,-0.941383471890008,-0.0060746623400234,-0.958925352213278,0.239297864946551,-0.0673556786513241,0.821047585911653,0.426175251596766,6.74,1
28143.0,-27.1436784229495,15.3658043803315,-28.4074244550982,6.37089534679314,-20.0878775718571,-4.66631306343841,-18.7094788213717,17.9035743750222,-3.72227873753244,-8.12096173759343,4.41994345577668,-6.21094112120869,1.06383739513242,-5.84352838067721,-0.108836449172905,-5.60659732565665,-11.7562556050179,-4.71494676131661,0.783577593799492,1.70388764553958,1.79682638880552,-1.96097371657716,-0.90224745220798,0.144011442167384,2.02438803943008,-0.204214065769385,1.33215305903359,0.385890728011147,99.99,1
87202.0,-0.41982017420894,-1.15597800832635,-2.09251550244986,2.78675032975706,0.736296592040403,-0.167291965690249,1.60002746290919,-0.117426851332358,-0.796953814299879,-0.133950251206468,1.03303201224459,-0.284367998317494,-1.20827980965211,-0.429211904447448,0.248945360461687,-0.928921529997167,1.67998551904683,1.31533886586358,2.22616065557659,1.27535802653094,0.48063971759843,0.533516931196614,1.28464540597639,0.516131270391061,-0.60294109971583,-0.305023689896282,-0.0213631449369425,0.129096385608294,451.27,1
56887.0,-0.0754834663888726,1.81235458422751,-2.56698081016962,4.12754860722303,-1.62853157024518,-0.805895445766318,-3.39013454458215,1.01935326231828,-2.45125125188341,-3.55583492739064,4.31571103012142,-5.47980167679906,-2.11550315600957,-5.5887855765974,0.280108069299552,-3.50723062361012,-7.45709493793125,-2.32549168188332,-0.440434552920779,0.338598140549314,0.794372451897782,0.270471232297866,-0.143624140755259,0.0135659145316466,0.634203128800614,0.213693187250942,0.773625466697089,0.387434054572014,5.0,1
78725.0,-4.31247908052279,1.88647569827836,-2.33863356144698,-0.475242891532036,-1.18544386151204,-2.1120788975769,-2.12279296550593,0.272565132222544,0.290273064048255,-3.8337413849476,2.50978140392157,-3.61123136485112,-1.02429952994167,-5.29192495475268,1.6498073488757,-3.26265841898301,-4.33311795972043,-1.86304896791862,-0.0095336065683719,-0.718705614884897,0.550540662080627,-0.0678702198276179,-1.11469186343039,0.269069433187685,-0.0205724593187757,-0.963488862263668,-0.918888353795928,0.0014535621767338,60.0,1
102489.0,-2.29698749921502,4.06404334190313,-5.95770634516933,4.68000806392241,-2.08093759960382,-1.46327216002463,-4.49084686931735,1.02924628254192,-1.59324925133839,-8.99381088354112,7.86446740028511,-10.6498396512844,1.82659101647783,-12.9136317373077,-0.766330314740752,-7.95409770929125,-7.80963509977466,-1.71851117214548,3.83298514230067,1.26495379665956,1.08908418394041,0.975397809530551,-0.62553033358642,-0.535180928107126,0.247435028956319,0.160399507909509,0.969581605226584,0.335041293733825,104.0,1
66037.0,0.286302363835244,1.39934474808556,-1.68250270884931,3.86437703955242,-1.18537340204974,-0.341732013808781,-2.53938012266357,0.768378375007388,-1.54788162780199,-2.65971794652165,2.6215881261205,-3.46236188507757,-1.05430017332918,-4.95582330430277,-1.40027445820489,-2.33994291742419,-5.19779447735003,-1.34281449785555,0.288846910516582,0.270360155086889,0.352456413618901,-0.243677652080658,-0.194078546536702,-0.172201087463232,0.742237197555102,0.127789797006944,0.569730790365159,0.291205858831994,7.53,1
26931.0,-22.5616992591298,13.2089042844176,-24.6438187771226,6.23253182330679,-16.905611362323,-4.49743871970001,-16.8101841919321,14.9551067734604,-3.87129682308601,-8.58126551626339,5.25698760960799,-7.39361499215009,0.538800829120431,-7.57755201800709,-0.030725531904052,-6.45478323655342,-12.8456565242928,-4.86591773720169,1.06244185030067,1.62144422472126,1.76598663639159,-1.6355166467436,-0.998316503452087,0.138972227361725,1.55935014018173,-0.22212451669,1.5044246600224,0.445919826109776,99.99,1
154278.0,-1.60021129907252,-3.48813018118561,-6.45930280667571,3.24681566349703,-1.61460769860713,-1.26037454854632,0.288223321921388,-0.0489639910109505,-0.734974617920653,-4.44148408070017,2.94437484242405,-3.80546898374331,-2.10222683492697,-6.1061832734711,-0.641736399701777,-1.55596289626148,-2.08406707082134,0.394247352869229,0.0833797227600835,3.18935489592753,1.19117480721903,-0.96714144500067,-1.46342052446637,-0.624230851495284,-0.176461532068143,0.400348351070197,0.152946864261687,0.477774924576796,1504.93,1
61108.0,-2.7560071191969,0.68382137690334,-1.39016888269883,1.50188726081003,-1.165614355805,-0.13120694925796,-1.47874061646082,-0.246921578045176,-0.100522731731488,-2.30110989675506,1.91445404493049,-3.8309980112302,0.719488566785256,-6.35301985790071,1.43871619241123,-3.29723907467834,-4.86297149937169,-2.00235399924327,1.54523326964355,-0.106944639579729,0.320473875601072,0.61102668559867,0.174863684107414,-0.502151101117601,-0.174712784335661,1.17924208342707,-1.16631532833921,0.821214803121569,101.5,1
110552.0,-2.45036662540267,2.10772866087808,-5.14066303982343,1.41130357398271,-1.69077950338918,-0.736427202926685,-3.65794634761755,1.94490590423047,-0.788387529063343,-5.62467713431414,3.51964234486905,-7.221590004268,1.20172802326675,-3.8114281425371,-1.70142802210083,-3.57140837935336,-7.31140729142311,-1.75435460658485,0.795448867520342,-0.130438203342561,0.800538093373868,0.364616671021501,0.233607611774679,-0.282077578211224,-0.320310972669244,0.49291998915127,0.35997644954193,-0.115471009476069,80.22,1
146179.0,-0.0676716213886392,4.25118050159519,-6.54038835224963,7.28365703710757,0.513540870943284,-2.63506638788364,-1.86591081008961,0.780271626602801,-3.86824834701295,-4.85148719411703,3.87116530391397,-6.88763735718558,-1.7905001483675,-11.2723158701978,1.30136314876439,-1.68983647758912,-0.0529325394075147,0.778734824784494,0.242162496030838,0.519403972453402,0.415436545379518,-0.469937601482284,0.0071280404084919,-0.388147290740708,-0.493397940502339,0.466467724945289,0.566369687106408,0.262990466192685,0.77,1
141565.0,0.1149650477972,0.76676154669164,-0.494132199415659,0.116771978233793,0.86816853524791,-0.477982006349535,0.438495665220681,0.0630733402552484,-0.186207089214194,-0.159325098707444,1.20030360709416,0.281744446861465,-0.623844030466212,-0.658246292064356,-0.155888356613225,0.0562273489244218,0.653662125212474,0.33465531172159,1.02892683645358,0.0621985703923592,-0.284412898740297,-0.706865471630836,0.131404855625717,0.600742122018719,-0.604264275304309,0.26293785502267,0.0991446312768992,0.0108097183119463,4.49,1
93853.0,-6.18585747765758,7.10298492227346,-13.0304552638937,8.01082339822486,-7.88523736131971,-3.97454999359808,-12.2296077786617,4.9712317023058,-4.24830701294998,-12.9654812039222,8.68830799242781,-17.1829184301947,0.0695769150313325,-14.1161560074304,0.959031717400206,-12.3753337375636,-18.716764511809,-6.52201457322122,3.51795494036344,0.483930108481186,2.50277241039945,0.481691289576756,0.480957977547458,0.360318638811951,-0.293354295977635,-0.199193157971208,-0.203917328209747,0.398927185850218,44.9,1
59669.0,0.326006629816884,1.28663756547088,-2.00718128715265,2.41967479633278,-1.53290169734535,-1.43280331503216,-2.45952963994058,0.617737791926574,-1.12586103037287,-3.23678401592309,3.5617949640183,-3.91467935228848,-2.12495645598654,-4.45889502952153,0.578201875425492,-2.3433041192933,-5.07145010804216,-0.749172320846648,0.22842274838649,0.222666683155765,0.556894674408544,0.169775528574355,-0.174357059251063,0.308061323046213,0.710996128051644,-0.23102981819073,0.580495233837149,0.30098403791885,6.27,1
128471.0,0.909123838691231,1.33765782444144,-4.48472766746064,3.24535764512838,-0.417808776149092,-0.762118684149486,-2.5063487752776,0.694163949223675,-0.467555883753771,-4.5652600954372,3.61264534637429,-3.17193661178549,-0.400045818565063,-8.56945415472099,-1.61483120714345,-2.38820756249222,-2.57746443422373,0.0926786705401108,0.0982420128901166,0.445573384128196,0.586829162500182,0.59407754473212,-0.252120311226939,0.325438827876011,0.562765676359647,-0.256278184868886,0.652673806782709,0.319879228007944,67.9,1
47826.0,-0.887286905534409,1.39000150924187,1.21968581996397,1.66142517591961,1.00922783931161,-0.733908444749524,0.855828927220991,7.68462281197611e-05,-1.27563149417191,-0.433393925731893,0.141178993422237,-0.46034845602669,-0.367867931021877,-1.16833941780754,0.152107630618373,0.882231823726865,0.601804858067329,-0.304092391463557,-2.19176427800358,-0.268347371086252,-0.0837343767453397,-0.346930257215667,-0.0506187067885922,0.23104442462061,-0.450759875468406,-0.376205380931623,0.0345043694610426,0.157775320404088,7.58,1
97235.0,-17.5375916846763,12.3525186682391,-20.1346128135864,11.1227714331133,-14.5710801396343,-0.381622313270995,-23.9286610291615,-4.72492103304407,-8.6030380974132,-15.2318333653018,4.41705461009659,-12.8935202086054,-0.10962845638889,-3.54722989444144,-2.17782399757845,-10.4020683266181,-18.3720191223339,-8.31409231206699,2.43582348553379,1.9251025961188,-4.35221313065903,2.38904092140055,2.01912792631133,0.627191869568278,-1.08599721239039,-0.0718032360759346,-3.83819790404877,-0.802564460951448,9.82,1
96291.0,-3.55217282034342,5.42646054559111,-3.73181031980956,6.67906180701896,-2.18754337884152,2.43394023761172,-8.74811035885579,-12.1082840970182,-2.8563585144669,-5.66586179854092,2.54083553206878,-6.14705358343033,1.79689064160126,-4.32898899462283,-0.150037374792615,-1.83900466547168,-3.35463814070962,-0.282307261175205,0.148592393859995,3.79266672675409,-5.68899027177143,2.51097955615894,0.953932861684676,-0.542506228224687,-0.620152015985956,0.406012866709306,0.0230251633862463,0.164740605977244,33.59,1
55618.0,-7.4279242314783,2.94820920837905,-8.67855038407896,5.18530347959595,-4.76108997261691,-0.95709501604379,-7.77337978477431,0.717309273781191,-3.68235923846278,-8.40315026242229,5.70520550718269,-8.6407464115182,-1.60292501896209,-9.46613912320431,0.137324186945341,-7.30324272860725,-12.4480392359586,-4.33283424125087,2.35202964025176,-0.123085015912889,-0.299847070706951,0.610478813685703,0.789022761446755,-0.564511939509452,0.201195825477742,-0.111225430586455,1.14459850910478,0.102279545438297,130.44,1
79540.0,-0.114360703589856,1.03612940153875,1.98440526119199,3.12824327369048,-0.740343559582751,1.54861869623,-1.70128395465886,-2.20384174839674,-1.24226477538834,0.269561809170344,1.29341829662131,0.933215784460268,-0.135325960632637,0.521483689902165,0.386884188055331,0.0598689535627266,0.306339379229928,0.265051988857439,0.223718288348024,0.732852498432027,-1.03293465200213,1.19642831010463,-0.112856718234204,0.254718993156121,0.69666788609654,0.482370416673402,0.129969314476127,0.223924333790406,0.2,1
74262.0,-2.25053480921229,2.36575487772312,-2.95549117924385,0.0897905975142065,-2.83074456678034,-0.844461639207772,-0.174061560679368,-0.407138137833787,0.174216293591102,-2.9989262562074,2.60516857519668,-3.67771661422902,-0.961254636207547,-4.62948099682303,1.94218161282,-4.18037888438458,-4.60568646763486,-2.55718413666009,1.58958220191211,-0.48653714178381,0.256559618287662,-0.466245243122949,0.291104927494009,0.242566552797207,-1.27909371150404,-1.12353433717278,-0.630976512544474,0.326839204012689,311.28,1
146026.0,1.89403628953056,1.90580604250552,-3.51573007711281,4.50891315092218,2.04446624455689,-1.42046761821774,1.0574804459057,-0.281157347826589,-1.832603814167,-0.628463195272087,2.22079491381924,-0.741087888346352,-0.763719377938258,-4.94261241607845,-1.37829062017508,2.24421577907161,3.70206529090756,2.25681153235938,-1.95006033191067,-0.160163479388821,-0.144713035559334,-0.310108279131596,-0.101530027427529,-0.414960172274656,0.37659685003455,0.15077769870482,-0.0137115779366071,0.0480836587388137,2.22,1
154493.0,-7.38154698606367,-7.44901515872674,-4.6962865237175,3.72843914957409,6.19830434711234,-6.40626663445964,-5.83145156036761,1.45717491941563,-0.6462025802667,-4.02912871953916,2.52894302060173,-3.308721722205,-1.99200968898389,-5.75721608217278,-0.877323474271716,-1.54755182348258,-1.90901678581052,0.500567470429737,0.136722438174659,2.93275812573212,1.17657484784395,-0.978692051214679,-0.278330343454922,-0.635873793806618,0.123539440325404,0.404729308452323,0.704914653621431,-1.22999168169143,35.0,1
149582.0,-4.28058383167792,1.42110000741665,-3.90822884348162,2.94294608011161,-0.0762053360306411,-2.00252600045019,-2.87415473251562,-0.856005441485914,0.963674230223562,-3.23543895742654,3.34180192747217,-7.56286042898412,-1.8474434271558,-11.5714234295766,-1.4815558418284,-6.18091869945618,-9.28518598266033,-3.92172214129965,0.685510860299876,-0.198962780003302,-0.140061995134615,-0.90772022005271,-0.680107948583095,-0.349169892929711,0.0562758915123628,-1.14992266869478,-1.80988612030864,0.723051433275673,1.1,1
68207.0,-13.1926709562391,12.785970638298,-9.90665002092758,3.32033688288942,-4.80117593230105,5.76005855618556,-18.7508891580107,-37.3534426378925,-0.391539743919107,-5.05250236713858,4.40680552357904,-4.61075647740608,-1.90948796970811,-9.07271093398351,-0.226074450896345,-6.21155748212485,-6.24814535335983,-3.14924669470095,0.0515761185277783,-3.49304991519446,27.2028391573154,-8.88701714094871,5.30360690376998,-0.639434802306313,0.263203123457008,-0.108876929971315,1.26956635541013,0.939407362758877,1.0,1
77202.0,-0.356326154090313,1.43530513012275,-0.813563965472736,1.99311717679272,2.0558775401316,-0.54357866590526,0.487691066602944,0.0854488054265826,-0.536351998021526,-2.23120932812687,0.273983570211148,-0.535839387011391,0.595677221650834,-5.14182349291966,0.732366764261792,0.623912780633594,4.09098324669186,1.63408402811385,0.26084733041578,0.303261648412104,-0.312862941766726,-0.687873797330169,-0.267002508610821,-1.15848006325515,0.271459963711122,-0.155397186179697,0.114328416432227,0.101525594435204,1.0,1
135102.0,1.86210178942007,-0.124051888133202,-1.98975174951054,0.382608915041756,0.473031677376878,-0.674516988454297,0.298621349163879,-0.282415726283542,0.802052524645684,-0.989431189994817,-0.491112318271443,0.903819349613327,1.3665243152114,-1.88616230658692,-0.194861302074369,0.0868367239072255,0.978546240489057,0.0556039737113707,0.189130835579419,0.150726987749903,-0.204158275791025,-0.51144105586203,0.0778741500089749,0.388335120253865,0.0078957284691346,-0.120979613154893,-0.0195787926354923,0.0061547052319409,108.51,1
93860.0,-10.6323749061596,7.25193622855414,-17.6810718207918,8.20414440620562,-10.1665907519072,-4.51034377036334,-12.9816061559658,6.78358879797499,-4.65932958355558,-14.9246547735487,8.38914233451929,-16.4655039422141,0.33851695978655,-14.224403603167,0.556584472572111,-11.683998043525,-15.8416159780561,-5.75319975278369,3.81304079276336,-0.810146481561289,2.71535704420309,0.695602689761576,-1.13812206664164,0.459442241911828,0.386337323495895,0.522438449202614,-1.41660373652915,-0.488307035713995,188.52,1
132086.0,-0.361427838541789,1.13347191665669,-2.97136044013455,-0.283072525739314,0.371451592836109,-0.574679962140979,4.03151344147581,-0.934397840999575,-0.768254682100259,-2.24811517395215,-0.482409384022894,-0.690550364277623,0.181274905167329,-2.37255179777895,-0.0068680461366328,0.146399068662885,1.75931419392615,1.08303951438991,-0.391047742407487,-0.0258616224927044,0.110814637422018,0.563860612681898,-0.408436059432732,-0.880078912517905,1.40839232295512,-0.137402363335706,-0.001249817072624,-0.18275089691206,480.72,1
142409.0,-1.17218291948653,1.66171286952217,-3.04963701906308,2.55505843390024,3.66903461419474,-3.16299837227475,-5.98564011625334,-2.17993523861597,-1.12029227657092,-3.07555830950402,0.997448763245357,-3.19191476820242,-1.51485677577243,-4.2672960668817,-0.159553975172285,-2.91646262843242,-2.81990611139418,-1.41723080093652,0.32519494288717,0.548106363466502,-0.812097797287015,-0.295360725931063,-5.98880644277407,0.714380801225346,-1.60002359150788,-0.634782934267927,0.822713228036362,0.494375178430933,2.0,1
68207.0,-13.1926709562391,12.785970638298,-9.90665002092758,3.32033688288942,-4.80117593230105,5.76005855618556,-18.7508891580107,-37.3534426378925,-0.391539743919107,-5.05250236713858,4.40680552357904,-4.61075647740608,-1.90948796970811,-9.07271093398351,-0.226074450896345,-6.21155748212485,-6.24814535335983,-3.14924669470095,0.0515761185277783,-3.49304991519446,27.2028391573154,-8.88701714094871,5.30360690376998,-0.639434802306313,0.263203123457008,-0.108876929971315,1.26956635541013,0.939407362758877,1.0,1
151916.0,-5.48803217118325,3.32956068110382,-5.99629608663308,3.6017196361428,-2.02392603601173,-1.73739347660971,-4.39685932040737,0.228394067739377,-1.67588392283112,-3.99178463209724,3.73703768128326,-6.15018666957144,0.28873807103962,-8.76069451926062,2.3446511946564,-5.14563785073948,-6.29347862779442,-2.13718660093444,2.99524475453849,-0.551121114938378,1.71963125994928,0.343209160294469,0.133583641611928,0.833339534034596,-0.839775663207077,0.502009639296227,-1.93747284570186,1.52121837279368,0.01,1
143434.0,-2.7294819717688,3.31249456257958,-4.24271044395109,5.03698507739508,-0.376561160600044,-1.53246175254658,-3.44915850302961,1.85683931947767,-3.62333368933656,-5.6536376856402,3.94231582587852,-5.8837243606062,-1.34781373713666,-9.26612018494559,-2.4595563246821,-2.20564448269106,-5.70908680498665,-1.11393664017816,-1.55653021213315,0.164287792503557,0.72741506386268,-0.301431744500987,-0.502433327315861,-0.462308576168739,0.510682747439828,0.0466646930679243,0.514645779891103,0.140998673095746,1.0,1
150138.0,-2.15085504470997,2.18791662800118,-3.43051589218087,0.119476214172018,-0.173210022248717,0.290699943542092,-2.80898761953492,-2.67935050574045,-0.556684932588288,-4.48548270396242,1.90399926160786,-2.64421945060054,-0.982272877372442,-4.69115085524464,-0.6930797524851,-2.55325078310516,-3.48343626722796,-0.0648523857005649,1.49032876283779,0.53214542192165,-0.0732053058243562,0.561496277430611,-0.0750342624995709,-0.437619179374193,0.353840756362622,-0.521338535540234,0.144464860203719,0.02658811547881,50.0,1
51112.0,-9.84877583247984,7.36554648639464,-12.8985382309124,4.27332307326376,-7.61199101126967,-3.4270452374345,-8.35080815251842,6.86360392236365,-2.3875673251028,-6.06578236274727,2.70785640511515,-6.13603446645473,-0.545976095807375,-7.02898027290706,0.916068574603162,-4.09288449351717,-7.01462170672071,-2.5309672589153,0.554027499068527,0.832398066019608,0.931958309450931,-0.87446736131737,-0.192639469446569,-0.0354260265633338,0.538665050436448,-0.263933516556866,1.13409509350836,0.225973163975667,99.99,1
18088.0,-12.2240206243564,3.85415032971366,-12.4667657248211,9.64831072711484,-2.72696132147655,-4.44561038185083,-21.9228110340575,0.320792273696859,-4.43316165783721,-11.2014000859835,9.32879925655782,-13.1049334662012,0.88848078772943,-10.140200337183,0.713465392614318,-10.0986706554809,-17.5066115481045,-8.06120798966267,1.60687003263877,-2.14718143950284,-1.1598299509044,-1.50411888189644,-19.2543276173719,0.54486672601225,-4.78160552206407,-0.0077722810999307,3.05235768679424,-0.775035651186717,1218.89,1
74159.0,-1.54878809850026,1.80869795041448,-0.953509033832342,2.21308539346999,-2.01572779170327,-0.913456844516923,-2.35601298316433,1.19716896702387,-1.67837405659509,-3.53865023182429,3.1020899271543,-3.99337305447702,-1.93741062327519,-3.82289410599595,0.830970110708369,-2.47535885382925,-5.21187516766885,-0.413871678166879,0.933262164554872,0.390785963777347,0.855138263312025,0.77474482148342,0.0590371520063436,0.343199807900813,-0.468937928609185,-0.278337986906642,0.625922215184372,0.395573378256676,76.94,1
68207.0,-13.1926709562391,12.785970638298,-9.90665002092758,3.32033688288942,-4.80117593230105,5.76005855618556,-18.7508891580107,-37.3534426378925,-0.391539743919107,-5.05250236713858,4.40680552357904,-4.61075647740608,-1.90948796970811,-9.07271093398351,-0.226074450896345,-6.21155748212485,-6.24814535335983,-3.14924669470095,0.0515761185277783,-3.49304991519446,27.2028391573154,-8.88701714094871,5.30360690376998,-0.639434802306313,0.263203123457008,-0.108876929971315,1.26956635541013,0.939407362758877,1.0,1
76857.0,1.14020795371139,1.15643107873873,-1.47157796740819,2.07627840454674,0.774809058745551,-1.00253195191231,0.264947929409663,0.0131622605764724,0.248835339320523,-2.10066651278309,0.763204840843787,-0.94491647902938,-1.41903447142202,-4.68361969585018,0.51928230124953,0.908454083367609,4.13366666889167,1.30620452511785,-1.09471647432252,-0.125097258302807,-0.387894980568907,-0.866811936205838,-0.121582639900783,-0.356108586349469,0.634572810783188,-0.306311023397994,0.0940868179231164,0.121064728484123,1.0,1
75033.0,-0.430330205681344,0.985632693552081,0.645789437298841,0.317131047127407,0.616332206255463,-1.34746245720975,1.0782335690849,-0.161518267508932,-0.492855874580938,-1.03963769713185,-0.39560772252726,-0.664683930228673,-0.985700496668287,-0.660967626671015,0.344105202877093,0.530852433867815,0.278141865207384,0.355529916892446,-1.08122326117298,-0.115281935429531,-0.0163780179250957,-0.207609058231514,-0.164119225784612,0.255280162145255,0.454797817761532,-0.505032215885219,-0.0394559687978208,-0.006357582233934,30.14,1
85285.0,-6.71340697159693,3.92110415204576,-9.74667821737542,5.14826254938013,-5.15156271985187,-2.09938865681113,-5.93776683170198,3.57877960420447,-4.6849517505833,-8.53775768653457,6.34897930341209,-8.68160893168352,0.251179384774619,-11.6080022570993,-0.351568782034355,-5.36356643348466,-11.9390915052116,-3.58360287020043,0.897402406121681,0.135711322729059,0.954272201927517,-0.45108644858101,0.127214424071711,-0.339449869297565,0.394095513633807,1.07529509891805,1.6499059092424,-0.394905372194808,252.92,1
93888.0,-10.0406314557065,6.1391827154247,-12.9729718943545,7.74055544506762,-8.68470452840193,-3.83742916671056,-11.9077019040753,5.83327300056002,-5.73105424359056,-12.4389449056023,6.98988561330738,-16.218610393127,0.25330336584704,-8.72864506518152,-0.147529091109699,-14.1298545174931,-20.6850275533272,-8.48444905730181,4.85125513655685,-0.0822752254211996,2.82343143164188,1.15300501339169,-0.567342849673059,0.843011621641402,0.549937644887907,0.113891875585392,-0.30737499959267,0.0616306406149363,1.0,1
85181.0,-3.00345942213401,2.09615030972986,-0.487030347865578,3.06945315960973,-1.77432868427117,0.251804209642436,-4.32877649482139,-2.42547814428288,-0.985222033510513,-3.99521073403213,1.8806015528528,-2.32517912777326,0.636458662971611,-5.41749934539643,-0.262909464785021,-3.81808566437699,-3.70070702592749,-1.99141207812339,0.779950535234061,0.692537380835205,0.163966694003732,1.24564832133152,-0.269241340185825,0.537102119409512,-0.220756683145222,-0.0595547732936557,0.460709677482052,-0.0335506071081744,2.0,1
160870.0,-0.644277679025173,5.00235242592827,-8.25273876012125,7.75691471173633,-0.21626731754316,-2.75149611755953,-3.3588573150418,1.40626809118347,-4.40385171690245,-5.94563397292191,4.47590467269415,-7.60726146360792,-0.160723119948911,-13.0107493697978,1.09438181918719,-2.86403911817187,-2.87134152887014,-0.180613560248759,0.647708880496559,0.816557858909547,0.587727519791778,-0.605759173274255,0.0337455457845425,-0.756169511485339,-0.0081716252537439,0.532772006004636,0.663969504849476,0.192066835389178,0.77,1
8614.0,-2.16992897559082,3.6396539992044,-4.50849778617728,2.73066814884895,-2.12269287053048,-2.34101682766366,-4.23525308290613,1.70353765763508,-1.30527913344307,-6.7167200227127,6.35361231915591,-8.60164826276464,0.449930038237225,-7.50616937408145,-0.438081781812467,-3.69451599830956,-6.30475338603049,-1.26758712788115,0.357987030484253,0.5007790539507,0.645103275621378,-0.503529448911197,-0.0005228218182992,0.0716957787676742,0.0920074334247208,0.308497931577036,0.552590914653841,0.298954478709399,1.0,1
110617.0,-1.10103546371767,-1.67492805871463,-0.573388195590639,5.6175556662941,0.765556412634615,0.440607080848915,1.93474047501363,-1.01978754945585,-0.19324423129657,1.7837390603636,0.606910821999133,-2.85427542751023,2.37947304553589,1.26814661675691,-0.28361908940932,-0.482192055998123,0.8110054093379,-0.357910684579857,0.752760921550722,-0.0383141473363703,-0.412525822025647,-0.208823118913215,0.344832725150856,1.09143473162108,-0.686512742633337,0.0758089204336296,0.0338647378770195,-0.83285502022751,635.1,1
121238.0,-2.62892199481027,2.2756363708417,-3.74536934909195,1.22694819658893,-1.13296649495042,-1.25635309994595,-1.75241984877631,0.281736387178617,-1.7923429718137,-4.82077941422469,4.17609762346479,-4.61900987976999,0.742689541505504,-7.63696288811138,-0.197887605182768,-4.14039566725884,-7.60471483249934,-1.52450539738207,1.27132193138436,0.133106474791523,0.870729582435536,1.26947278909845,-0.265494007565328,-0.480548610900827,0.169665130870596,0.0960810570397914,0.0700362725602789,0.0637683649579152,144.62,1
167338.0,-1.37442438802593,2.79318461104641,-4.34657205544607,2.40073141993213,-1.68843271426041,0.111136092520939,-0.922037621262745,-2.14992997529601,-2.02747375610927,-4.39084192218279,1.24195817554592,-3.91052150018815,-1.22563629923953,-4.69799687128777,0.676108304106939,-2.07706554161602,-2.68352089790884,-0.525949332550218,0.42234244481934,0.650195855719888,-0.870778521555015,0.50484915999462,0.13799426850986,0.36827456897565,0.103136654803567,-0.414208828090744,0.454981584858352,0.0967109642319915,349.08,1
62059.0,-1.64440309669641,3.1298519330804,-2.57697682172296,3.41557336328899,-0.448525407316687,-1.24189285626533,-1.9916521878557,1.00266488963021,-2.8090712430123,-4.15369240632128,1.39818511854919,-5.65326970240352,-1.23369413839885,-6.332512814541,0.458714800173025,-1.98360960777769,-4.92916202340023,-1.03848208531443,-0.133819199948815,0.290186829391141,0.417762091477206,-0.648575871519649,-0.318617393380036,-0.680412931832076,0.389868676205949,0.0557502963989842,0.394681955439504,0.298820725838569,6.62,1
153761.0,1.14625926661879,1.40345824321907,-4.15914819129688,2.66010705652321,-0.323216826628972,-1.83607089433649,-1.62374005926978,0.259562498148672,-1.13204414952948,-3.35647371355361,3.64647783754223,-3.00268415590657,-0.647500580265193,-5.94500331282299,0.17465003740523,-1.47563951431173,-3.08227352537105,0.224739755103275,-0.300930778531616,0.284830655578029,0.564449516452437,0.445743911757892,-0.141136197426929,-0.265517116377678,0.362259920457956,-0.416062097561802,0.507369852566067,0.243744113775662,51.37,1
41851.0,-19.1397328634111,9.28684735978866,-20.134992104854,7.81867331002574,-15.6522076772063,-1.66834770694329,-21.3404780994803,0.6418997011947,-8.55011032700099,-16.6496281595399,4.81815244707108,-9.44531478308794,1.31705629332341,-7.24346097400378,0.830910291033798,-9.53325705039319,-18.7506411474674,-8.09264877340557,3.32675827497024,0.42720343146936,-2.18269194560955,0.520543072366642,-0.760556415188733,0.662766638397236,-0.948454306235033,0.121795925829793,-3.3818429293561,-1.25652362136258,139.9,1
11131.0,-1.42662331260887,4.14198623236944,-9.80410344235714,6.66627300324451,-4.74952679326515,-2.07312900595144,-10.0899311630826,2.79134529885187,-3.2495156171301,-11.4204509744097,10.8530116481991,-15.969207520809,0.546690084634152,-14.690729133641,0.91233739988339,-12.2271892780267,-18.5873662058916,-6.92076186060174,3.16699890688552,1.41067765264616,1.86567876848945,0.407809281593599,0.605809354312964,-0.769348118123441,-1.7463368287861,0.502039516709683,1.9772583297728,0.711606531209485,1.0,1
148468.0,0.218810192243952,2.71585507956703,-5.11165783900784,6.31066097414859,-0.848345064871295,-0.882445799257676,-2.90207924674704,0.939162177941683,-3.62769814154945,-1.87333085278999,1.2038344844503,-6.17262991831307,-0.921364296717084,-3.94196510459461,-0.0622213828788873,-5.241049107605,-8.15282937205818,-3.24343644496687,1.93548375407006,0.381681938895485,1.08364021161907,1.03732380245639,0.0623251382602846,0.532489603801304,-0.149144855297463,0.639579645658501,0.351567637719089,-0.0018165149574627,0.76,1
64443.0,1.07952397806913,0.872988038728802,-0.303850487243895,2.75536885087579,0.301687623167546,-0.350283737195093,-0.0428479677130716,0.246624608381391,-0.779175595769242,-0.157696445821874,1.92856763203456,-0.935863286411531,-2.43144644518658,-1.63347202401986,0.534336652706283,1.42560550367097,1.59352878606579,1.17846784575361,-1.56869755794851,-0.252115099030468,-0.023254784527163,-0.158600833910515,-0.0388061577093773,-0.0603272546840962,0.358338898397498,0.0769835703935526,0.0189358319830432,0.0605741494833015,0.0,1
102676.0,-5.55212217135236,5.67813391258695,-9.77552798040134,8.41629539413803,-4.40984381923171,-1.50623535484733,-6.89983879692634,3.75044289681131,-3.8797925578861,-6.86416435989436,7.05106508958574,-10.1375291936462,2.81543981456255,-9.90916805374299,-0.262229551498562,-5.02255717747726,-8.52297487191683,-2.01293906157489,1.52573244095261,-0.0647801372282915,1.12847223060537,0.228484046768752,0.286257667302864,-0.536294098099933,-0.104924889157331,0.420919229293903,-0.297556884880609,-0.946184387308798,119.74,1
41791.0,-7.22273130585545,6.15577293013926,-10.8264598371575,4.1807791786876,-6.12355510135628,-3.11413648152623,-6.89511228298774,5.16151637665229,-2.51647653288733,-6.40337055173194,3.18605794805635,-6.85557098142662,-0.837722614772195,-8.03661487513855,0.956969643768367,-4.55719345408278,-7.65470424350142,-2.58841864362628,0.718555009324824,0.818859416826789,0.91270032192132,-0.630358133073199,0.190886662173033,-0.0612634320139128,0.379774656663009,-0.266845465234688,1.19369457713473,0.257468457389868,99.99,1
59011.0,-2.3269223698887,-3.34843873033788,-3.51340796089061,3.17505971028128,-2.81513703435586,-0.203362788049123,-0.892144430418318,0.333225702638422,-0.8020052289805,-4.35068531246963,3.06424584128211,-2.71873063246571,0.0687877027069899,-5.58687312563725,-0.966076477695954,-2.50204941657576,-4.46049463214891,-0.870525745045081,0.595629103995644,3.20917094389277,1.22664839880046,-0.695902072928095,-1.47849021051453,-0.0615525997443275,0.236155012156618,0.531910616094765,0.302324354380578,0.536375347733134,1389.56,1
129222.0,1.17782379154942,2.48710339519253,-5.33060816051087,5.32454683526606,1.15024325844862,-1.28184253527583,-1.17199420002259,0.413778202141836,-2.6598401542684,-2.9716952359177,3.6195974073081,-4.47804406487578,-2.03418448611283,-7.77219735461502,-1.20149274946259,-0.509866916309607,-1.30436979397668,0.495999534593581,-1.35984389291856,0.156057238983783,0.262325116604754,-0.431790202566124,-0.092088065214941,0.145215897986796,0.457788410050576,0.167739067416406,0.451242541470912,0.268421209703893,4.87,1
56624.0,-7.90142134976781,2.72047248689249,-7.88593567244075,6.34833355148109,-5.48011903551053,-0.333059239585013,-8.68237644547782,1.16443107786426,-4.54244738562489,-7.74848004950582,5.26658587269696,-8.67967880327782,-1.1663656781569,-8.10797466085831,0.701364761025326,-6.28830575777651,-13.7531307979331,-4.32923927421315,1.50425021091709,-0.614719344485925,0.0777390506575033,1.0924365947863,0.320132727437797,-0.434642552856739,-0.380687072327338,0.213630359032603,0.423620329379796,-0.105168533503988,153.46,1
67857.0,-1.73933378422429,-1.30465465035444,0.314102907291187,0.0537401062585881,-0.0586957001779964,0.0712595573040713,0.694861852921962,-0.313269934817745,-0.649377114028123,0.517567879914365,-1.35655775612738,-0.238382663867126,0.0695790190825196,-0.431690053731737,-0.674723889299605,-1.65416180710569,-0.0539606012956825,0.520745840192804,-1.55456174696529,-1.46399432399357,-0.665172078751849,-0.632078028662709,-0.421175799634968,-0.400774352865197,-0.001640301894043,-0.495162312868153,0.0316326197006312,0.0662796878513276,320.0,1
165132.0,-7.50392623748137,-0.360628009949399,-3.83095228272519,2.48610285639632,2.497366775329,1.33243694265115,-6.78396378716369,-15.4153849212396,0.465511605096266,-0.39438126178315,1.05410721205494,0.974058515963307,-1.45366801871907,-1.42561990549746,0.577661575273881,0.836807763068655,2.84494961758243,1.61350955823594,2.54831265500006,-0.475126442823018,-6.38913186553574,2.24996439320029,1.67050826686181,0.140450002467555,0.162147414308657,1.20773090940574,1.26895846837763,0.097538236000963,12.31,1
94625.0,1.70785693746472,0.0248807914815549,-0.488140038578959,3.78754815533943,1.13945148482475,2.91467262159314,-0.743357877946301,0.699135879021363,1.0084706473096,0.912806096143303,0.7653541419638,-2.04386838674929,1.00154733873148,1.32288725448265,-2.72007696175136,-0.153429555378718,0.752610596119435,-0.755785824269169,-1.91256263382671,-0.368014254987192,0.0108651916304298,0.548257831746395,0.0912182952145324,-1.00795946020642,-0.0821828177765288,0.179709188704528,0.0077377190320074,-0.0688413102470406,33.76,1
70270.0,-1.51251575792702,1.13313858781029,-1.60105247993576,2.81340096831714,-2.66450340578315,-0.310371093924795,-1.52089516380539,0.852995775116439,-1.49649450564954,-4.05629261571005,1.55375586796783,-2.74355135914945,1.50454067059684,-5.42878849870488,-0.0160171233729703,-3.72718761269833,-3.94629958919926,-1.68028644319238,2.30361261010114,1.24958556268985,0.729827756052255,0.48528591471162,0.567005413227757,0.323585691602658,0.0408708540928058,0.825813553299941,0.41448227186994,0.267265082454707,318.11,1
7551.0,0.316459000444982,3.80907594667829,-5.61515901119457,6.04744510216478,1.55402595692572,-2.6513531120137,-0.746579273100222,0.0555863112529252,-2.6786785422399,-4.95949291161496,6.43905335158373,-7.52011739288703,0.38635166741077,-9.25230724747513,-1.36518841502051,-0.502362190618164,0.784426598154274,1.49430460743838,-1.80801215867357,0.388307428238927,0.208828369001674,-0.511746619200722,-0.583813220813723,-0.219845029091423,1.47475258440688,0.491191925656006,0.518868284577287,0.40252806767232,1.0,1
41194.0,-7.89688615307576,5.38101952251685,-8.45116161458266,7.96392808742307,-7.86241943013129,-2.37681997521459,-11.9497234569249,5.05135567269165,-6.91207600938549,-11.589748311433,6.64520072606617,-13.542095596465,0.888247918839909,-12.623316046432,1.00275519562895,-12.4322791426353,-23.2415971479491,-8.49529893803197,3.45394255518458,0.645974321869431,2.55794395644985,0.926277883497588,0.0327949396062788,0.638072585685807,0.361887213739485,0.444576520477986,1.10192314818996,0.205958012508108,1.52,1
93853.0,-5.83919161928092,7.1515323543223,-12.8167600806187,7.03111476501099,-9.6512721679897,-2.93842725771624,-11.5432071690832,4.84362653179436,-3.49427572506535,-13.3207888671784,8.46024444901677,-17.003289445516,0.101556614891384,-14.094451660329,0.747030766392512,-12.6616957230679,-18.9124938172188,-6.62697484523061,4.00892074227194,0.0556838813863639,2.46205591127559,1.05486518382957,0.530480596078193,0.472669814042592,-0.275997967880675,0.282435024801752,0.104886020210564,0.254417096767513,316.06,1
12597.0,-2.58961719821269,7.01671438495857,-13.7054072869097,10.3432280604117,-2.95446103475574,-3.05511578527804,-9.3012886151434,3.34957336071614,-5.65421202641103,-11.853866972601,11.6692047358121,-17.2286622386187,0.0555715664836118,-18.4937733551053,-0.304172113519045,-10.6294973901353,-14.4412111342765,-5.10548646597228,1.2702262705049,1.48885519236896,1.88773772551451,0.333998184533223,0.28765904061745,-1.18640640906644,-0.690272670076388,0.631703772210546,1.93422076005943,0.789687172212655,1.0,1
101313.0,-25.825982149082,19.1672390103062,-25.3902293121699,11.1254347149714,-16.6826439195391,3.93369943022963,-37.0603114554112,-28.7597989339836,-11.1266235224579,-23.2282548357516,3.7859770496129,-10.5224940129243,-2.65749636392801,-3.79279543594993,-4.49894467676621,-6.55787310177539,-12.8672447953713,-5.80459047549908,-1.25446534452587,7.90737812724062,-16.9220157786505,5.70368400806478,3.51001884069223,0.0543302268964685,-0.671983312405663,-0.209431359115655,-4.95002186384908,-0.448412770754799,2.28,1
152307.0,-5.22296817637504,4.64182734988813,-8.85820420925725,7.72350199432307,-1.50703495625849,-2.15948357376289,-4.20516409588397,0.979334284202064,-1.50563737438727,-2.23906626105695,4.23139330449617,-8.49348798082106,-1.09281084673483,-13.2375585139603,1.1840864824863,-4.18641517783122,-5.49253578625626,-1.21610811302066,1.04610451099676,-0.176673248133323,0.561892173950775,0.624206816460912,0.536428910734314,-0.628333712411096,-0.222651230551295,0.382208361920644,-2.6930356893785,0.407935125898827,1.0,1
95559.0,-16.308650062507,11.6148005425867,-19.7393862972953,10.4638662754002,-12.599145656022,-1.2023933184963,-23.3805078207357,-5.78113300512982,-7.81102238181602,-16.3035376590131,5.57362527301538,-13.6352161247268,-0.483236243869236,-7.35279224297253,-2.39268418895092,-8.72814239367754,-17.5988535455879,-7.45595632935304,0.169740705598221,2.10603387120175,-4.88498262418118,1.14091043558273,1.39295263139548,0.348996604820014,-2.16750975079914,-0.798753537981903,-2.94277507305079,-0.462679619023024,1.63,1
81372.0,-0.88525408859895,1.79064923163963,-0.945148961205205,3.85343274655953,-1.54351007486649,0.188582114329739,-2.98838275644296,1.34405855095688,-2.29453470924744,-1.88617599041763,1.90428359307622,-4.00241403073237,-0.936955588407958,-2.80191542309724,0.798328052783254,-2.34873992555213,-6.42673430721498,-0.827308425201024,1.73238175785046,0.370040520565647,0.746159905151139,0.550802011985416,-0.0348823420887786,-0.56760840448119,-0.528317952733951,0.258782456503747,0.506892694941992,0.176735548819463,7.57,1
8528.0,0.447395553302475,2.48195386638743,-5.66081393141405,4.4559228120932,-2.4437797540431,-2.18504026247234,-4.71614294470093,1.24980325173147,-0.718326066573691,-5.3903302556601,6.45418752494833,-8.48534657377678,0.635281408794591,-7.01990155916612,0.53981407134798,-4.6498642988132,-6.2883575087823,-1.33931232244731,2.26298478762517,0.549612970886705,0.756052550277073,0.140167768675,0.665411100673545,0.131463791724986,-1.90821741154788,0.334807598686864,0.748534284767756,0.175413794422896,1.0,1
50808.0,-9.16978982388629,7.09219680097303,-12.3540368689178,4.24306897383907,-7.1764377547738,-3.38661804868541,-8.05801194656602,6.44290866379074,-2.41298660229065,-6.13490688724113,2.82667122820047,-6.30984277729399,-0.623002385785158,-7.27986921938704,0.924233225976226,-4.21553713481175,-7.17167241498026,-2.55033668458713,0.596364320528384,0.816651661759946,0.926156961108813,-0.817706132334589,-0.150434415715838,-0.039383059739641,0.485639753958673,-0.264324608977439,1.1596904600617,0.232758088392131,99.99,1
155535.0,0.711155481810016,2.61710490740972,-4.72236322125,5.84296995871769,-0.600179298610849,-1.64631317703679,-2.78519836554505,0.540367735499417,-3.04402909749745,-3.92650993997042,2.75783745850663,-5.43735368941346,0.546878907367748,-8.39657296658687,-0.810715738936796,-3.01429397773507,-6.64248226272335,-2.58402822440731,-0.820354414754465,0.46103194379752,0.360500881641394,-0.865525509838014,0.139978107568553,-0.336237870703344,0.128449337645535,-0.155645815012462,0.799459945626899,0.392170236404553,3.9,1
41237.0,-10.2817840384715,6.30238478416897,-13.271718028752,8.92511547634157,-9.97557831146449,-2.83251346361162,-12.7032526593299,6.70684583868978,-7.07842395823848,-12.8056831898117,6.78605830197451,-13.0642398936784,1.1795245105938,-13.694873039573,0.951479176238826,-10.9542857275047,-20.5835927904158,-7.51726213169106,2.87235363605874,-0.247647527731929,2.47941350799644,0.366932842343897,0.0428046480276363,0.478278891799746,0.157770817898023,0.329900959238367,0.163504340964582,-0.485552212695879,118.3,1
55279.0,-5.75385192191905,0.577609830544052,-6.31278151817008,5.15940136394611,-1.69831984974091,-2.68328644007023,-7.93438913772177,2.37354992013064,-3.07307886895315,-7.14513662527302,6.25006758982915,-9.15082268467043,-1.37614146959781,-9.98258470738767,1.2022169675584,-7.56504249195105,-13.691474448179,-4.36686728138342,2.18142273556017,0.0175000205275833,1.17785240817647,0.175331359039045,-1.21112332108691,-0.446891081681294,-0.405520352964176,-0.165797490498776,1.50551591304239,0.359492050360598,1.0,1
64093.0,-6.13398694801985,2.94149944882418,-5.59398556768425,3.25884522291112,-5.31551221858167,-0.637327763117765,-4.47648804491816,1.69599358704814,-1.60674315131804,-5.11725920989043,3.97722223959189,-8.06609609331146,-0.760887591756867,-8.66077095912039,2.22023798968633,-6.23759654204862,-11.0463816554829,-4.15587936834903,1.76361087438004,-0.815086315781228,0.86833985051032,0.793736498280638,0.217346586657621,-0.0219850652442062,0.145881913923651,0.665087660642875,-1.68418604869422,0.31019546302906,294.9,1
68207.0,-13.1926709562391,12.785970638298,-9.90665002092758,3.32033688288942,-4.80117593230105,5.76005855618556,-18.7508891580107,-37.3534426378925,-0.391539743919107,-5.05250236713858,4.40680552357904,-4.61075647740608,-1.90948796970811,-9.07271093398351,-0.226074450896345,-6.21155748212485,-6.24814535335983,-3.14924669470095,0.0515761185277783,-3.49304991519446,27.2028391573154,-8.88701714094871,5.30360690376998,-0.639434802306313,0.263203123457008,-0.108876929971315,1.26956635541013,0.939407362758877,1.0,1
101597.0,0.91311613528992,1.1453810871791,-4.60287793273505,2.09180337375362,-0.473223859280585,-2.0854358325571,-1.67124403232231,0.0943965856348779,0.337798765397573,-4.4318096317282,4.87197985976052,-5.39522117678937,1.33250215621937,-4.60379669207464,-0.77731354811867,-2.57189156103509,-3.00361530529652,-0.225441388417525,0.252273565031692,0.50898474829098,0.40141574109896,-0.0849334160429759,-0.197684434494785,-0.283271078982557,0.387597335722074,-0.553526986386025,0.516274456782261,0.270828187083758,147.87,1
41505.0,-16.5265065691231,8.58497179585822,-18.6498531851945,9.50559351508723,-13.7938185270957,-2.83240429939747,-16.701694296045,7.51734390370987,-8.50705863675898,-14.1101844415457,5.29923634963938,-10.8340064814734,1.67112025332681,-9.37385858364976,0.360805641631617,-9.89924654080666,-19.2362923697613,-8.39855199494575,3.10173536885404,-1.51492343527852,1.19073869481428,-1.12767000902061,-2.3585787697881,0.673461328987237,-1.4136996745882,-0.46276236139933,-2.01857524875161,-1.04280416970881,364.19,1
93742.0,-3.29112509261551,4.4011941515981,-8.39421162258901,4.45357956949695,-4.79005451824953,-4.24018208232724,-9.21900099642753,1.97402995723142,-2.91294270907847,-13.540168238225,9.41303953977606,-18.0475965708216,-0.728186553999085,-15.3930448312636,0.3494850489774,-13.30388757707,-21.2979057823155,-7.26231079476482,2.27422550991903,1.4908691418867,2.10234346771868,0.597370314627801,-0.328086184026121,0.445752402449364,0.585280580866405,-0.399005421878678,2.11600444233121,1.05074380386505,1.0,1
41646.0,-3.24018658731411,2.978121790406,-4.16231393691373,3.86912437879902,-3.64525645477793,-0.12627056104764,-4.74472973694714,-0.06533104369042,-2.16836609501902,-4.75830407509117,3.47109784646449,-6.5331067689397,-0.983468669556775,-6.07398900285949,1.12540670902583,-7.71804240456347,-9.85592743669396,-5.19390789281555,2.04269768780688,-0.224043462894117,2.60144102940002,0.23191011639882,-0.036489849092758,0.0426396452203885,-0.438330345949387,-0.125821080392006,0.421299802439127,0.0031458761215678,172.32,1
126219.0,-1.14155893716424,1.92765003845063,-3.9053561494007,-0.0739425941379643,-0.0448578188133647,-1.75699895886989,-1.21741649894761,0.364563278725543,-2.77014774706035,-3.21618771830464,1.28674925677162,-3.27270458494442,1.04221562276303,-5.74894325155799,-0.668136526600605,-3.86597568295345,-2.70505213033344,-0.103907181377394,-0.716811424575637,-0.250582939794953,0.102081332026183,-0.531495912348873,-0.328740974448816,0.393099609976725,0.568434632400261,0.786604529169779,-0.146101643769467,0.0762114890570611,25.0,1
102669.0,-5.60369027985602,5.22219270751471,-7.51682997724608,8.11772427554261,-2.75685795265464,-1.57456462233583,-6.33034325040366,2.99841888080239,-4.50816689310713,-7.33437708370839,7.18872396524447,-10.6551809118898,2.59467986078199,-10.242859083204,-0.191158119172494,-5.50433407013933,-8.69777741257031,-1.93422536185434,1.95874993153475,0.227525994742654,1.24289620552409,0.428408392466797,-0.101183595116722,-0.520199121186447,-0.176937756589733,0.461449982566097,-0.106625180749266,-0.479661947808134,0.0,1
42474.0,-3.84300903438536,3.37511020399082,-5.49289319668564,6.13637764344382,2.79719546082743,-2.64616226518954,-1.66893106391951,-2.61755205155675,-3.94584260288362,-4.56525209408734,4.09721607443527,-5.4509164388957,-0.965692752165388,-10.9044588731508,0.526947764497797,-1.13975413041553,0.835639563488731,0.389774231161906,-1.43960797610281,0.0547955667305956,-1.2778115827927,0.719652000906672,0.451125175067876,-0.25809365058648,0.656129466667281,0.556676326289228,0.739383212515096,-0.203049673816441,1.0,1
29753.0,0.269614090485094,3.54975512877325,-5.81035344453706,5.80936957402456,1.53880793351049,-2.26921913566818,-0.824203333436328,0.351069915343584,-3.75905945636624,-4.59238980599474,5.47939151009669,-5.65785754091816,-2.6480760898503,-10.3848897408947,-0.225946407826958,-0.701882908954806,0.409735840500415,0.939603694029483,-1.95429995537505,0.310524633435283,0.371121111209288,-0.322289520392532,-0.549855883222537,-0.520628958812409,1.37821038664663,0.564714292689441,0.553254713878568,0.40240000915925,0.68,1
160243.0,-2.78386548658584,1.59682357624614,-2.08484398883683,2.51298558446866,-1.44674856585353,-0.828495614406621,-0.732262192061793,-0.203328860039345,-0.347045718430565,-2.16206139007752,1.96612345703981,-3.12745594474482,0.506574101009247,-5.92613104122097,0.931090795564338,-2.49930719432672,-3.71275186652084,-1.1421334371849,0.626240855695279,-0.515000920121256,0.203563419764299,0.29326788153054,0.199568287904264,0.146867632313486,0.163601884592709,-0.624084665941504,-1.33309975919931,0.42863399433625,156.0,1
8415.0,-0.25147096006823,4.31352332575143,-6.89143771650147,6.79679668055103,0.616296505250374,-2.96632654187403,-2.43665252687714,0.489327898838014,-3.37163857159343,-6.81081309938215,7.62008905836908,-10.2852825163315,-0.342444334069655,-11.5434979157865,-1.3349879032835,-2.68928420445067,-3.20438340295762,0.0865218956911394,-1.31449509665307,0.632709963789826,0.536892074447128,-0.546126023729244,-0.605239547613772,-0.263743459593593,1.53991583077868,0.523573696680871,0.891024688365269,0.572740666549584,1.0,1
93879.0,-13.0865194204794,7.35214833905529,-18.256576111808,10.6485054461688,-11.7314764509112,-3.65916740569145,-14.8736579646075,8.81047267511276,-5.4182040716445,-13.2025771482197,6.35722736343626,-15.5316111795156,0.659694875353275,-11.4123295951252,-2.44757607431839,-9.83374302098841,-18.1746174349071,-7.269904593126,0.623796611777714,-1.37629840858733,2.7611570593153,-0.266161809571132,-0.412860724865388,0.519952215674181,-0.743908960008006,-0.167808225140728,-2.498300252188,-0.711066151912636,30.31,1
67571.0,-0.758468652663917,-0.0454102784513458,-0.168438290153528,-1.31327481447103,-1.9017625315847,0.739433414882114,3.07189204639003,-0.483422244220096,0.61820276215476,-1.7690597207318,-0.651414013964987,-0.0054232908009888,-0.517194341398293,0.217469760178719,0.883558824493356,-1.17397764863161,0.24334710955825,-0.342300728238465,0.68705620239513,-0.0324998988871344,0.0426194565214976,0.397223782011498,0.0722288654476503,-0.242275996603303,0.560916469624214,-0.540954584325348,0.150606446374032,-0.117140114799884,549.06,1
94362.0,-26.4577446501446,16.497471901867,-30.1773174564996,8.90415677106517,-17.8925996927224,-1.22790388102871,-31.1973285494605,-11.43892041491,-9.46257260540015,-22.1870885620007,4.41999660154863,-10.5923050053728,-0.703795803703315,-3.92620731586873,-2.40024649210124,-6.80988994039049,-12.4623149481086,-5.50105078380738,-0.567939572890149,2.81224110932946,-8.75569832116533,3.46089334478551,0.896537503959012,0.254835536763482,-0.738096558530353,-0.966564233789852,-7.26348214633855,-1.32488430656137,1.0,1
7740.0,1.02387386852139,2.00148526626613,-4.76975183220974,3.81919458538265,-1.2717542273697,-1.7346624268403,-3.05924503160896,0.889804791975203,0.415382113237262,-3.95581234352737,3.57205481558784,-7.18645159050588,0.147242340802109,-5.24930454889762,1.67833367358535,-2.64147310915178,-1.31205856007348,-0.391716050952505,1.11826355175812,0.204137684042271,0.343282648722251,-0.0541956644068491,0.709653952497143,-0.372215866946976,-2.03206836614816,0.366777602071192,0.395170669257609,0.0202055389458413,1.0,1
7543.0,0.329594333318222,3.71288929524103,-5.77593510831666,6.07826550560828,1.66735901311948,-2.42016841351562,-0.812891249491333,0.133080117970748,-2.21431131204961,-5.13445447110633,4.56072010550223,-8.87374836164535,-0.797483599628474,-9.17716637009146,-0.25702477514424,-0.871688490451564,1.31301362907797,0.773913872552923,-2.37059945059811,0.269772775978284,0.156617169389793,-0.652450440932299,-0.551572219392364,-0.716521635357197,1.41571661508922,0.555264739787582,0.530507388890912,0.404474054528712,1.0,1
406.0,-2.3122265423263,1.95199201064158,-1.60985073229769,3.9979055875468,-0.522187864667764,-1.42654531920595,-2.53738730624579,1.39165724829804,-2.77008927719433,-2.77227214465915,3.20203320709635,-2.89990738849473,-0.595221881324605,-4.28925378244217,0.389724120274487,-1.14074717980657,-2.83005567450437,-0.0168224681808257,0.416955705037907,0.126910559061474,0.517232370861764,-0.0350493686052974,-0.465211076182388,0.320198198514526,0.0445191674731724,0.177839798284401,0.261145002567677,-0.143275874698919,0.0,1
53451.0,0.385108461103674,1.2176203228402,-1.95387216540948,2.08707599095328,-1.14422540643716,-0.57688799482478,-2.58286504391682,0.643229999334504,-1.19123269237613,-3.09509360697848,2.82114488798301,-3.1005456578695,0.146199374342408,-4.51012391529804,0.574490022660784,-2.12346278453199,-6.05331938825344,-0.70637615273475,0.572791028207014,0.380545212283106,0.594623132460925,0.372143665842342,-0.310455791389476,-0.624065148802846,0.840216130296559,-0.159451766672991,0.599482364663208,0.288915549852885,8.0,1
59385.0,-7.62692409246447,-6.97642000754641,-2.07791115073952,3.41675415987856,4.45875840248762,-5.08040779918275,-6.57894786782983,1.76034141396682,-0.599508728352202,-4.00174208524931,2.61176184321338,-2.21069105518154,0.145323220628924,-5.28167813117348,-1.44622731547596,-2.34217826208892,-4.44208205885268,-0.812202197039381,0.254771833248553,2.87526030369363,1.22479498325958,-0.656639147267532,-0.330810728527997,-0.0789460153087798,0.270305924800976,0.431119110160139,0.821381426988655,-1.05608777393768,18.98,1
71033.0,-3.17081841545902,0.185734554774403,-3.39985157931162,3.76115529034876,-2.14804702797609,-1.59894442520531,-2.51956531805231,1.31621501070214,-2.40010611621824,-4.99341703829647,4.44719176626515,-5.29376010254684,-1.41957829927441,-6.42527621352443,0.914083034195792,-3.51519716625381,-6.34745330751181,-0.90351216582405,1.19160626766329,1.93225372509724,1.09205113380931,-0.0410804286307278,0.904395217733676,0.180015601586537,0.0499703397242655,-0.257099837784436,0.859281566487016,0.225924185725605,426.4,1
45541.0,-1.51924353075082,2.30849245367643,-1.50359931953802,2.06410058377601,-1.00084505842829,-1.01689703316417,-2.05973051990126,-0.275166374590629,-1.56220609694371,-2.75579692797163,3.43824825990431,-3.52152936013651,-0.918761288376486,-4.45210024854037,0.499313753853031,-2.90790343439971,-5.24864639527919,-0.936814652613817,1.16012029433585,0.175018552247898,1.30787143187069,0.102825644139183,-0.0177462832428156,0.149695925673219,-0.0966024680642115,-0.369114567720136,-0.0192440931269227,-0.20831909164279,1.0,1
110087.0,1.93494645561548,0.650677737498259,-0.286957048622899,3.98782809057201,0.316051835129206,-0.0994493763543019,-0.0214831582313935,-0.172327298889228,0.508730034701461,1.07295520625891,-0.427567391481657,-2.777649223895,1.63714014878874,1.5710801214626,-1.44536681818908,0.908649625166723,-0.122016068028642,-0.104109917156777,-1.6840216339214,-0.344452123814994,-0.173601631022283,-0.190973581696087,0.219975571293889,-0.216596550704603,-0.136691885594352,-0.129953649978571,-0.0500768352982461,-0.0510818960798855,1.0,1
94362.0,-26.4577446501446,16.497471901867,-30.1773174564996,8.90415677106517,-17.8925996927224,-1.22790388102871,-31.1973285494605,-11.43892041491,-9.46257260540015,-22.1870885620007,4.41999660154863,-10.5923050053728,-0.703795803703315,-3.92620731586873,-2.40024649210124,-6.80988994039049,-12.4623149481086,-5.50105078380738,-0.567939572890149,2.81224110932946,-8.75569832116533,3.46089334478551,0.896537503959012,0.254835536763482,-0.738096558530353,-0.966564233789852,-7.26348214633855,-1.32488430656137,1.0,1
129741.0,-1.39620432643506,2.618584398377,-6.0367702713295,3.55245370976796,1.0300913064513,-2.95035827245882,-1.52850574519993,0.189319000841056,-1.43355448519874,-5.56914249554635,3.27754628526759,-5.89693656310926,-1.27710175970119,-11.2218047709786,0.326026786021776,-2.49734111017829,-1.58833565600268,0.120289372543204,0.170143879416802,0.0317945560061884,0.14317682159778,-0.390175928835842,0.35602946330105,-0.762351548983177,0.0965103406932942,-0.487861395288973,0.0626546228071552,-0.240732349240766,1.0,1
26899.0,-21.8854339051741,12.9305051249875,-24.098871851647,6.20331419234722,-16.4660991227874,-4.45984212550286,-16.519835984614,14.5355647151916,-3.89702188761405,-8.6507583293562,5.3754339072439,-7.56721354069937,0.461807829323489,-7.82789139878016,-0.0228148529460228,-6.57804150255676,-13.0024594617382,-4.88446723880536,1.10435473489394,1.6119982189969,1.76223176917351,-1.57905510076487,-0.951042744820554,0.13456529188962,1.50711039768212,-0.222670856855594,1.52765527810284,0.453698638993223,99.99,1
41743.0,-2.14441147422114,1.0734990949761,-2.77366294436956,1.38439373061694,-4.01547712730958,0.747235431622141,1.52563753547227,0.192987836205386,-2.43186196584916,-4.15583783449678,4.35477463025116,-2.87240010922107,0.468875462284219,-4.55566674751092,0.699671492981511,-2.90114077639634,-4.67466711122835,-2.21362325223921,1.29616504982889,0.668123787084126,0.14465327974064,-0.885681640451265,0.625098628062992,0.0965268919194303,-0.189454895625625,0.532908314019749,0.423044721673666,-0.210266310409715,802.52,1
55614.0,-7.34795494690262,2.39704134824746,-7.57235581757844,5.17781925521834,-2.85483828261718,-1.79523877381611,-8.78323473517424,0.437156561210431,-3.74059750992972,-8.33286306292127,5.76318940883843,-8.70787929219866,-1.71694948774786,-9.57719439289905,0.146369002626258,-7.58649078643175,-12.5039309695675,-4.37563101237668,2.46519487038601,0.0731637913502985,-0.175273369741836,0.543325051876651,-0.547955067054245,-0.503721690122004,-0.31093277648824,-0.16398601754964,1.19789504657005,0.378186688214491,0.83,1
17187.0,1.08837493830851,0.898474023721059,0.394684329076182,3.17025757451452,0.17573879687403,-0.221980885195245,-0.0229887284923858,-0.0108735366656839,0.860043617194172,-0.592472935320844,1.07272839973578,-2.54755681422931,1.23595005675711,-0.330305803751441,-1.02235437464957,0.335642172519614,2.29899822072815,-0.1620962094812,-1.53270721248432,-0.217358192249005,-0.423553904215867,-0.800852284805578,0.0776144554303444,0.167608452574198,0.350181817443194,-0.118940929478619,0.0129477659306532,0.0542542721018558,3.79,1
41147.0,-5.31417320646342,4.14594361146639,-8.53252245892907,8.34439167363678,-5.71800820787464,-3.04353608094129,-10.9891846672722,3.40412865609659,-6.16723364181153,-11.435623996076,7.67453383416429,-14.2960914258331,0.526938923712363,-15.4450258118019,0.991651201275811,-12.3913460034009,-22.5416517287861,-7.98672065349455,2.99255446334225,1.15001731865814,2.33146580801509,0.862996305559532,-0.614453237551036,0.523647877136623,-0.712593271662611,0.324637964828057,2.24509146635599,0.497320848969724,88.23,1
76867.0,1.08256623409747,1.09486151295003,-1.36702004784737,2.01255429562949,0.708142047645968,-0.807712094137058,0.151952109111841,0.158352530916403,0.0098722842273316,-1.92527812380296,2.60593702345612,-0.309218873424363,-1.76754891562268,-4.42919458671376,-0.171939794624445,1.05551393649543,3.9705869371836,1.76224857169611,-0.880812102847679,-0.135789404251701,-0.32528376499397,-0.734343617700577,-0.106725343342181,-0.224999064492694,0.569167327221417,-0.33503264926341,0.0891401408869493,0.11233722000597,1.0,1
139951.0,-2.92194437582996,-0.228062380877632,-5.87728864550113,2.20188352154659,-1.93543987294876,0.631140872429647,-1.24510634194653,1.51134802001741,-1.89998665663916,-6.42823083022309,4.22915426403483,-5.29231414644205,-0.888086758827616,-7.67225031168781,0.547571031984509,-4.30705980241373,-5.70117436362661,-1.7728029372439,-0.193132205838334,2.23073487215795,1.4416222749673,0.895527948704547,1.38551112812,-2.02802422921896,0.50913097167708,0.172642921018111,0.726781012281488,0.234513922496959,723.21,1
18675.0,-12.3396031574122,4.48826730168204,-16.5870729373632,10.1072738734101,-10.4201989827431,0.130669811857349,-15.6003233044816,-1.15769598093331,-5.3046309683427,-12.9389293107706,8.80568196718575,-13.5561301301468,1.16546376028499,-9.80988150207055,0.369987279150665,-9.50521044515487,-17.5420303090874,-6.79263778723153,2.06937744931751,-0.0855014634055812,-2.0896096332232,1.74531450014405,1.37681580939778,-0.554271418366818,-1.61074085196174,0.153725444536768,1.2124772080589,-1.86929047595671,188.78,1
58642.0,-0.451382569628168,2.22514650025341,-4.95305045271638,4.34222824814605,-3.65619018970243,-0.0201214656089607,-5.40755361778584,-0.748436141338482,-1.36219775131112,-4.17062288702767,3.76230638231684,-4.22622469486547,-2.04669403006077,-4.71049793587464,0.217572360008267,-4.73908378383857,-6.13188675183675,-2.42587063860491,2.31416486951171,0.724381267691587,-0.575924092076688,0.495889440695266,1.15412793921228,-0.0161857864909953,-2.07992826296301,-0.554376906341192,0.455179270612071,0.0013206564598543,113.92,1
93823.0,-3.82193880087939,5.66724730913206,-9.24496345774236,8.24614693395311,-4.36828608664298,-3.45073451820581,-8.42737802930292,2.30560850484611,-5.33807918394682,-12.0111608836062,8.62125508140256,-18.6837146333443,-0.962073428413392,-15.2976561861343,-2.41413212341002,-12.105602245184,-21.3381950868483,-8.04543571561822,0.15601503277122,1.11524688892983,1.99051970513882,0.0833533215963405,-0.0622635530228708,0.390187802079359,0.329883884451897,0.0980170825531413,1.86957016296191,1.00084956292018,75.86,1
93860.0,-10.8502815883108,6.72746568826853,-16.760583409542,8.42583167857118,-10.2526968683093,-4.19217104406337,-14.0770860104531,7.16828793346092,-3.68324217370244,-15.2399619587112,8.03070840755191,-16.0603057628826,0.270529742348469,-14.9529810390579,-0.241094883743813,-11.866730636746,-15.4869899240937,-5.74865155747378,4.1300314273319,-0.646818272966729,2.5416369467068,0.135534921100722,-1.02396689219897,0.40626452579196,0.106592778669641,-0.0262323892202069,-1.46463002356247,-0.411681819907858,78.0,1
67150.0,-1.82429505976067,0.403326526860602,-1.99412200641801,2.75655816357726,-3.13906432572579,0.408185014718199,-1.20904511871624,1.09563435393431,-1.44722489217345,-3.95100289197434,2.56070020158284,-3.4119829114195,-0.781669619949492,-4.7327675351632,-0.433973654922625,-3.30608841178359,-4.23102187544855,-0.750809770409941,2.69080834203374,1.50368830479002,0.838760421033887,0.341727095787049,0.947506491293615,-0.145493002452622,0.0493257725258454,0.831065451615044,0.33242130393302,0.252712728641008,489.71,1
93860.0,-10.6323749061596,7.25193622855414,-17.6810718207918,8.20414440620562,-10.1665907519072,-4.51034377036334,-12.9816061559658,6.78358879797499,-4.65932958355558,-14.9246547735487,8.38914233451929,-16.4655039422141,0.33851695978655,-14.224403603167,0.556584472572111,-11.683998043525,-15.8416159780561,-5.75319975278369,3.81304079276336,-0.810146481561289,2.71535704420309,0.695602689761576,-1.13812206664164,0.459442241911828,0.386337323495895,0.522438449202614,-1.41660373652915,-0.488307035713995,188.52,1
70229.0,0.315641749332386,1.63677796226183,-1.51964988293973,4.02857099852445,-1.18679426720391,-0.789813099852487,-2.27980740468004,0.472987926704315,-1.65763500271185,-2.89499040084744,1.60198538284757,-2.82494562476694,1.26920363552044,-5.59136368933409,-0.974827287131074,-2.73779549628906,-4.9615343155062,-2.22479740778771,-0.136117269757132,0.388884849068478,0.345920750226663,-0.1080015945344,-0.165441941824109,0.279894580016653,0.808783092569154,0.117362632970147,0.58959490284462,0.30906407378289,3.79,1
73408.0,-2.86979494599423,1.33566696241079,-1.00953019777159,1.69388472852407,-0.741479894623347,-0.796772696354505,-2.61424187718441,1.06663646767929,-1.13549652218517,-3.9433368210052,2.57283021584331,-2.28866350030302,0.562084177710423,-5.33871420959882,-1.85325189141529,-2.619233053885,-5.23142512742468,-1.23485373672039,0.397308037124058,0.0115572104606548,0.528421372720921,0.228027080989586,-0.749297963439339,-0.0671789627433331,0.215792485177395,-0.453651011768872,0.349191042793996,0.198862268219404,16.48,1
149676.0,1.83319104756006,0.74533277919767,-1.13300871289587,3.89355597724996,0.85816381687158,0.910234501320998,-0.498200069408129,0.344703185766382,-0.667939095579291,0.398155064675901,0.613867739096179,-0.0225614827826197,0.452018065249222,-2.96920095585607,-0.964967034325346,2.46444980239245,0.671240576431668,1.92102109165871,-1.61692658827377,-0.0855787549071908,0.0392894902587427,0.181651614823537,0.0729809106352829,-0.15529884930206,-0.149891395375819,0.0127924878401756,0.040853819187149,0.0229031158842699,17.39,1
61646.0,-1.52230450950001,1.50515204317029,0.372364350808073,2.28686855813503,-0.526518744404641,0.998593092488712,-1.0875560400314,-0.027248402908359,-0.533001251290556,0.169572797878818,2.79039639060721,-2.31695189213093,-0.78253178710191,-3.43173796295146,-0.527701760836688,-3.2935576903327,-3.90149898369755,-2.52544048175208,0.79514422023384,0.412800620721233,0.332216175668172,0.493980864616249,-0.0801982925908616,-0.253327337787628,-0.477799682605952,0.991739677999628,-0.952553959120801,-0.39036399798095,19.04,1
28726.0,-29.8763655139763,16.4345245512223,-30.5586968214292,6.50586178736296,-21.6656542956569,-4.94035632949796,-20.0813910746494,19.5877726234404,-3.59149104711596,-7.80059820772759,3.94783971729026,-5.4879114860488,1.36994034924206,-4.82955244300835,-0.134412095441135,-5.12116240451142,-11.1181904509172,-4.65995586983801,0.608930080519071,1.72477883837961,1.81295397464878,-2.23225158753151,-1.41280344282556,0.178731069561437,2.15604185816706,-0.20938462411377,1.25564890085966,0.364530452975509,99.99,1
35926.0,-3.89658259167336,4.51835470349753,-4.45402724041253,5.54745334718879,-4.12145857265685,-1.16340665785105,-6.80505305303552,2.92835625399971,-4.91712959933528,-6.60046062150676,3.36784560815482,-7.88897751950988,1.68260346667335,-7.62865191597326,0.779245995683184,-7.53340432942796,-14.0646239413114,-4.96010863308331,2.52578492424474,0.757286726552078,1.69104203001122,0.920020577187708,-0.151103893232396,0.0110068782298363,0.0803032669086078,0.412191351423526,0.635788870982512,0.501049550484962,4.56,1
58822.0,-4.38422089880268,3.26466481012305,-3.07715801666012,3.40359359659281,-1.93807528041028,-1.2210812776781,-3.3103166090276,-1.11197501012863,-1.97759328056305,-3.28820356526528,2.88609147657536,-6.84897793447677,-1.02923459062256,-7.46010298330266,0.0559060176229105,-4.33478342671028,-9.87456039324105,-3.54190332932228,-0.531558760456647,-0.141533268810834,2.07638272101207,-0.990302787008607,-0.330358452316133,0.158377625833497,0.0063514462492984,-0.493860013315231,-1.53765237842389,-0.994022490842227,45.64,1
8451.0,0.314596589729515,2.66067027657541,-5.92003738034463,4.52249960508858,-2.3150272861839,-2.27835165394776,-4.68405393631569,1.20227026523098,-0.694695511200349,-5.52627805985834,6.66243683071252,-8.52546492534563,0.742745446888019,-7.67866801029943,0.593070459066131,-4.47813659534324,-5.84426647937357,-1.1027307945783,2.17738568653903,0.562705643312244,0.743314023428983,0.0640383555765096,0.677841675250346,0.0830078227438395,-1.91103446375022,0.322188398435937,0.620866538820488,0.185030354728703,1.0,1
14152.0,-4.71052878230567,8.63621438967976,-15.4962220036783,10.3133493732845,-4.35134098287048,-3.32268873543923,-10.7883728387388,5.06038112024979,-5.68931118776998,-11.7121866242875,11.1524905985837,-16.5581971409376,0.302644522406362,-17.4759212828566,-0.412393267331071,-10.222203169604,-13.7991476446987,-5.00858517858957,1.16202614780693,1.43423977941906,1.9905453513529,0.223785002572736,0.554408428563337,-1.20404159623154,-0.450684594730258,0.641836059375492,1.60595762479265,0.721643614506061,1.0,1
116067.0,0.949240654782111,1.33351901279168,-4.85540201400676,1.83500588341825,-1.05324529225553,-2.56282606985029,-2.2869856262026,0.260906489976679,-0.895365545923127,-4.54261203828437,2.45371037821171,-4.92519869522976,-1.20041197086128,-6.42437211273331,1.01489749133407,-3.12942132163446,-5.14703878335167,-1.81543652928925,0.520496923051347,0.424608328846183,0.306598169644708,-0.854626651528392,0.101176995923819,-0.281497410249515,0.0244439388949186,-0.107944111820021,0.625288550407281,0.315677390712111,65.0,1
85285.0,-7.03030814445441,3.42199090467553,-9.52507177254752,5.27089100906596,-4.02463027558805,-2.86568161775739,-6.98919473439446,3.79155093755913,-4.62273033596451,-8.40966487562735,6.30904400603177,-8.57676143258937,0.246746716929862,-11.5340460181508,-0.3642651387587,-5.45249465771382,-11.8875700201872,-3.56358481007011,0.876018768156628,0.545698040621445,1.10339774484256,-0.541854751589521,0.0369432219896495,-0.355519004066217,0.353634382097,1.04245799282131,1.35951563156376,-0.272188101257294,0.0,1
92102.0,-1.66293711018596,3.25389242362715,-7.0404847120185,2.26645647990886,-4.17764891282786,-0.746924828187599,-0.248336733243902,1.09115651568673,-0.307137450847617,-5.56794705115052,2.71273940377591,-5.94840312668093,2.14472605490538,-4.21175592358692,-0.137195538810617,-2.63940913979839,-2.53235540606601,-0.667067027160165,0.626059293435215,-0.842178336511866,0.450381285220709,0.521161529635377,0.308325446158517,-0.318011840652356,-1.25536156975299,-0.691963403718384,0.264878381232973,-0.130444804408444,600.73,1
11092.0,0.378274504006009,3.91479678866992,-5.72687201536627,6.09414095882864,1.69887526405022,-2.8073139468834,-0.591118212837213,-0.123495593086659,-2.53071281390832,-5.15309460989926,4.65408842254301,-7.83953899762349,1.37181858033581,-9.63468971263612,-0.739596855842826,-0.663203945673478,0.891934540534899,0.978675639075006,-2.00547660274646,0.440439440893876,0.149895683076911,-0.601967245529085,-0.613724335539499,-0.403113687819411,1.568445255978,0.52188393400233,0.527937749881352,0.411910405834512,1.0,1
18399.0,-14.4744374924863,6.50318451651946,-17.7126323688621,11.2703523334822,-4.15014206409808,-3.3720982088695,-16.5358068114174,-1.4439469925952,-6.81527289964437,-13.6705451263516,10.5452629545898,-15.0226996343749,0.171633085144947,-15.0663743633461,-0.259575939555838,-8.6687392723375,-12.8041408991277,-5.11662049533788,0.579200358016368,1.10124987016838,-2.47596222945688,0.342390706034285,-3.56450803816097,-0.81814019000188,0.153407682695978,0.755079460824454,2.70656616161759,-0.992916047059418,1.0,1
27252.0,-25.9424344479142,14.6019980426299,-27.3686502881266,6.37839460769688,-19.1040334039646,-4.68480620428185,-18.2613929340355,17.0525663121462,-3.74260500983864,-8.233721369876,4.6648362538527,-6.52566786025865,0.92375858946558,-6.32597461208273,-0.0702237027595964,-5.83836021908828,-12.0616957125199,-4.77334851403019,0.852969608454831,1.66730429040185,1.78431598423494,-1.91775921336107,-1.23578743924962,0.161104731783341,1.82037804128869,-0.2193590586868,1.38878576213598,0.406809649908512,99.99,1
19762.0,-14.1791651073631,7.42136996239257,-21.405835744128,11.927511869244,-7.97428068736155,-2.20271027666529,-15.4716122801735,-0.356594909586509,-6.38012489838839,-13.3482776536659,10.1875873241664,-14.5639797552132,0.59375935763569,-14.4915983463022,-0.281392503951236,-8.2641288443605,-12.4398049728466,-4.83707902601307,0.753149847889189,1.00276434172175,-2.36683606243662,1.13095519799655,0.991153238179024,-1.03313210707298,-0.327179344936207,0.634692903522304,2.17190494464567,-1.39528768393339,1.0,1
26961.0,-23.237920244511,13.4873857909274,-25.1887729688701,6.26173255148578,-17.3451881651558,-4.53498915241687,-17.1004924771637,15.3746300252798,-3.84556677176243,-8.51176669710133,5.1385473219039,-7.22001986441493,0.615793286019405,-7.3272215995796,-0.0386320690669864,-6.33151509399145,-12.6888576275064,-4.84738160696153,1.02053587929144,1.63078748322503,1.76970812949114,-1.69197330547661,-1.04567292278161,0.143386499863412,1.61157707182701,-0.221575644736264,1.48123260638065,0.438124804842523,99.99,1
91524.0,1.95485173775774,1.63005630331209,-4.33719968092597,2.37836729179698,2.11334786136033,-1.58385066673113,0.65374545254113,-0.192892012453504,1.21760825458778,-2.8290982053899,3.50456779253823,-3.9181998797616,-1.01579192974001,-4.7045087050312,-0.968553075532043,1.85477191713001,6.02439676670687,3.53125033477791,-1.1962847755939,-0.230640095367639,-0.474437304644058,-0.974624666273666,-0.0481545042172499,-0.0235242678879109,0.362192024107476,-0.570709266940076,0.0256187202949634,0.0818803891570235,1.0,1
154181.0,-0.549615438496227,2.21907469290599,-3.52202432215688,0.236995179253694,1.0874688565719,-1.23553009267737,-0.279312556848985,0.514360709931382,-1.84992742118892,-3.44381902213252,2.21400028680889,-1.6898355101423,0.498437678119739,-4.39363360177944,-1.27084139528992,-1.17662872177405,-1.8597389700645,-0.0494185884951729,0.38526260953691,0.126517943495233,0.364130240632527,0.210428090003568,-0.366018663493106,0.0158025669543916,0.349211539966759,0.647302275361242,0.17192919537209,0.11718822829994,0.76,1
41607.0,-18.2475132286673,8.71325017095966,-17.8801268207974,9.24945923683651,-14.5412125237225,-1.91156359308197,-18.0146601306809,5.52216218981207,-9.28392451240577,-14.5571590528859,4.39243558567834,-10.3800731219167,1.61182090128819,-6.91763950579126,0.158841037400664,-10.3282423879882,-20.2545556896053,-8.53452256380618,3.25653448060821,-0.526368288315335,0.598842606268504,0.615318868165234,-0.486498927270445,0.739268468431111,-0.236844752247958,-0.0460816699541002,-3.01147328474912,-1.02214746628442,53.95,1
125658.0,0.224414466674279,2.99449857558056,-3.43245819570533,3.98651893184362,3.76023294891974,0.165640145963465,1.09937770884947,-0.654557103379097,-2.43541565257984,-2.27673307339047,1.84607851719332,-1.96119460001748,-0.851166387195622,-7.12231638408937,1.01960490036808,2.13101467212875,6.44364914460203,1.59253819138457,-3.68190355226504,-0.20084628074101,0.491337124801356,-0.984222622736636,-0.421979358037133,-1.0480578940284,0.726411519627846,0.26862463804569,0.283689474052924,0.419101636371901,0.0,1
129308.0,0.0546821522798935,1.8564996040552,-4.075450734554,4.10009796977678,-0.800931346218859,-0.29250182507501,-2.31743139396216,1.18974699460744,-0.786237923620357,-3.90674573293228,2.99348883356357,-3.61312502993317,-1.7272971294619,-7.36463881998297,-0.343295934983382,-2.57763472583711,-0.515302055109939,1.10910710845714,2.35115138243805,0.509558726652881,0.61824776165619,0.800932138498696,0.13001647459447,0.288945953295625,-0.36665802323555,0.0303066561662426,0.431182443382693,0.110698251591246,80.9,1
157284.0,-0.242244998983291,4.14718554774299,-5.67234909620488,6.49374059630435,1.59116815595921,-1.60252259512767,-0.950462840251984,0.722902909564455,-4.12850525273272,-3.96322447209244,4.46946731169238,-4.6550713248721,-0.441775588896948,-10.1498129226371,0.612797714121901,-0.288725033933543,1.40450707513401,2.13208137860015,0.707199945685905,0.562029861091792,0.249022570668556,-0.480286305732899,-0.286080216527281,-1.15357475551215,-0.0355711283215471,0.559628209963356,0.40944648264684,0.221048104758881,0.77,1
165981.0,-5.76687873469586,-8.40215367768915,0.0565432462509224,6.9509829448522,9.88056402552862,-5.77319176920948,-5.74887919911031,0.721742893680168,-1.07627357886614,2.68866993252224,-1.47514531556892,-0.0504679838548109,0.11350047541885,0.98434361557577,0.363968739240705,-0.674356809209657,0.327463514418321,0.0914699151148088,1.30794073758635,2.49322389130791,0.880395096548056,-0.130435547668829,2.24147141354365,0.665345536539228,-1.89004142193457,-0.120802763842984,0.0732685585796402,0.583799418317518,0.0,1
110547.0,-1.53281036094493,2.23275183861699,-5.92310007493809,3.38670841159996,-0.15344334000728,-1.41974768064009,-3.8785763388613,1.44465586239817,-1.46554214173397,-5.20833459337633,4.54630106888309,-7.76119403219115,1.15954032168956,-5.23161145654992,-0.171642119460071,-4.71982949844975,-4.84799196061678,-1.13432874514983,3.52773827223549,0.520839865969216,0.632504705856676,-0.070837950713368,-0.490291315112446,-0.359983126080465,0.0506775325943162,1.09567132878655,0.471741401676933,-0.106667140739625,0.76,1
87883.0,-1.36029263351035,-0.45806896998712,-0.700403917726715,2.73722917151503,-1.00510597388675,2.89139936351597,5.80253735302589,-1.93319735249124,-1.01771714252211,1.987861862693,0.504116141204789,-0.863430853145281,-0.184450076491427,-1.01691553500414,-1.55941019827384,1.15431268558106,-2.04385766822656,-0.151698807119589,-0.94351353548825,-1.49340137472525,-0.936989532415364,-0.0538115862306455,0.580105893889531,0.216927302487974,0.151642929701357,-0.33211456915886,-0.469800301881959,-1.495005896766,829.41,1
142840.0,-3.61385045502803,-0.922135693038651,-4.74988736419275,3.37300132781874,-0.545207025424103,-1.17130106266974,-4.17231457141019,1.51701594293521,-1.77583268078792,-3.75405392305562,2.73157578227581,-3.48937464729063,1.54738008909916,-4.57126773103714,-0.517958568740869,-4.23908653141223,-9.25063451000699,-2.4348278029986,1.98738627690236,-0.320540972806239,0.7867870185412,0.893064859228385,1.03490656705841,0.097671080445461,-1.34555112500186,-0.788328913242689,1.05544197476733,0.0999714026087802,144.8,1
169142.0,-1.92788332105459,1.12565266367046,-4.51833064132991,1.74929253346589,-1.56648729197754,-2.01049423115212,-0.882849830858081,0.697211109261327,-2.0649452874475,-5.58779378195338,2.1157951772133,-5.4174240819973,-1.23512263142388,-6.66517689463338,0.401700686738171,-2.89782511671737,-4.57052943365069,-1.31514721385427,0.391167040935071,1.25296673470361,0.778583978950071,-0.319188818860513,0.639418961153121,-0.294885040380029,0.537502535542985,0.788395056528708,0.292679966295281,0.147967928722538,390.0,1
7891.0,-1.58550536691994,3.26158454822833,-4.13742198305023,2.35709625199132,-1.40504331370135,-1.87943719306477,-3.51368687087654,1.51560674568816,-1.20716636120056,-6.23456133227108,5.45074606689486,-7.33371406736393,1.36119332407831,-6.60806825219469,-0.481069424899829,-2.60247787045261,-4.83511205239717,-0.553026089102902,0.351948943356815,0.315957258937511,0.501543149467536,-0.54686881157389,-0.0765836358993043,-0.425550366841581,0.123644186352002,0.321984539336613,0.264028160503965,0.132816719764592,1.0,1
133184.0,-1.21268170063531,-2.48482353043406,-6.39718581511927,3.67056244781436,-0.863375060980971,-1.85585473063724,1.01773157976221,-0.54470377516891,-1.70337804998263,-3.73965947930309,1.73812401383737,-2.84444933585435,0.765863961245672,-4.79973713485762,-0.0113354116437183,-2.69316808210374,-3.16695515760391,-1.06780011996093,-0.559132202274595,2.90837394592783,1.39687206274272,0.0920728715219574,-1.49288249863592,-0.204227396265286,0.532510949154644,-0.293871104406878,0.212663059827185,0.431094707976035,1335.0,1
170348.0,1.9919760961759,0.158475887304227,-2.58344064503516,0.408669992998441,1.15114706077937,-0.0966947441848027,0.223050267455537,-0.0683838777747007,0.577829383844873,-0.888721675865145,0.491140241656789,0.728903319843614,0.380428045513993,-1.94888334870021,-0.832498136300872,0.519435549203291,0.903562376617253,1.19731471799372,0.593508846946918,-0.0176522567052908,-0.164350327825504,-0.295135166851559,-0.0721725311018398,-0.450261313423321,0.313266608995469,-0.289616585696882,0.002987582243429,-0.0153088128485981,42.53,1
7526.0,0.0084303648955825,4.13783683497998,-6.24069657194744,6.6757321631344,0.768307024571449,-3.35305954788994,-1.63173467271809,0.15461244822474,-2.79589246446281,-6.18789062970647,5.66439470857116,-9.85448482287037,-0.306166658250084,-10.6911962118171,-0.638498192673322,-2.04197379107768,-1.12905587703585,0.116452521226364,-1.93466573889727,0.488378221134715,0.36451420978479,-0.608057133838703,-0.539527941820093,0.128939982991813,1.48848121006868,0.50796267782385,0.735821636119662,0.513573740679437,1.0,1
128803.0,-2.27247262312809,2.93522576984167,-4.87139411498144,2.41901198641213,-1.51302177077044,-0.480624709293733,-2.12613615926755,1.88350700101357,-1.29726168422102,-5.48742458295368,2.96924007367485,-3.05540513135176,-0.316543682164901,-7.86280852638766,-2.2028004046908,-1.93231647481301,-2.28474841411287,0.324787267403684,-0.183180903717309,-0.0310853103629951,0.718504287704593,0.893850157785459,-0.031631724472805,0.322912638305837,-0.0584064063189307,-0.411648851141658,0.573803016490166,0.176067285155718,175.9,1
25254.0,-17.2751911945397,10.8196653713117,-20.3638859739149,6.04661174671427,-13.4650333517322,-4.16664724489873,-14.4094479851747,11.5807967244857,-4.07385571204177,-9.15336803834587,6.21088301172371,-8.77857203246194,-0.0613674966661798,-9.57466229922106,0.0492885399107771,-7.41848727872681,-14.1027718764864,-5.01642333521081,1.39031436050276,1.54497046707519,1.7298040916597,-1.20809608165502,-0.726839224163999,0.112539673508366,1.11919347248491,-0.233188990129274,1.68406299250578,0.503739738280361,99.99,1
156710.0,0.202402312000145,1.1762702245705,0.346379123966988,2.88213779866317,1.40713333279049,-0.504354582435915,1.43853746015701,-0.395603478739171,-1.5551416238588,1.08151398923906,-1.51420473629918,-0.97376404264957,-0.709928478785898,0.141331683969234,-1.47031415230732,0.418268345647957,-0.828192503935611,-0.302239423372689,-1.76235002438458,-0.206238791066218,0.242560469143593,0.841230120611063,-0.370156596962237,-0.0260123796205956,0.49195423236033,0.234576263356619,-0.279788418223114,-0.331933388032899,7.59,1
41313.0,-13.8972058704019,6.34428045616839,-14.2816664432471,5.58100899740718,-12.8871331616131,-3.1461763671985,-15.450467216827,9.06028147442157,-5.48612077680694,-14.6764702497464,5.1483517210937,-10.7495919949504,1.58548896754337,-9.79801207658904,0.733276999106463,-12.675268899047,-20.7406637223494,-8.15366802624724,5.2283417900513,-1.02522792390103,3.05808183846397,0.941180290424241,-0.232710298333368,0.763508019302571,0.0754562386388435,-0.453839571774416,-1.50896825698328,-0.686835738780169,9.99,1
142394.0,-3.36776957405755,0.0992494427033949,-6.14848744863103,3.40195536781235,0.458306649432465,-1.57162971516015,-1.35870798100218,0.672409368648482,-3.18800116217364,-4.93742665954554,3.72393253444097,-4.60317614883077,1.0191795522313,-6.61909019992345,-0.590223955779135,-4.47254755736649,-7.16504438660351,-1.58112819134185,1.93037970885184,0.264698703752275,0.861308008231813,1.24930138847935,1.85062715893443,-0.117471200405974,1.21981539606006,0.0002506190192774,1.03601138278301,0.0043667546240766,320.01,1
62467.0,-5.34466537543542,-0.285760408166142,-3.83561578178611,5.33704802681048,-7.60990870021268,3.8746680317393,1.28962992438915,0.201741916806601,-3.00353243733788,-3.9905513318108,4.98601380361468,-6.11638322304304,0.0423244061770454,-6.04339314434942,1.82140103177852,-4.7454624675489,-10.0756455907271,-3.6045960155148,1.43529381015392,-1.56216235780532,0.276010822180054,1.34204455689584,-1.01657869464831,-0.0713612973880671,-0.335869334726878,0.441044176004645,1.52061262049821,-1.11593680318009,1402.16,1
40918.0,-3.14025953779538,3.36734230912012,-2.77893140701488,3.85970067435928,-1.15951836286203,-0.721552487906327,-4.19534154281433,-0.59834584749232,-2.87014477203106,-5.29061006200618,3.82376208408163,-7.49227616878309,-1.52436747989794,-8.52767862203589,-0.391214524543396,-6.18087991000233,-9.6988394108884,-4.81823334077503,-0.871581688476025,0.0777814455070256,2.45233850455703,-0.292962575086153,-0.189330326319261,-0.166482104307702,0.0380396237066075,-0.0154765350217125,0.776691265853111,0.397557490298277,0.76,1
42985.0,-4.07597468486268,0.963031254092613,-5.07607019842086,4.9559633578155,-0.161436852450419,-2.83266299767191,-7.619765445461,1.61889544068454,-2.99209215744034,-7.14219911358407,6.27866584548672,-9.40706094796316,-1.81887396082411,-10.7395718907673,0.224206083734093,-8.42708279627514,-13.5021528919623,-4.71296758855481,2.6304759946371,0.0588612515023862,1.03073825203134,0.165327776328984,-1.01750231442165,-0.477983380813876,-0.304986825039416,-0.106089275128594,1.89971434181658,0.51146170682063,1.0,1
58199.0,0.340390790889508,2.01523346310003,-2.77732956104823,3.81202413104427,-0.461729071578821,-1.1520219714746,-2.00195866818811,0.548681056661142,-2.34404166261939,-3.07669858515182,3.55473755027372,-3.96968929955842,-0.932183689489454,-5.87606732124924,-0.0667394504128529,-1.49528077472825,-4.42475717388751,-0.619323237398381,-0.231198386269899,0.326772803133095,0.29976881646527,-0.583282924090166,-0.187696049565752,-0.329255753153177,0.732328138266652,0.0580797142765515,0.55314334331356,0.318832445723953,1.75,1
129764.0,-2.4340041522657,3.22594669094366,-6.59628163055385,3.59316052421617,-1.07945204530157,-1.73974070807667,-0.0474200922292621,0.301424475889641,-1.77943359731428,-5.83645272742826,3.24943114650197,-5.96148766039896,-1.15517572861188,-11.0022890615302,0.588286383997409,-2.36580146413215,-1.3519003888026,0.189498486847292,0.524007524087668,-0.280533266400441,-0.0354907261487421,-0.419177640985635,0.157435951107499,-0.714849374336836,0.468859337004353,-0.348522318188906,0.420036479941583,-0.327642696480936,362.55,1
27187.0,-24.5902447690465,14.0445667815106,-26.2787005866145,6.32008926518927,-18.2245126736673,-4.60996782569686,-17.6810033715155,16.2136267471409,-3.79409346877414,-8.37275316035861,4.90168265513877,-6.87283866404082,0.769776762734501,-6.82658448658054,-0.0544341798176028,-6.08495266503583,-12.375270529796,-4.81034474126699,0.936742237936608,1.64920202229571,1.77706277243531,-1.80487368611576,-1.14060456917063,0.152234466415679,1.71599702403257,-0.22047119903665,1.43495058143483,0.422491857762666,99.99,1
25198.0,-15.9036352020113,10.3939171427504,-19.1336024646827,6.18596883540498,-12.5380209157442,-4.02703044708406,-13.8978265981985,10.6622517826007,-2.84495398482036,-9.66878891236125,7.39441941053863,-11.6356300484755,1.42327692545531,-8.64045910049478,-0.674719538892936,-7.69556878829619,-13.6841395944616,-4.77740603940726,1.26834277321029,1.50156541071894,1.57754822493456,-1.28013712313136,-0.601294526869194,0.0404039214626868,0.99550197117886,-0.273742711729157,1.688135896398,0.527830799573719,99.99,1
8878.0,-2.6618021745564,5.8563932148043,-7.65361621324071,6.37974188053221,-0.0607121191362683,-3.13154973153662,-3.10356974550479,1.77849156945338,-3.83115371623455,-7.19160424618226,7.10298858788516,-9.92869994299538,-0.0674983775194601,-10.924186865147,-1.69791397714032,-2.37942098527078,-2.77511389701838,0.273798971252603,-1.38218756352589,0.399096860264863,0.734774950378595,-0.43590118187623,-0.384765904180568,-0.286015663843443,1.00793382365812,0.413195532462339,0.28028415690056,0.303936550639395,1.0,1
85573.0,-1.7567118508365,3.26657425418237,-4.15338789695403,3.92452561357555,-1.7537718434176,-1.0057867792296,-4.31321717578502,1.56071190324579,-3.29567366751075,-6.2133552491157,4.52299197543382,-6.6528440527591,-0.12468523386066,-8.60448620191387,0.110359314846888,-5.94548061159606,-9.33893779428438,-2.39019258818085,3.18415235636348,0.874720103498016,0.911427441871296,0.0530612807310541,-0.367700953962814,-0.776337755840596,0.292093831084717,0.025999713844171,1.0629681996854,0.501148168228208,1.0,1
77182.0,-1.41085190223088,2.26827061391536,-2.29755364869312,1.87133052690782,0.248957097554545,-1.20879869131782,-1.35864849113679,1.10291613180529,-1.31736377078276,-4.62691916410905,3.35763973653551,-2.99881490434833,-1.95678634545881,-6.76663337149207,-0.869899592420961,-0.868576751992314,-0.370333268936992,0.419265507331837,-0.894893657235367,0.0580625903425241,0.155380926745126,-0.614880421672272,-0.196125537805858,-0.464375543427361,0.118473100986687,-0.484537034984231,0.373595915880442,0.187657248903867,1.0,1
7535.0,0.0267792264491516,4.13246389713003,-6.56059996809658,6.34855667313983,1.32966566904142,-2.51347884762413,-1.68910220031328,0.303252800547589,-3.13940905736457,-6.04546779778801,6.75462544809695,-8.94817857893317,0.702724998099873,-10.7338541032306,-1.37951985681718,-1.63896011485587,-1.74635013628103,0.776744097926754,-1.32735663549015,0.587743219006407,0.370508651493253,-0.57675247317433,-0.669605371766238,-0.759907529538618,1.60505555017462,0.540675396428899,0.737040381683977,0.496699108168337,1.0,1
20451.0,-15.8191787207718,8.7759971528627,-22.8046864614815,11.8648680803607,-9.09236053189517,-2.38689320657655,-16.5603681078199,0.948348594786058,-6.31065843275059,-13.0888909176936,9.81570317447819,-14.0560611837648,0.777191846436601,-13.7610179615936,-0.353635939812489,-7.95744722625995,-11.9629542349435,-4.7805077876172,0.652498045264831,0.992278949261366,-2.35063374523783,1.03636187430048,1.13605073696052,-1.0434137405139,-0.10892334328198,0.657436778462222,2.13642447085514,-1.41194537483904,1.0,1
102318.0,-1.02063166582361,1.49695912243222,-4.49093711758335,1.83672705849852,0.627318467501556,-2.73556861001066,-1.54627364241291,0.459821576439238,-0.68274140597399,-4.36310219273296,4.28702087961434,-5.40376835689762,1.26026230900043,-3.08774290682652,-1.31748806297981,-3.53705628406879,-3.17202752176385,-0.52988508450368,1.01162645030639,0.443488532055906,0.773630966413973,0.86061818130652,-0.304666447555476,-0.155499583027691,0.41216629075428,-0.220079647308722,0.392337584118175,-0.0200894870934853,22.04,1
25095.0,1.19239598990768,1.33897371069007,-0.678876186687009,3.1236723071222,0.643244863589275,-1.18432299431215,0.397585526006899,-0.253498538261658,0.41113497684127,-0.859862301810301,1.124059382453,-3.76387384832398,0.367975966769142,-0.971757538368114,-0.0138825132357776,1.45757852763076,2.61145033447876,1.2919552295122,-1.56381522671193,-0.185454650142832,-0.377503243008699,-0.889596747960403,-0.0742075893964193,0.0354455164139561,0.550577974200231,-0.0271712789934873,-0.0249206212266212,0.0736053986634045,3.12,1
15817.0,-4.64189285087538,2.90208643306647,-1.57293870931742,2.507298518227,-0.871782564349351,-1.0409025722626,-1.59390073966645,-3.25490508581579,1.90896268593707,1.07741752106048,3.33850216040272,-6.54261034532574,1.09953638182128,-3.26647554459315,1.01472790444294,-4.84238307827835,-5.269876299726,-2.34466857415508,1.95922405409272,-0.465679220344122,1.96359666634146,-0.217413915973245,-0.54933995583883,0.645545202036521,-0.354557818794591,-0.611763845006479,-3.90808047547799,-0.671248265147117,11.39,1
147501.0,-1.61187733763361,-0.408409922870926,-3.8297616763406,6.24946176104187,-3.3609216090486,1.14796358238383,1.8584248531717,0.474858318489524,-3.8383988155266,-1.44537495699985,2.11390001406861,-3.25970246526323,-0.315347339360454,-1.80810297319338,-0.741877295217489,-2.98692008764678,-4.81586301103402,-1.27165458831756,1.70168502365985,2.42567742975765,1.24558218578459,0.616382702131439,2.2514388799998,-0.0660963924813517,0.538710327489417,0.541325493308062,-0.136243382191672,-0.0098522563228139,996.27,1
166028.0,-0.956390354534089,2.36159360978361,-3.17119460723168,1.9707587789256,0.474761353851904,-1.90259820435779,-0.055177812186404,0.277831228585655,-1.74585416512772,-2.5166280017922,0.874051625366684,-2.51310432869389,0.0215750823066827,-3.56511884467947,0.461153428310475,-2.01571274629308,-1.7314131905532,-0.465814727140309,0.527619755594392,0.19087690343816,0.4732110860249,0.719400298090367,0.122457847823505,-0.255649852132098,-0.619259299031992,-0.48427999484406,0.683534592892906,0.443299499267762,39.9,1
60353.0,-3.97521647515777,0.581573270980264,-1.88037210743636,4.31924127992395,-3.02432976021596,1.24079277107972,-1.90955892631241,0.660717557074542,-2.7526105653686,-3.55038539904852,4.83896418696128,-6.04023537903875,-0.374460483695606,-6.22194535944177,0.958758443736388,-5.07364263456328,-10.441008666182,-3.75552460094433,0.606452965011177,-0.656511434265513,0.578984295739867,1.39731081981072,1.04532195036713,-0.303999869268857,0.0052949592507338,0.235435243641064,0.962014797484666,-0.67355739317081,454.82,1
56806.0,0.0168278084833761,2.40082554709233,-4.220359820602,3.46221746352071,-0.624142188342754,-1.29430258598001,-2.98602831443748,0.751882724799937,-1.60667229891344,-5.97492543825504,3.26492215161104,-5.09503162409832,0.307807541258315,-10.0181060613614,0.273282636641356,-3.56253351747421,-4.37710568381017,-1.79263494349375,0.0802807729992116,0.590418382570863,0.285831617664336,-0.771508088806938,-0.265199774294598,-0.873077150100989,0.939776315964547,-0.219084743497804,0.874493632152321,0.470434221788752,1.0,1
155662.0,-1.92861326665902,4.60150558710842,-7.12405297794577,5.71608803673092,1.0265785454506,-3.18907306708797,-2.26189690158112,1.18509635557546,-4.4419416151592,-6.64615382952148,3.8278680907164,-6.51864882248249,0.25113654845891,-12.4567059527055,-0.649166482109423,-1.28314500024635,-2.71855972503703,-0.0854660890712058,-2.09738547120766,0.328795983029392,0.602290585417557,-0.541287465014078,-0.354639278954951,-0.701492058320209,-0.0309729820836431,0.03406987758686,0.57339303199888,0.294686316081238,0.77,1
12393.0,-4.06400473842815,3.10093489093256,-1.18849800365476,3.26463274045175,-1.90356235801726,0.3203505872957,-0.954940039087007,-3.27753491983773,2.82082866173719,1.01511287978593,3.18718689736493,-7.00432728360605,0.872710605485111,-6.22060535304292,-0.904444629573358,-3.07509188469837,-5.04473569177435,-1.71808268516882,-0.662462068430895,-0.531897693292296,1.68866543097474,-0.0788446980063478,0.19373092657711,0.479495953884992,-0.50660305739906,-0.409862744197452,-3.03627132936069,-0.630605198840545,179.66,1
128595.0,-5.31377384241729,2.66427399774238,-4.25070701802015,0.394707094952515,-0.391383377283543,0.683526139774215,-5.13367100176311,-7.90778989157428,0.215474664930064,-2.29773425918487,1.96148093151336,-1.94444112769897,-0.69255896504056,-4.3463476308633,-1.72692923293524,-1.82040477188062,-3.74648955100281,-0.880399311360603,0.267914551538718,-2.64290184721809,8.66466242953635,-2.71638258812677,0.483559093855452,0.0792347976258407,0.311065240462952,0.555544234123026,0.176740004036668,0.362906575787496,1.0,1
102622.0,-2.87717642607719,4.56964856472544,-9.55306876711684,4.44107935434428,-3.65396138652409,-1.87798085259887,-3.5143534876061,1.5476079597065,-2.50330396990855,-7.57563437993936,7.00213577397937,-9.95919399367656,2.12207206066581,-8.88487177224851,-1.64485747819635,-7.18992618738758,-10.4451050316273,-3.2719075376306,1.48227743472618,0.105615110186545,1.27289634389685,1.30026844858483,-0.0039501335186852,-0.36084777781177,-0.597525997544942,-0.390901228489311,0.592196918920005,-0.241010152850381,346.94,1
472.0,-3.0435406239976,-3.15730712090228,1.08846277997285,2.2886436183814,1.35980512966107,-1.06482252298131,0.325574266158614,-0.0677936531906277,-0.270952836226548,-0.838586564582682,-0.414575448285725,-0.503140859566824,0.676501544635863,-1.69202893305906,2.00063483909015,0.666779695901966,0.599717413841732,1.72532100745514,0.283344830149495,2.10233879259444,0.661695924845707,0.435477208966341,1.37596574254306,-0.293803152734021,0.279798031841214,-0.145361714815161,-0.252773122530705,0.0357642251788156,529.0,1
123525.0,-5.90492080575337,4.43991138307409,-8.63180221299529,7.78868440738042,-4.98957980058454,-1.20014396478769,-7.6740599401754,4.12576101681016,-5.31577802250603,-4.89115620289902,4.22041859352387,-6.40830067684822,1.32800326739361,-5.853545070898,-0.928337066900246,-7.08579817642873,-12.62385610867,-4.74522383798077,2.79789150183086,-0.505607961764415,1.77502979034156,1.26644115239936,-0.199409588840669,0.0149600028407991,-1.90822653976519e-05,0.544209892335915,-1.16756581297999,-1.20635432583345,45.51,1
91502.0,0.0073790751145725,2.36518252886777,-2.60028738169342,1.11160176466249,3.2764413263667,-1.7761407852846,2.11453088108345,-0.830084106599812,0.900489974281822,-3.37617706712688,2.05681205985716,-3.9842567303491,1.02196791340796,-5.96790496861639,-1.15160831490592,1.67973960141233,5.58611468683053,2.78913115591619,-2.24107485298106,-0.0063884972816308,-0.563944162060269,-0.902099515410175,-0.404382448597275,-0.0129439005065412,0.589836154947909,-0.734449052212668,-0.447529183217452,-0.362374775122343,1.0,1
118603.0,-6.67721162487866,5.52929920087665,-7.19327456474359,6.08132107951892,-1.63607097105033,0.500609583298219,-4.64077020758754,-4.33983969614375,-0.950036405131991,0.566679814004086,4.3150759158968,-4.93828359985114,-1.10570973729343,-8.49081262174082,1.00362574598099,-1.94912326096651,-3.09301268981888,0.124087074705575,0.886746966076448,-1.11868675540655,5.56330066446813,-1.60827196122017,0.965321595694456,0.16371797930961,0.0475308707267175,0.466164782963216,0.278546743051982,1.47198811731278,105.89,1
138894.0,-1.29844323295373,1.94810044909488,-4.50994688793757,1.30580476704534,-0.0194859272181987,-0.509237783834405,-2.64339761889288,1.28354519416721,-2.51535570266591,-4.50131480977758,2.09307500991474,-5.41888894354848,-1.2470137120242,-3.82826817896473,0.399050336571034,-6.36649950945483,-7.5509680917538,-4.90276666632221,0.152892032043683,0.250415437314689,1.17803195025635,1.3609885807297,-0.272013060161758,-0.325947896160404,0.290702673395833,0.841294588482068,0.643094248950207,0.201155749649851,0.01,1
75581.0,-2.86636370525907,2.34694943137396,-4.05330668845935,3.98335888025187,-3.46318571327039,-1.28095301603103,-4.47476383461874,1.21665528478137,-2.30982869782019,-5.51550707258062,3.04839203447565,-7.12825076846601,0.0059558009251745,-7.49518733635876,-0.25108802193356,-7.5680148993231,-12.2236328477344,-4.89517519350497,2.52496746940249,0.270013154062001,1.04973156228305,0.475840283409025,0.404480059350581,0.282029789710327,-0.506901095688855,-0.371741093052833,0.615256964379468,0.803162841917988,124.53,1
142961.0,0.457845399378466,1.37376948070694,-0.488926009348227,2.80535094114905,1.77738605988168,0.100492060362466,1.29501591974452,-0.135857217631344,-1.69582245589888,0.955004466801798,-1.70222840135659,-0.240056328492088,0.456475052581814,0.139567417265152,-1.89097449251758,0.372379299123525,-0.798201084554281,-0.69706160837415,-1.49715223294239,-0.264704752281373,0.105593015789541,0.371014424417148,0.0511047168873462,0.401524196613955,-0.724765816975051,-0.202880696489224,0.092123881011537,0.0949558537280024,0.0,1
50706.0,-8.46184470133154,6.86619841481805,-11.8382692206767,4.19421096699453,-6.92309709702798,-3.22114664850055,-7.55349651116055,6.015618186942,-2.4661434402463,-6.24624318477127,2.94398521977131,-6.51238933713471,-0.698175946764313,-7.54364593187217,0.92645528395257,-4.3302948063467,-7.33969796421674,-2.55090085394741,0.645904895509124,0.814710155897088,0.918244480856236,-0.715366336614015,0.210747336284603,-0.0602114737129364,0.509534595479059,-0.257283692851139,1.17002651560613,0.229300914797861,99.99,1
144808.0,-2.40520709191687,2.94382338959853,-7.61665422068905,3.53337387196109,-5.4174936280787,-0.112631914902059,-1.32937156302318,1.70941680752813,-2.32271560874193,-6.54098852025393,4.4045784815908,-4.93815929027047,-0.740984640079332,-7.46296062676276,0.534967659651097,-4.67103153190135,-4.47240325411649,-0.982089900241056,3.49006859270908,-0.338706731161814,0.652683371514066,0.414132296621078,0.0238690731255201,-0.260616387490787,0.405316462428397,0.0291067415861135,0.519806551904182,-0.469537113503405,667.55,1
143354.0,1.11833065981936,2.07443887131076,-3.83751827706316,5.44805969239449,0.0718159680535395,-1.02050922759556,-1.8085744418815,0.521743506077524,-2.03263824879436,-2.73279196653765,3.2740753098509,-3.541687479312,-0.946820179878694,-7.55572894101666,-1.7670051458427,-0.642332574056763,-2.11442919291931,0.183327412773884,-1.17779250651196,0.163513485137887,0.289861124197445,-0.172718010367512,-0.0219095177813472,-0.376560088595995,0.192817419134693,0.114107224212598,0.500995608471866,0.259533270224708,1.0,1
155965.0,-1.20139778318497,4.86453518123444,-8.32882331553453,7.65239936205533,-0.167445105903909,-2.76769464972835,-3.17642095110716,1.62327867967437,-4.36722762476754,-5.5334430286147,4.1064045585523,-6.33182479621436,0.671784814909419,-12.1565865835299,1.02025178475153,-2.11086343309451,-1.55854452752772,0.195991826282669,0.502453451135321,0.597025549850308,0.532320016259289,-0.556913021850898,0.192444399731584,-0.698588444235578,0.0250027161193826,0.514967603188505,0.378105295962737,-0.0531327938498238,0.77,1
129095.0,-1.83693980524096,-1.64676405421121,-3.38116824152195,0.473353567439937,0.0742428680588724,-0.4467506984682,3.7919065488031,-1.35104516710281,0.0951859632710584,-0.0844995591396119,-1.54230486820434,-0.540534807018906,-0.27207903913702,0.712541142762088,0.234979844917,-0.907666065803548,-0.391051374531861,-0.0347191590047466,1.08428646665042,-1.58614369731197,0.0106634770821352,1.78668137304358,-0.151178223750849,-0.582097763853728,-0.956061535679488,-0.334368991860647,0.715600326403013,0.370449747000955,720.8,1
166883.0,2.09190018751563,-0.757459362256544,-1.19225763407193,-0.755458092963448,-0.620323625943217,-0.322077026663935,-1.08251065680614,0.117199961876445,-0.140926651717943,0.24931080342673,1.33831754595819,-0.329759339656804,-0.363591188943619,-1.82483910494673,-0.229678513727838,1.84234692345975,1.19421171382239,0.0374666576390236,0.423099369076423,0.0374375437836754,0.288252720367131,0.831939310447442,0.142006990607899,0.592614974257539,-0.196143145198634,-0.136676262268618,0.0201823653167864,-0.0154697051692816,19.95,1
25231.0,-16.5986647432584,10.5417508026636,-19.8189818085279,6.0172946473619,-13.0259010501237,-4.12877900260013,-14.1188648469369,11.1611439952369,-4.09955143059712,-9.22282550730978,6.32936467621872,-8.95219071159749,-0.138363691274054,-9.82505442102721,0.0572235922374037,-7.54168742379503,-14.2595985921417,-5.03505152375192,1.43226792970939,1.53491982113512,1.72585282658181,-1.15160577552799,-0.680051901875725,0.108175914514646,1.06687834149611,-0.233720431391328,1.70752055210726,0.51142316911239,99.99,1
158638.0,-5.97611932262173,-7.19697963053735,-5.38831591092631,5.104798647287,4.67653286692543,-5.56687006039983,-4.29118042196746,0.876530560032016,-1.07547808735089,-3.27256917385192,1.1682159434835,-2.13473197122041,1.12831321986543,-4.56600986017187,-0.126950406755583,-2.82698551177892,-2.86574970146517,-0.912934238200631,0.421144082740547,3.13633813209484,1.45936905794799,-0.13626168712612,0.848177173598492,-0.269916379777294,-1.09505960437355,-0.710905241951938,0.565846302250925,-1.03410718662341,296.0,1
93834.0,-3.7656801220835,5.8907352377921,-10.2022676310229,10.2590359766218,-5.61144841660942,-3.23537557925717,-10.6326834778618,3.27271632618119,-5.26890524285018,-11.1821254546586,8.87947566765026,-18.4311310279993,-0.232822027713119,-15.0216572999306,0.141186252914787,-12.1863624982841,-20.1655673800665,-7.05165135326307,2.50082720798487,1.19413732146866,2.24560593428534,0.546320674537693,0.381853427747185,0.382024544024505,-0.82103649456311,0.394355120127285,1.4129609931535,0.782407053763083,0.01,1
8808.0,-4.61721720415581,1.69569365346656,-3.11437220079491,4.32819855298178,-1.87325699086527,-0.989908135538263,-4.57726462658038,0.4722161584519,0.472016953377646,-5.57602263642415,4.80232276125089,-10.833164469314,0.104303875698575,-9.40542306160986,-0.80747786866047,-7.55234220350747,-9.8025617903912,-4.12062883466552,1.74050729036196,-0.0390459343384186,0.481829697240067,0.146023056445948,0.117038527549065,-0.21756459883966,-0.138776043706563,-0.424452881068275,-1.00204142597227,0.890780287970655,1.1,1
57027.0,-2.33565492855671,2.22537994112476,-3.37945038583039,2.17853822878821,-3.56826371512658,0.316813583664713,-1.73494800330036,1.4491394338594,-1.98003348126993,-5.71150474047788,1.83721490161197,-4.5403416445233,0.747845860345767,-6.28431406964108,-0.128887216546494,-3.5632394063049,-7.36832064555377,-2.69295315786876,-0.450550113544917,0.274027122680488,0.78554012192761,0.29741198434836,0.308536146370564,-0.598415746387816,-0.121850330815637,-0.491018310202025,0.701606041424924,0.206966343288918,444.17,1
139117.0,-3.97593925787714,-1.24493887246577,-3.70741371980754,4.54477220840185,4.05067557270479,-3.40767861716595,-5.06311826997904,1.00704199678733,-3.19015819504631,-4.25071651144568,4.18216236800046,-4.56367473788251,1.18250275143465,-6.96497247579046,1.11533951405808,-4.99733165466689,-6.41953891153561,-1.18359273970866,3.56973257751778,2.1094026874149,1.05973707375805,-0.037394796398813,0.348707142883828,-0.162929482857413,0.410530958112178,-0.123612265343157,0.877423851434985,0.667568429836307,8.3,1
29531.0,-1.06067628419757,2.60857946990866,-2.97167900258071,4.36008935234848,3.73885304346426,-2.72839507263672,1.98761635466291,-0.357344707416169,-2.75753451251209,-2.33593332652232,2.11151686706104,-2.59194964968951,-1.9505893546741,-7.31157981735935,0.0777527657738322,2.29060783198994,6.50927165018434,2.56997142628646,-3.28615008214787,-0.0890615369649179,-0.0631678773494982,-0.207385284031508,-0.183260817119722,-0.103679373403096,0.896178353364318,0.407386872028391,-0.130918311231478,0.192177382137495,0.68,1
20011.0,-14.7246270119253,7.87515679273047,-21.8723173644566,11.9061699078901,-8.34873369160876,-2.26284641969245,-15.8334427819606,0.0778736741759969,-6.35683349086288,-13.2616517082667,10.0637897462894,-14.3947668016721,0.654888723464231,-14.2483158270781,-0.305360761401071,-8.16163244506225,-12.2809648581754,-4.81858639342974,0.719787682108791,0.996468755724792,-2.36234492751884,1.09955729576975,1.03719942301307,-1.03635934178889,-0.254776514154375,0.642343201018144,2.16112922373151,-1.40128201963858,1.0,1
160537.0,0.567539266873172,3.30938527728796,-6.63126848884588,6.39457369583463,-0.0541723256891658,-2.39653528063935,-2.79248887303506,0.514811021472804,-3.54178025732386,-5.33475387061743,3.61873721262172,-7.10148829773798,-0.442125291870087,-11.0816168429851,-0.813721638541621,-3.30289861059986,-5.84890261106356,-1.85063546419134,-1.01863859540215,0.555411780502512,0.614220932245907,-0.365047253101859,-0.180408542452136,-0.52327142948781,0.645054313073713,0.246465837556682,0.902675054512292,0.47357149999817,4.69,1
8886.0,-2.53585211738111,5.79364414692454,-7.61846283574893,6.39582974649419,-0.0652101046678037,-3.13637196409103,-3.10455736262141,1.82323263760971,-3.87865758023391,-7.29780335001461,7.07166913682445,-10.001046368327,-0.207934540884304,-10.8606980453666,-1.69082504118249,-2.36085672411086,-2.76009701528795,0.29810341564323,-1.38555780172735,0.408704184487524,0.716719907055995,-0.448059938458541,-0.402406878680357,-0.288835222564699,1.01175223958707,0.425964621387216,0.413139555823146,0.308204656968305,1.0,1
26556.0,-19.1798264145873,11.8179219897853,-21.9191735807843,6.0862356342864,-14.7088447898427,-4.30888760741835,-15.3579518065836,12.8571650181242,-3.99986076978115,-8.9286556608751,5.8492930661792,-8.26164983722413,0.153829148314596,-8.82935922766409,0.0088788388257268,-7.0709530089254,-13.6297209427085,-4.9588298158479,1.27209136353211,1.572949614923,1.74680154191934,-1.35314876613352,-0.762965072731218,0.117027851903743,1.29799375563032,-0.224825057048525,1.62105238966989,0.4846144027264,99.99,1
169347.0,1.37855899734127,1.28938093711056,-5.00424678441137,1.4118498419441,0.442580635567782,-1.3265359338336,-1.41316995590712,0.248525467627175,-1.12739593417081,-3.23215317539514,2.8584658156696,-3.09691489835154,-0.792532436177748,-5.21014084572584,-0.613803263850514,-2.15529688535221,-3.26711568106648,-0.68850546268346,0.737657217477667,0.226137945500703,0.370611857232494,0.0282344454140697,-0.145640429197154,-0.0810494069107769,0.521874501959455,0.739467256056059,0.389151843520624,0.186636547522687,0.76,1
152098.0,-4.1243162505368,3.74859690056241,-7.92650660758866,7.76324179132026,-0.769374580551456,-2.03117088274041,-3.4745494647169,0.107121410006842,-1.55135158957203,-2.4112720149303,4.48003526995735,-8.83250972518326,-1.21516414034012,-13.7256846134361,1.23274441510587,-4.3896876778022,-5.81091981744958,-1.25542240180062,1.11403305037529,-0.181978583306058,0.547096801357099,0.68785388119585,0.429938703679497,-0.620601279432049,-0.369688286259497,0.367348753696039,-2.66476709501523,0.417100621604896,1.0,1
152036.0,-4.32060921481281,3.19993870654465,-5.79973605389345,6.50233023566696,0.378479252807864,-1.94824637096657,-2.16785950480668,-0.728206711605414,-1.97723831745674,-3.47341070390428,4.56919375212135,-9.32115263136084,-1.59251765115386,-14.2668362798028,0.467776602458787,-4.06620855488173,-6.62696817708246,-1.43715841938037,-0.215409738450978,-0.263686068021973,0.47666042483552,0.434278328284482,-0.13693991841301,-0.620071695417129,0.642530576414265,0.28071734804164,-2.64910674899003,0.533640939848599,1.0,1
51155.0,-11.2054613927303,7.91463349246877,-13.9877516388388,4.33334117975523,-8.48496952268505,-3.50656117309394,-8.93524303241605,7.70444915069923,-2.33658417970129,-5.92735916911943,2.47040101557896,-5.7885170305197,-0.391939257057427,-6.52746224116063,0.899859362283244,-3.84729284231041,-6.70063744821132,-2.49261610727828,0.469554313978012,0.860911741764656,0.942593331002491,-0.987848114682141,-0.279446305433771,-0.0272992246723051,0.644344195524188,-0.263077923082484,1.08402252771111,0.211933356664813,99.99,1
34634.0,0.333499490680108,1.69987344643198,-2.59656116696059,3.64394526899047,-0.585067615145778,-0.65465853161144,-2.27578851019488,0.675228968561644,-2.04241592376479,-2.83487115980611,2.80200512615164,-4.39273243849001,-1.36967144973756,-5.32728665168661,0.16315896154,-1.35938947657172,-5.09518287931609,-0.338012656200231,-0.124137989024621,0.32934171405761,0.469211944535006,-0.144362651206432,-0.317980934036568,-0.769644309522666,0.807854587509663,0.228164299217237,0.551001873896763,0.305473419992231,18.96,1
41582.0,-1.04800528916284,1.30021877705413,-0.180400575706546,2.58984264330545,-1.1647935523262,0.0318234062644092,-2.17577809872951,0.699071737631603,-1.14020827768059,-3.22678710680364,3.49080495043995,-2.45433920979968,0.177189485247745,-5.16060809721957,-0.686114234287445,-3.99614471325468,-4.69556272249452,-1.81916096350279,1.46108031890323,0.644993308471186,0.549014458224783,0.624321410729297,-0.136662719519743,0.131737918713915,0.0309213718346795,-0.176701082429858,0.504897671691263,0.0698824528615783,39.45,1
85285.0,-6.71340697159693,3.92110415204576,-9.74667821737542,5.14826254938013,-5.15156271985187,-2.09938865681113,-5.93776683170198,3.57877960420447,-4.6849517505833,-8.53775768653457,6.34897930341209,-8.68160893168352,0.251179384774619,-11.6080022570993,-0.351568782034355,-5.36356643348466,-11.9390915052116,-3.58360287020043,0.897402406121681,0.135711322729059,0.954272201927517,-0.45108644858101,0.127214424071711,-0.339449869297565,0.394095513633807,1.07529509891805,1.6499059092424,-0.394905372194808,252.92,1
160034.0,-2.3493399641893,1.51260401518904,-2.64749719609623,1.75379247237301,0.406327950335496,-2.18849400496996,-0.686934747748875,-0.547984409288573,-0.0995281132954432,-1.67234597814111,2.17297610055437,-3.10347667138871,0.217560544573622,-6.03440257566619,0.164400705894815,-2.38382603356602,-4.16647877527802,-1.77239694698232,-0.526280794204029,-0.0934214753719124,-0.0885194213942628,-0.595178282040403,0.258148130014773,0.0619011334336728,-0.35418019381022,-1.15267106612603,-0.736072755373029,0.733702732493917,4.9,1
139107.0,-4.66650010041278,-3.95232008590575,0.206093981663422,5.15352461752314,5.22946888229443,0.939039595033364,-0.63503285991319,-0.704506473585122,-0.234785699547585,4.03143505114991,0.983646778914785,-0.578913742704862,-0.199814214445048,-0.729706928009483,1.26671345577549,-0.842769191467021,-0.10294607389286,-0.597597212831086,1.06015422605258,-2.28613708033687,-0.664263125989277,1.82142163463065,0.113562782266408,-0.759673347196958,-0.50230409927918,0.63063883618903,-0.513880222506685,0.729525850100835,22.47,1
41233.0,-10.6457996485752,5.9183066586857,-11.6710425949575,8.80736917876038,-7.97550136587277,-3.58680634405361,-13.6167970541448,6.42816934590602,-7.36845129274034,-12.8881582878915,6.85495311388866,-13.2116950297251,1.03561234332246,-13.7789556397675,1.04044835530024,-11.2903278082585,-20.5780220491922,-7.54782411219534,3.11847976563045,-0.0461701790327979,2.57196959291347,0.206809359357246,-1.66780140024191,0.558418754024331,-0.0278978765982558,0.354253781525514,0.273328726801416,-0.152908080809092,0.0,1
41227.0,-9.00135134450649,6.61328394324752,-12.4236347238918,7.51992923163014,-10.2662546389665,-2.11320754204122,-9.98428744767688,5.54194143253089,-7.38370453522347,-13.2151722995049,6.89518136811315,-13.2796997105282,0.755263578785977,-13.4170122721265,-0.210774362111057,-10.9226551270595,-21.90649321637,-8.82981976595275,1.85246698871594,-0.645393857931055,1.7758908996538,-1.22475761150578,0.0825935414630254,0.452088727391883,0.463827332847796,-0.296928065001458,0.526505578079938,-0.450890488772313,459.07,1
109297.0,0.745153216872909,2.80929887414381,-5.82540635746786,5.83556642595055,0.512319881201007,-0.615622343185995,-2.91657564356736,0.776710041712962,-1.87883185000296,-4.54693575081085,4.69879549591235,-8.50778570734412,0.718249309268122,-7.62871014660448,-2.24957848303647,-2.55866861696795,-5.30462366328046,-0.956938449028105,-0.585321852047277,0.40283675391689,0.284840710005163,-0.874383479410998,-0.0839950451669313,-0.651441658316508,0.454593823671078,0.0503758982755266,0.756952562644727,0.383868938615243,0.0,1
88672.0,-3.85988078691481,2.63288131193679,-5.2642653095088,3.44611314661501,-0.675231056544998,-1.90495945391597,-3.2910408690196,-0.985766040904484,-1.16811416733417,-3.93629417027159,4.25656448730292,-6.60065448140166,0.0056263764660214,-9.9585309187018,2.47135790380837,-5.7001414199952,-6.38809273753128,-1.83815930102503,2.99317350708135,-0.178626358366056,1.66411901528299,0.785075271950043,0.0684124857414983,0.778960915978384,-0.863165919910699,-0.0068096144164965,-1.06573404007904,1.77332644564776,1.18,1
132688.0,0.432554461820961,1.86137334473124,-4.31035306214219,2.44808047483365,4.57409367462504,-2.97991207512663,-2.79237913364276,-2.71986651919035,-0.276703666493858,-2.31474716368481,2.22296005779154,-0.407550442912615,-1.65231153851303,-5.87143807802568,-0.427646957092402,1.67987296365444,5.54086531862428,3.20763696362324,-0.559479810847182,0.318852892094648,-1.3844768425902,-0.348903877586001,-3.9799478814166,-0.828156262241172,-2.41944598182275,-0.767069606648857,0.387038910929273,0.319401534511631,1.0,1
57163.0,-10.3630494651588,4.54367201286394,-9.79589773551539,5.50800333404763,-6.03715599427489,-0.133492972364907,-11.7243461176622,-3.19834557193323,-4.76784222430147,-9.33212806886128,5.2241240042156,-7.74312234505579,-1.56034320038539,-7.14041803349475,1.18597782557697,-6.59870406570123,-12.1205390025684,-3.90409153348034,2.51343040062446,0.924396179705582,-2.45714487251707,1.68725664165106,0.977178353536712,-0.543368976583511,-0.289124786926125,-0.107586425389056,0.330641897772597,0.163577149556086,1.0,1
41870.0,-20.9069081014654,9.84315322329519,-19.947726046163,6.15578864849515,-15.142013159868,-2.239565648142,-21.2344631540976,1.15179506554623,-8.73967037069304,-18.2711681738888,4.67734929657245,-9.58356643737056,1.03516582361622,-8.19969002891841,-0.32651888245129,-8.37643882097816,-18.4854603221489,-7.58997395860914,1.1266403652792,0.396654845079575,-1.97719619445615,0.652931885295435,-0.519776859411322,0.541701730134149,-0.0538607606750096,0.112670774311131,-3.76537100922261,-1.07123831223447,1.0,1
68357.0,1.23260446981971,-0.548931183157109,1.08787266901823,0.894081819978967,-1.43305489904701,-0.356797142170886,-0.717492197160233,0.003166531089953,-0.100396732730679,0.54318725600578,-1.03941706835478,0.285261608751792,-0.206006567752438,-0.498521775750102,-1.06410845071827,-2.1560365431533,0.564761098405632,0.837856659648528,-0.728989760343786,-0.576274061414969,-0.448670516618872,-0.517567967949267,0.0128333352729761,0.699216728009832,0.527257980520248,-0.322606503047991,0.080805437438631,0.0354271820131481,19.59,1
41305.0,-12.9809425647533,6.72050777097643,-13.4556359425571,8.69861009281133,-11.4795517833437,-2.68151865053833,-14.0192907576919,8.21819051252864,-7.93089996826719,-12.6959474039839,5.58936163192341,-11.9608660326622,1.53867076186333,-9.88721406724695,0.6339792179337,-11.3502438549644,-21.7101876525534,-8.85945192496352,3.62971365041526,-0.84330261969681,2.54962823474498,-0.532227763596568,-0.235096473604284,0.673209169467055,0.22659797207791,-0.0061678581900246,-1.18569550568181,-0.747361321404312,59.68,1
129808.0,1.52207986461923,-0.51942947320952,-2.58168487999205,0.774741045624737,0.206721720660857,-1.43102011805619,0.757011225164691,-0.444418034237894,0.997921025301102,-1.4294901237515,-0.375466188651408,0.17909486429195,-0.148448551372914,-2.13515486441111,-0.0449156938101637,-0.0553327528802965,1.77869660251824,0.671832434178931,-0.00202115788658,0.361168932269551,0.0196494069605455,-0.211678284664816,-0.24745192402646,-0.279471886713974,0.239646122725123,-0.50839814288348,-0.015551488169813,0.0418807020330689,276.17,1
93879.0,-12.8336314219519,7.50878980635543,-20.4919522106577,7.46577999198461,-11.5753037055975,-5.14099947650773,-14.0205637048257,8.33212047126021,-4.33771253089739,-15.5637913387301,7.61081978841573,-15.5923232225286,0.504789055226229,-13.2478885958622,-0.796526030140245,-10.3423283585648,-16.0445243414767,-5.8821359384126,1.57369789640089,-1.37892322363159,2.96684240389381,0.615344322057327,-0.766494757432984,0.431261005079751,-0.104974994617143,-0.0100913270781415,-2.4008113496639,-0.720556600051925,104.03,1
13323.0,-5.45436177939673,8.28742055534983,-12.7528112729386,8.59434189301081,-3.10600228114338,-3.17994875686414,-9.25279393795831,4.24506220985367,-6.32980084623466,-13.1366983691039,11.228470279576,-17.1313009454468,-0.169401056814124,-18.0499976898594,-1.36623566099065,-9.7235653091894,-14.7449024646768,-5.24730110631125,-0.574675143795817,1.30586191483437,1.84616479291417,-0.267171794223081,-0.310803969751621,-1.20168545799806,1.35217609502433,0.608424596360403,1.57471478384204,0.808725205090233,1.0,1
102480.0,-1.92959692675373,4.0664132778545,-4.86518400996861,5.89860229319899,-0.552492585328532,-1.55596245330906,-3.83362344068736,0.679511648528001,-3.46376549143694,-6.68368922880726,7.02127774818005,-11.1024933822497,1.71175507363653,-10.447632938235,-2.79907615915518,-6.26174085045904,-11.6471577741668,-3.45143614190286,-0.507536514254236,0.942488941965831,1.13721164676769,0.674245235425331,-0.531765489027487,-0.433409350510738,0.378658562357166,0.198107291025294,0.869694411928137,0.228047851815119,0.0,1
84204.0,-1.92745281973369,1.82762056700016,-7.01949468454197,5.34830323951426,-2.73918788004738,-2.10721929638307,-5.01584797563431,1.20586815982046,-4.38271250852199,-8.33770697381781,7.19030608944843,-9.42484446049178,-0.223292646427513,-12.8754942229841,-0.071918160688794,-6.2999613976222,-12.719207160428,-3.74017615583058,0.844059610296466,2.17270905626492,1.37693832294098,-0.792016725563067,-0.771414187530036,-0.379574271539528,0.718716522008066,1.11115125599517,1.27770725705846,0.819081152045361,512.25,1
29785.0,0.92376442016477,0.34404807190464,-2.88000365579163,1.72168007534123,-3.01956477860235,-0.639736122583852,-3.8013245024591,1.29909588513018,0.864065471140902,-2.89525166830126,3.02816223099618,-2.54917730779636,-1.56043182473423,-2.97131675769274,1.07889539651163,-4.70201182527384,-4.90809850732764,-1.5088732903485,3.0016850593747,0.170871765618069,0.8999311755668,1.48127100376248,0.725265549161058,0.176959582872624,-1.81563797523647,-0.536517111308732,0.489035020411905,-0.0497285787992942,30.3,1
4462.0,-2.30334956758553,1.759247460267,-0.359744743330052,2.33024305053917,-0.821628328375422,-0.0757875706194599,0.562319782266954,-0.399146578487216,-0.238253367661746,-1.52541162656194,2.03291215755072,-6.56012429505962,0.0229373234890961,-1.47010153611197,-0.698826068579047,-2.28219382856251,-4.78183085597533,-2.61566494476124,-1.33444106667307,-0.430021867171611,-0.294166317554753,-0.932391057274991,0.172726295799422,-0.0873295379700724,-0.156114264651172,-0.542627889040196,0.0395659889264757,-0.153028796529788,239.93,1
103808.0,-4.51734375344642,2.50022390414582,-4.01392753708116,1.18945163355882,-2.48686063585833,-1.41347553285281,-4.24570662259591,1.26508694822894,1.16882778968781,-4.51390660472333,3.69471123994721,-6.11044323287235,-0.110521636054475,-4.18455528093394,-0.93103463417672,-1.61471832598223,-3.35318018239636,0.236762036968587,0.0038960221310578,-1.05616226010439,1.32694422202396,0.102998961106284,0.508166904438541,-0.278017536127694,0.139721094971637,0.0646100247346309,-0.972358289293076,0.351359561196795,2.27,1
138942.0,-2.35634817171224,1.74636046414013,-6.37462362059635,1.7722054455123,-3.43929379640843,1.45781106507128,-0.362577080151496,1.44379091605937,-1.92735886131488,-6.56465926230671,2.4507521592725,-5.69407428254804,-1.15546908515323,-7.13215063894307,-0.059627810007784,-4.59657658277775,-5.5220880540876,-3.5290655977144,-0.663370800920003,0.194809814636999,0.857941843268412,0.62120338692579,0.964816561119457,-0.619437275613569,-1.73261275172715,0.108361134584802,1.13082816380553,0.415702789405836,727.91,1
169966.0,-3.11383160738512,0.58586417180689,-5.39973021073242,1.81709247345531,-0.840618465991056,-2.94354779071974,-2.20800192003372,1.05873267723056,-1.63233334974982,-5.24598383776964,1.93351953683592,-5.03046479695456,-1.12745457501155,-6.41662797597451,0.141237234328704,-2.54949823633632,-4.61471706851594,-1.47813794126038,-0.0354803664667244,0.306270740368093,0.583275998701341,-0.269208637986581,-0.456107772584008,-0.183659129549716,-0.328167759255761,0.606115810329683,0.884875539542905,-0.253700318894381,245.0,1
75556.0,-0.734303155037818,0.435519332206195,-0.530865546585229,-0.471119606930407,0.643214386605141,0.713832369657908,-1.23457207133269,-2.55141159871634,-2.05772382572102,0.166830707878014,0.567551954604602,-0.85805991589575,-0.448067929957678,-0.264936238828755,0.88886293915465,0.838120616560385,1.42505965449185,-0.169664182600728,2.50202738858443,0.864536120628702,-1.00487737851609,1.15035358786928,-0.152555282700309,-1.38674463324096,0.0047160148280004,0.21914583821982,-0.0582573076118087,0.158047988697071,29.95,1
123078.0,-1.07381997038354,0.415616496914758,-2.2739767978925,1.53684419661661,-0.758696869170268,-1.67038051440345,-2.37713981352061,0.0903704457603509,0.0048472639499715,-2.77674714436829,1.42841254547618,-4.48267863575862,-0.709519384951049,-4.61013844047447,0.621338168687942,-4.60271264488365,-7.52418833345318,-2.55710412229741,1.31912362938259,0.22705062109278,0.535541841818562,0.863591564127184,0.45074251609585,-0.144227844430684,-0.20560879925391,-0.539072772653385,0.503418437647693,-0.237807129664846,11.0,1
11635.0,0.919136507326981,4.19963266902077,-7.53560659365729,7.42694037455047,1.11821533001319,-2.88672235145027,-1.34103599607144,0.363933268353337,-2.20322443100109,-4.13784019622865,4.57011280759332,-7.62916958856017,1.73391746350254,-9.44037499459843,-0.0233533498971062,-1.23395828198259,1.63200885764087,1.3157345644727,-0.287188855297045,0.535434663150233,0.316093599204254,0.0551792270194195,0.21069215028398,-0.417917881438145,-0.91118827562932,0.466523924588163,0.627393270472548,0.157851282541588,1.0,1
44393.0,-4.61746102917986,3.66339525318756,-5.29744641020372,3.88095965427288,-3.26355091342907,-0.918546733700683,-5.7152620778107,0.831039550183167,-2.45703377841015,-5.72681709632961,3.52572598717089,-6.48911156043177,-1.01279063167124,-7.05231095228929,0.78444540329242,-6.77397674966222,-8.58807007314333,-4.51089174541971,1.14787783834912,-0.34645583270524,2.69817489528664,-0.0270808907137453,0.366775230313112,-0.123011441662663,-0.300456526768528,-0.239996239629945,-0.183463054061235,-0.0733597031884566,1.0,1
29526.0,1.10280432542075,2.82916799881581,-3.93287026485548,4.70769143992869,2.93796685530025,-1.80090371765217,1.672734122106,-0.300240348680253,-2.78301108805298,-1.88484243991678,3.79256535985687,-1.46047112296734,-1.31277627644381,-7.07736060637589,-0.299466316598551,2.4932276042067,6.24498710234308,2.97174936407353,-2.67995024218857,-0.0308799718381793,-0.106994395673876,-0.250050303584088,-0.52162653336055,-0.448949514169716,1.29164648168516,0.516326673768638,0.0091462814112417,0.15331763551135,0.68,1
141320.0,-6.35233691096656,-2.37033515007664,-4.87539667887196,2.33504453116197,-0.809554897212021,-0.413647316208307,-4.08230817063438,2.23908947335972,-1.98635950470675,-5.16533081830893,2.94293916487767,-4.12572224190365,-0.433094395260294,-3.5181311704857,0.420777387095712,-5.10447983930312,-7.9253889983055,-3.41570671508705,0.71833237368083,0.186898304507656,1.32521840044042,1.22674487561089,-1.4852168616857,-1.47073226048821,-0.240053392971609,0.112972036960476,0.910590643802817,-0.650943712766886,195.66,1
93879.0,-12.8336314219519,7.50878980635543,-20.4919522106577,7.46577999198461,-11.5753037055975,-5.14099947650773,-14.0205637048257,8.33212047126021,-4.33771253089739,-15.5637913387301,7.61081978841573,-15.5923232225286,0.504789055226229,-13.2478885958622,-0.796526030140245,-10.3423283585648,-16.0445243414767,-5.8821359384126,1.57369789640089,-1.37892322363159,2.96684240389381,0.615344322057327,-0.766494757432984,0.431261005079751,-0.104974994617143,-0.0100913270781415,-2.4008113496639,-0.720556600051925,104.03,1
62330.0,1.14086473658976,1.22131743135767,-1.45295546048243,2.06757505760281,0.854742052227546,-0.981222507744598,0.325713913670098,-0.0377214068783676,0.113219371615132,-2.12697274994354,0.915947028928619,-0.468571538051367,-0.523377293666349,-4.86186658087283,0.421013353871263,0.866440624739209,4.08248488419359,1.1963181517001,-1.10076358353881,-0.0677120411898438,-0.377597095255037,-0.79345965987036,-0.132333171548173,-0.33158626897425,0.664877856718148,-0.309312434134138,0.099941947375597,0.122988311929089,1.0,1
93897.0,-10.3008197578448,6.48309458751086,-15.0763627200288,6.55419115286706,-8.88025172157215,-4.47167242014489,-14.900688599735,3.84017023811699,-4.35844142237671,-14.5331616869738,7.58874088021049,-15.8357188077344,0.135035383391472,-11.5670059165135,-0.077026912374336,-11.4674297370042,-19.1729963590355,-6.96985638421183,2.21175583268581,0.113244363257218,1.50874842459643,1.04164209875775,-0.682789602968657,0.573543946252624,-1.6023889741646,-0.393520821299559,-0.468892515546761,0.105920160381125,1.0,1
109298.0,-1.00061051985933,3.34685000184439,-5.53449117133595,6.83580203854396,-0.299803293657807,0.0959512989990878,-2.44041927394713,1.28630119597073,-2.7664382829404,-4.45800770078481,4.69653339192897,-8.76211333956078,0.985826601093264,-7.32027202211023,-1.06384045772504,-3.37112471078725,-4.25115786762875,-0.43005729986925,1.80401333906519,1.18981379228675,0.439756764345897,-0.694099203587273,0.299660329499667,-0.657600627722995,0.101647558980344,0.430457439169415,0.824685450418745,0.326952273050223,186.13,1
8169.0,0.857321003765953,4.09391182702914,-7.42389358948559,7.38024451788662,0.973366022888688,-2.73076151658057,-1.49649705633444,0.543015172692922,-2.35119015933267,-3.94423849794435,6.35507773663404,-7.30974798382371,0.7484505505775,-9.05799252943745,-0.648944909074786,-1.07311652692728,1.52450091526025,1.83136353283608,-0.0897244112241547,0.483302650495284,0.375026285129017,0.145399853347782,0.240603265009756,-0.234649222710157,-1.00488094720044,0.435831916241838,0.618323805168482,0.148468944379397,1.0,1
139816.0,-0.395582180999488,-0.751792062726136,-1.9846657222602,-0.203459370656895,1.90396717621947,-1.43028863275949,-0.0765478971696953,-0.99226038178304,0.756307218859539,0.217630453611954,0.253931337415353,-0.0757071123077077,-2.21552535883192,1.06526242773606,-0.775503007617278,-0.911031401859836,-0.223768268609043,0.768369833954887,0.477521452443793,-1.02771589618176,1.37751532224779,2.15178705623536,0.189224816804228,0.772943278067861,-0.872443190023862,-0.200611549796534,0.356855911523477,0.0321134824802381,0.69,1
9064.0,-3.49910753739178,0.258555160773118,-4.48955807274398,4.85389435139681,-6.97452154477167,3.62838209065084,5.43127092073166,-1.94673371078472,-0.775680092900109,-1.9877731876087,4.69039566550924,-6.9980424321007,1.45401198637847,-3.73802333366749,0.31774206255503,-2.01354268083989,-5.1361351026702,-1.18382211654359,1.66339401354543,-3.04262575715977,-1.05236825623151,0.204816873569406,-2.11900744010783,0.170278608305444,-0.393844118118335,0.296367194488607,1.98591321801306,-0.900451638402827,1809.68,1
151029.0,-3.81821371829341,2.55133767783118,-4.75915831591909,1.63696695878653,-1.16790008391088,-1.67841338780471,-3.14473247208576,1.24510555037845,-1.69254135414833,-4.75993137385013,3.64225693939881,-4.165202322571,0.703069875094878,-7.62431631397779,-1.49801239964762,-4.07999232998846,-6.71717654755023,-1.88754964911755,1.35674828969143,0.164453445972909,0.837685440079622,0.761712127064149,-0.417694265920243,-0.469712471536136,-0.225934235750846,0.586415248500604,-0.348107405939032,0.0877768724326224,10.7,1
41181.0,-7.33434102050082,4.96089229123138,-8.45140959148547,8.1748251681484,-7.23746372952055,-2.38271066458273,-11.5088418575552,4.63579753722901,-6.55776036636164,-11.5198609264142,6.45582813287588,-13.3802218737527,0.545279226790884,-13.0268638593173,-0.453594543596495,-13.2515419788937,-22.8839985767803,-9.28783221397402,4.03823050489431,0.723313822249839,2.15375502636012,0.0339216178167887,-0.0140949200284419,0.625249955306557,-0.0533903339689031,0.164708739959664,1.41104749421382,0.315644799820923,11.38,1
41164.0,-5.93277795485543,4.57174320411303,-9.42724692838332,6.57705643811276,-6.11521812544893,-3.66179789602346,-10.8940785545016,3.70921000751656,-5.85952387304171,-12.981619145004,8.26529460055417,-14.1541653609607,0.479842781966758,-16.3375959447735,1.64604527960375,-12.3753974432385,-21.090612716108,-7.7245457358645,3.85637474254372,1.19107830456005,2.01427156558263,-0.167416617986259,0.0499675298711021,0.384429719031746,-0.0778835668224832,0.56549290579318,1.79201191700266,0.371007021212136,5.3,1
57007.0,-1.27124419171437,2.46267526851135,-2.85139500331783,2.3244800653478,-1.37224488981369,-0.948195686538643,-3.06523436172054,1.16692694787211,-2.26877058844813,-4.88114292689057,2.25514748870463,-4.68638689759229,0.652374668512965,-6.17428834800643,0.594379608016446,-4.84969238709652,-6.53652073527011,-3.11909388163881,1.71549441975915,0.560478075726644,0.652941051330455,0.0819309763507574,-0.221347831198339,-0.523582159233306,0.224228161862968,0.756334522703558,0.632800477330469,0.250187092757197,0.01,1
58060.0,-2.63059770314604,5.12575923008793,-6.09225454651378,5.52739306209755,1.60514485494011,-2.31988352953118,-3.20707570564086,-1.48258321071708,-5.07487063178104,-6.77833138248069,5.72525459149638,-6.94917182528041,-3.12779501198771,-11.090424813263,-0.800272569362332,-1.70750085360527,-1.68547301699574,0.274890838662414,-2.02888535240153,0.948863770149954,-0.527474204141788,0.220546094514546,-1.37110989476897,-0.504898994517705,0.382306792598482,0.395527722278956,0.782035950782542,0.62852786395406,1.0,1
155542.0,1.86822575153021,1.36307703789779,-1.99493428288271,4.17351574396431,1.23975095036686,-0.746186461637677,0.572730531134135,-0.131234840026775,-1.55183852136659,0.228849430580481,1.70189470812283,0.144622386270367,0.104087683833243,-2.95416672265135,-1.37412192590939,1.88941745516528,1.71451073880902,1.10465991097437,-1.59744021309102,-0.172216497505385,-0.301001481390408,-0.818972281356086,0.206812306872685,-0.263683031819147,-0.114958101067535,-0.240672123611963,-0.0066294488588389,0.0172577348698229,3.14,1
64585.0,1.08043336974687,0.962830680816555,-0.27806547765439,2.74331806279958,0.412364075681078,-0.320778352962878,0.0412895489552235,0.176170299597767,-0.966951551053629,-0.194120466505581,2.14005681553663,-0.276308752749667,-1.19130573752489,-1.88027540328199,0.398271956336376,1.36743302249318,1.52266169956075,1.02631748255981,-1.57707047840184,-0.172658644566365,-0.008996174092574,-0.0570361435998535,-0.0536915092211487,-0.0263732767799466,0.40029973123052,0.0728277709127376,0.0270429343018625,0.0632375727147923,0.0,1
53076.0,1.29623080363477,0.417447287721689,0.193963067987499,0.901644194576026,0.13053136701763,-0.371634020776762,0.158125823740231,-0.202668656827626,-0.0795117562857989,-0.0450882478448673,-0.876737591678351,0.687487636238951,1.5747177026257,-0.0077912302905812,0.948315691837591,0.37715383740261,-0.868182736046053,-0.0671351121445059,-0.0644929660672327,-0.0295593500917474,-0.112113509551068,-0.2200020323662,-0.121021883862135,-0.440454448442227,0.671540040565908,-0.413518433654353,0.0328380408333744,0.0206001971066775,1.18,1
53727.0,-1.64927881611351,1.26397355628777,-1.05082567399718,2.23799063903423,-2.52788923751396,-0.889939993137591,-2.35525367110661,0.85465864123984,-1.28124261677782,-2.70501138232752,1.17447506014201,-4.38191956749248,-1.22666589816604,-2.95382425341893,1.99416119386347,-3.30425391022094,-5.58579436647491,-1.64370403169872,2.11863332532912,0.0874063699474628,0.679176431149171,0.731907051356776,0.333045475501739,0.392505235969248,-0.274197297543759,0.802348667525187,0.390808552793314,0.11214553148245,112.45,1
41170.0,-6.49808616880785,4.75051466030858,-8.96655783136602,7.09885431317009,-6.9583762227814,-2.82212618665779,-10.3334056561063,4.03190730189525,-6.64877821018697,-11.6344144245911,6.87757089846463,-13.6976856184689,0.463040401836978,-13.0441824003561,-0.309229265664683,-12.3175797238757,-24.0190985475902,-9.33519307905321,1.95189049542104,0.568338010653019,2.15814308370257,0.1115103626317,0.216413836254987,0.584661255488016,0.760359507805524,0.0819723426822078,1.41506751068321,0.0351241448009389,83.38,1
85864.0,-3.36526491864606,2.92854110729003,-5.66099919906905,3.89115992835328,-1.84037510965314,-1.80088720390662,-5.55867935318221,2.40232168278639,-2.84892272106495,-5.99567612703198,4.22130410784879,-6.11966735264192,0.0230135705891201,-8.14932178394224,-0.301351931335019,-5.37528289323615,-9.31500138499105,-2.48756256913711,2.35591891159776,0.57637946532203,0.875260063301294,-0.102501391250503,-0.606282749133978,-0.743164794295893,0.096318936065612,-0.135060497401362,1.23869473001415,0.0998237563444676,1.0,1
72824.0,-1.11149523246612,-0.257575207100777,2.25020963478583,1.15267090326627,0.432904474488939,1.25412602800986,-0.58416279009186,-0.609681605347911,1.01460246273104,0.334532824069685,0.82637484441332,0.196886900487791,-1.88599349809323,-0.472025637126337,-0.578141395688259,-1.24300710102788,0.570459827436018,-0.159056766164096,0.407187527410462,-0.510613591931657,0.862912790109336,0.927825035064447,-0.343058085886885,-0.256268230425974,-0.600742165862083,-0.18033128765631,0.0267622260788268,-0.358335321215398,45.03,1
85285.0,-7.03030814445441,3.42199090467553,-9.52507177254752,5.27089100906596,-4.02463027558805,-2.86568161775739,-6.98919473439446,3.79155093755913,-4.62273033596451,-8.40966487562735,6.30904400603177,-8.57676143258937,0.246746716929862,-11.5340460181508,-0.3642651387587,-5.45249465771382,-11.8875700201872,-3.56358481007011,0.876018768156628,0.545698040621445,1.10339774484256,-0.541854751589521,0.0369432219896495,-0.355519004066217,0.353634382097,1.04245799282131,1.35951563156376,-0.272188101257294,0.0,1
88737.0,1.91782653091941,0.951966571156228,-2.05920551344214,3.83399771227534,1.66819219140891,0.769825697337707,0.23246305671161,0.107940567202011,-1.14364568858013,0.541699242973355,0.301977229683697,0.257697090947377,0.709147651977866,-2.420715975085,-1.99774018079568,1.50669615001484,0.799832475247662,1.16276426158317,-1.15062735713932,-0.115922317627863,0.0152553539964535,0.239994342022941,-0.111915984520572,-0.380575889863537,0.370994788995014,0.189116547062326,-0.0058232806791896,-0.0121050906997506,9.21,1
28625.0,-27.84818067198,15.5981926625554,-28.923755945104,6.41844174657532,-20.346228155413,-4.82820246578157,-19.2108964179086,18.329405525597,-3.66873493861418,-8.00915938639777,4.30309581759563,-6.00866000668561,1.1389688287939,-5.58044712038062,-0.11073711578577,-5.49107326163426,-11.5885435992809,-4.71542017123115,0.734573493016404,1.69785626318366,1.8021491336386,-2.06293427611466,-1.26984343615924,0.165409188492223,1.99949911253199,-0.211058522431997,1.32480949279508,0.388090177732107,99.99,1
95628.0,-17.5189091261484,12.5721178535385,-19.0385383213549,11.1908946558522,-13.5547207079601,-0.41192361337145,-23.189396512394,-5.30141221815132,-8.63039030596902,-16.2556117491401,5.70211147983179,-13.8124040899594,-0.306815322507812,-7.01360737195925,-1.18229035380557,-9.3601791927531,-16.6683693822389,-7.14746777723207,2.16209864550609,2.52851232971436,-4.96947772242457,0.976124822110751,1.8412479337881,0.334417748210128,-0.720128461316563,-0.232603423065217,-3.02199247294556,-0.478158234859683,1.63,1
47982.0,-1.23280412810524,2.24411874456383,-1.70382579275654,1.49253586483501,-1.19298516971563,-1.68611021267902,-1.86461150490967,0.856122313785725,-1.97353527775248,-3.94238290411726,2.40165068027699,-3.39426561777896,-0.145161724970334,-4.32979551307589,0.758760885824274,-3.19904647594093,-4.48018356526203,-2.48566878350317,-0.0958074336903356,0.207889301735382,0.560475065574211,0.165681717805126,-0.0137535165177887,0.474935180269258,-0.218725074414735,0.302809125708237,0.46603094153746,0.250133538809307,0.76,1
137211.0,0.630578744212506,1.18363142021427,-5.0662827181354,2.17990251484867,-0.703375740890159,-0.10361428842267,-3.49034985781286,1.09473429241599,-0.717418480774938,-5.17993471366321,2.86702850008408,-5.25999613299847,-1.27715142230195,-6.98927231350758,0.690009613250389,-5.49618760977607,-5.99533723596091,-3.9905149275795,-0.167199797868911,0.357369307955279,0.621621663049365,0.0438073846680806,0.102711029430332,-0.601504870194403,0.127371352545737,-0.163009126463793,0.853791839587473,0.356503102101233,39.45,1
32745.0,-2.17913506011513,0.0202179180614602,-2.18273279614299,2.57204626116115,-3.6637331119316,0.0815679330899005,0.268048730691862,0.660437428502318,-2.37402736257173,-3.58281002008802,1.97582106179607,-3.50054226479879,0.170681027067223,-2.73594037401519,1.67025110352247,-4.04629299726117,-5.07947908460579,-2.58685704537203,1.66926055335833,1.95796029993605,1.02642111100453,0.299613501640326,1.65680000734873,0.328432501784239,0.106456827905221,0.691774505774569,0.196778974067123,0.241085157494976,717.15,1
47923.0,0.364376991240021,1.44352346510311,-2.2209073739296,2.03698508634993,-1.23705503097364,-1.72816100636381,-2.05858236489925,0.358895084111675,-1.39330570864802,-3.50579032571994,2.81431415481622,-3.34217599575955,-0.150269366634614,-4.82032224395007,1.10260955786246,-3.15703267184314,-4.40585022452865,-2.55882785118576,-0.208809536741974,0.310979602822284,0.402729680639885,-0.132128891527171,-0.0329771760409112,0.460860836846427,0.560403798330262,0.409366102366135,0.539668285308506,0.296918378210685,0.76,1
153875.0,-0.613695895305449,3.69877241384725,-5.53494116176501,5.62048638535855,1.64926285038792,-2.33514498091385,-0.907188472777421,0.706362095310651,-3.74764612466131,-4.23098383571181,4.43631907416962,-4.50380121641622,-0.954361345864011,-9.86137210765166,-0.505329037399437,0.269281953090911,0.591319064375358,1.79599192045908,-1.08520791024384,0.354772932978025,0.319260753518317,-0.471378905146116,-0.075890410682347,-0.667909264857987,-0.642848415713801,0.0706001067101182,0.488409527815439,0.292344974289491,0.0,1
129186.0,0.290155157802135,0.0492431315858544,-0.740523666102691,2.86546277005979,1.39529391568643,-0.53516327889219,0.142543369971437,-0.222769707020631,-1.46369065190782,1.71353755281029,-1.12757349175133,-0.708657345883242,0.272186077406343,0.27471029150754,0.235191951820748,-0.463552709186313,0.472995390747944,-0.44789915630515,1.79092414652793,0.247579534584332,0.337348848382748,1.01819057752704,0.303550010776752,0.833886119752574,-1.22230609676666,2.7452606721766,-0.220401600319897,0.168232740494181,7.18,1
63210.0,0.950055836585937,-0.399207754262581,0.989763769345977,1.22384686249863,-0.694637268867458,0.733835002961955,-0.702140687279059,0.405257904372608,0.602125517766513,0.0348022851967485,0.757398406693877,0.521890925967624,-0.832259997730971,0.138961353573113,0.266226988386334,0.337712350587237,-0.461600505233838,0.482577512379097,-0.447697505685871,-0.0393844070176017,0.218781437011529,0.582036978238915,-0.171478277213524,-0.305342859254752,0.388333974923749,-0.215291964037435,0.0591693074115359,0.0309390331379311,85.0,0
130108.0,2.35572901260414,-1.28558249181081,-1.45474469569031,-1.6084211124231,-0.837147081317287,-0.669110040512814,-0.859023704811394,-0.204403131185579,-1.19918722416158,1.59057652873952,-1.49755375672069,-1.43888114369242,-0.765212964891555,-0.094257622580492,-0.463195248473388,-0.739067488809069,0.63830430662751,-0.300520797418656,0.272861004048264,-0.505407274989401,-0.435628699204901,-0.803104608182655,0.325536967283491,0.400450045233936,-0.163275940533617,-0.338824461958854,-0.0179863785620602,-0.0548870669684943,9.26,0
168145.0,-1.86156050703613,-1.20612053174125,-0.256970921078002,0.207742170700992,4.45732383991782,3.35352864136273,-0.0492410918443049,0.787051975847651,-1.1545094179588,0.656772074471606,-0.621027374530788,-0.676294453599189,-0.383820476852855,-0.247187566192724,-1.23906785859779,0.345145898448705,-0.486294799818778,-0.980716699470952,-0.731647155773723,-0.0827986396258766,0.0022008284634049,0.369737227256361,0.806943900568024,0.817193523215605,0.229824119601295,2.46095166458684,-0.257448612893303,-0.177194970784802,0.83,0
129538.0,-1.05109555717086,0.283622087597874,-1.59905868316736,0.856736866986985,1.57533990670837,-0.445907425186861,1.17784022572835,0.267151770409302,-1.3253627891825,0.0710414419061204,0.0039840756368519,0.284893613118459,-0.143944592576647,1.38027841902234,-0.335397906505487,-0.38658737664432,-0.449503470770589,0.764500797019593,1.02833020583597,0.536656655307742,0.484182268522744,0.887048280454042,0.0953165233912837,0.09704001500028,-0.192645092343903,-0.40959585932407,0.308132722338881,0.0980041820459796,150.22,0
138236.0,1.97133605745081,-0.188395668644236,-1.47399226609206,1.15338621416723,0.485831290435812,0.282604034657327,-0.0620325821509833,0.0956779192805114,0.631857726812378,0.368876704650761,-0.190230642710069,0.212009926820176,-1.41510287205981,0.543637112404975,-1.18443747104031,-0.206535364572666,-0.51316690819886,0.484495974343489,0.218734714632881,-0.293768087150592,0.180214151971692,0.685405308066258,-0.0840525858392188,0.128583980302416,0.439310073588228,-0.385933808422851,-0.0020477079374751,-0.0639762097480086,19.9,0
47339.0,1.18466231823882,-0.2160348335075,0.651773729436114,-0.16806983224935,-0.769153739750563,-0.379904936811513,-0.482858945441723,0.188341858008804,0.333286786715151,-0.0458928157438701,1.63296985060473,0.308190478697756,-1.43191213255891,0.649436549292203,0.944149805013388,0.317260691240969,-0.181187029535322,-0.264696956208078,-0.106963213316855,-0.186540075681006,-0.0585200180400166,-0.224481589029361,0.157778473636265,0.24782101153164,-0.0600093106268147,0.908927660093759,-0.0668321298410013,-0.0053738110500458,0.77,0
80185.0,-2.49406230012876,1.77150891576487,1.04166948450414,0.813327158225362,-0.781895312097639,0.652697168204655,0.51437553155173,-3.72619362337898,1.15312168006871,1.45155516064788,-0.548201289193582,0.177526034510764,-0.222585591510339,-0.751616617931505,0.112491093000191,-0.749268367036277,0.144237470823993,-0.370479744129144,0.779463897124614,-0.626045859088861,2.44571422138304,-1.25427175516495,0.498945936116599,0.342604837962987,0.12993819969791,-0.465749367392093,0.711263815171729,-0.124312727675636,158.84,0
155062.0,1.92720094555131,-0.0371616807854965,-2.10107348251444,0.426763456441565,0.515862895689794,-1.03810572182287,0.451775823176765,-0.429035524811264,0.481889549241284,-0.544018364959193,-0.852061529292461,0.344952060704305,1.13309525761911,-0.948835068819949,0.856304214370399,0.387992921542974,0.0695780516067176,0.643237363632526,-0.186173768134416,0.0748758833640077,0.215134228129963,0.63369070145507,-0.209089679919451,-0.747586737530682,0.352141473131058,-0.0702796363578223,-0.0148582393247775,-0.0200566329691691,98.58,0
107766.0,2.05843681334866,-0.301619947218713,-1.03556419539026,-1.56601034276963,-0.11511645983559,-0.878945913752033,-0.19413546791187,-0.253911732777645,2.50653588686161,-1.11664132849691,2.513817157142,-0.564957109263817,2.56379687190015,1.87030171663104,0.0267652063719584,-0.232917200528194,0.0547625418532584,0.135275808508618,0.926034873533615,-0.131908664403328,-0.509562236376505,-1.17112734148425,0.503704730328976,0.672094691551235,-0.498352586035589,-0.883211750934699,-0.0318253349003721,-0.0485752064097685,9.83,0
163592.0,-3.2213420941687,-3.38033476050138,0.919455476976811,0.972117862931953,3.23588769505691,4.16554414971893,-1.27192061859059,1.61517078166911,0.649800388817946,-0.658262195386989,-0.86711794138889,0.285262862027012,-0.143999060256182,-0.539360066827701,-0.13747696504048,-0.659517916320356,0.168494989912616,0.347875161298194,0.745228096429672,1.78103424518229,0.358461494596811,-0.0688094470967872,1.08503991408237,0.645604033924848,0.812130736724752,-0.343674259781765,0.196905056578072,0.226352572545656,400.0,0
83541.0,-0.595228042235898,1.04169375653062,1.26627328434725,1.57026109508152,-0.58131524059422,0.242704382283671,0.039793668538151,0.459696739154504,-1.10339966078482,0.162559648987017,-0.341792078849379,0.341486854342792,1.23957986746643,0.0368653236438068,1.06472406101081,0.470932570202404,-0.0547459515053074,-0.448307645197709,-0.554447428115587,-0.0846144799430698,0.26489640344475,0.696083397144701,0.19371007543891,0.158480424775081,-0.63045035522246,1.0190428622373,-0.188319369712767,-0.0530017497738872,66.66,0
112616.0,-0.286026697476075,0.550419482007913,0.0598395647354376,-0.569127589320919,1.23909359477034,-0.157103307884612,0.664726731126038,0.045654142866226,0.164555476433584,-0.629407610622964,-2.27204406875314,-1.94036828612118,-2.47339347981449,0.919553322794235,1.413936508492,-0.208043376105442,-0.509367122433521,1.06398414763584,1.05360714197589,-0.0909151666018882,0.244647329877485,0.608142172401069,-0.51551212211307,-0.352603423399525,0.461073958353074,-0.229555558943515,0.113769091020821,0.123035817461467,1.0,0
69220.0,-1.81852891069251,1.83048457091985,0.453287071667953,-0.766760386078976,-0.690121248997414,0.558142430979505,-3.25130079784702,-7.91133965937931,0.175979492095713,-2.80222214865142,-0.90040619609937,1.69034209956844,-0.153372409939769,0.990003101481848,0.0446132475459701,-1.08155235173316,0.906638344753641,0.0351869559187592,1.22990202986635,1.89520788784814,-3.68239525383237,1.76549538860793,-0.144104627066791,0.4138710565814,-0.294951699908438,-0.636532741118564,0.146549854313194,0.274160946887835,15.95,0
82423.0,-0.837749590353127,-0.301746988543075,0.114444507277439,-2.00721846523903,0.785349998759362,-0.364794296758926,0.854444893571229,-0.232448927466745,-1.81993456264829,0.286611975503979,0.106166175022792,-0.321837575937412,0.837594488139295,-0.0852300273114443,-0.906660739518549,1.48859575921346,-0.6881207285926,-0.622621629151061,0.897633829753833,0.0250763911363365,0.249649337776452,0.733881969641121,0.102516052031771,-0.991306693865813,0.338126708808712,-0.232629572817961,0.0535711355514177,0.0420686223435979,86.41,0
56491.0,0.745518440401583,-1.07611691928399,1.1296027639311,0.478673878992238,-1.76736167579013,-0.709150269805199,-0.422017922427543,-0.0167804339598802,1.1203795295684,-0.476176677339488,-0.268486843044209,0.321890923740151,-0.587623014724849,-0.246286107982047,0.350566935570578,0.0636183885539068,0.16073791416145,-0.445222357699923,-0.0366472860148417,0.336696322840003,0.0459696058227309,-0.215461576081162,-0.064509552215029,0.988860131569809,-0.0619682508871985,0.935541438762372,-0.079653262558282,0.0595018099917164,232.99,0
152771.0,2.01769849729266,0.0947630400050301,-1.81332854228713,0.227503829392697,0.700383670999865,-0.27560220090217,0.126727190492502,-0.0865709316415112,0.148581710771219,-0.24404925364776,1.02534185058419,1.11845996944334,0.714632259456103,-0.793133708586086,-0.498710618917411,0.512997106622224,0.129684787073701,0.117341904896032,0.376250282369963,-0.0685150269298012,-0.310604382855294,-0.816283863337374,0.275655872749697,0.145680676306909,-0.244716910143126,0.174416771319335,-0.0619665504097351,-0.0403349492864074,16.0,0
149370.0,2.12856392038619,0.263454761181775,-2.43364207191233,0.331569542034765,0.972006487511228,-1.31054308846853,0.977673576307747,-0.564232810375166,-0.515611123078576,0.421343788582388,0.753333011471816,1.13230453383465,0.554241419450001,0.864522264599279,-1.0361418966511,-0.558317810448334,-0.514938685040864,-0.188676646380037,0.406662520497227,-0.193112534652992,0.30510366767895,1.09090317340366,-0.240987123867353,-0.21135941655709,0.723244212873131,0.720893654951608,-0.122078857196529,-0.105186755570875,0.0,0
77035.0,-0.307394152434542,1.0549827654484,0.940187729310824,-0.120699191956822,0.435110074592686,-0.535121369814579,0.663844226848811,-0.0059486474691194,-0.300108863706662,-0.502033661294186,-1.00097555971067,-0.477543953295317,0.0313176958821698,-0.431112609800241,0.981280999756633,0.636998001060984,-0.281913482887001,0.164437416261174,0.225971948268947,0.137465832172963,-0.317827955996131,-0.863688497287923,-0.106087375984754,-0.526263893393149,-0.0549204356924801,0.1252343394996,0.241362493561577,0.0899180194194127,4.99,0
165829.0,1.82282885285582,-0.851785514606258,0.848519949699729,1.65402063423669,-1.31527944493163,1.21051193454734,-1.65544183555286,0.632358870065809,2.33827639807472,0.0141887559372112,-0.606816848173065,0.86394482963714,-1.16197918471701,-0.872230014899572,-2.12295892930645,0.0547031351810428,-0.295397893768273,0.816590115245934,0.200099997292444,-0.346473729788443,0.137098887041452,0.925808804709379,0.0947630249570113,-0.39783060177896,-0.163140327431249,-0.463698407933563,0.128611384920778,-0.0351019712605635,1.0,0
36633.0,1.0251223017674,-0.034107448555629,0.895968293049917,1.33198814067148,-0.718207870556505,-0.336252443667979,-0.251170833215454,0.0438438814662997,0.2735291279418,-0.0255845555827598,0.0172359975051289,0.214798244372151,-0.211266857954142,0.231468742608413,1.46821839832855,0.0631408347149609,-0.193632166297093,-0.284734794125929,-1.13897755942615,-0.0698895752561072,0.239936456024808,0.637520395199153,-0.0758312517987701,0.40262410106916,0.402782406369165,-0.247240656079094,0.0469519995643188,0.0403566401156651,63.2,0
52581.0,-0.822649943608948,0.822344373937189,1.60409484581298,1.48699612381168,1.0864306828715,-0.776461336445608,1.13902403634677,-0.142713861935748,-1.13662969600246,0.290543761299938,-0.587216295462842,-1.55526529253951,-2.63031927808635,0.706702458611861,0.0887267716990937,0.11505921614017,-0.289764820076298,-0.685174395513319,-1.88387594101473,-0.200724333951181,0.0729274665672444,0.0845203057505148,-0.181212584797527,0.333756349190896,0.145861023758525,-0.0974909347455053,-0.148536085055505,-0.124766744869056,9.2,0
37566.0,1.15454084730007,-1.36702324509113,-0.217259645888734,-2.34990646128529,-0.667849508820243,0.532785449114521,-0.682797926897907,0.0828267940228427,0.276137610470797,-0.310203922716989,0.322486360738762,1.39413782206911,1.56373107121749,-0.233322426613928,0.503542700960948,-1.90740041151608,-0.228807105625593,1.59046582423475,0.492140317990715,-0.124830617377877,-0.304070152626086,-0.407007934643339,-0.277758508668739,-1.28704068172959,0.499062870297612,0.0816259751382961,0.0432394974287338,0.0205048022972271,140.49,0
34650.0,-0.808577777316149,-0.979933788067232,0.891612106890937,0.927317944266824,0.272188939246211,-0.24748251877436,0.831015349596303,-0.347402435457441,-1.64535336258274,0.732033298808028,-0.502896090100015,0.32228349583877,1.38600923975054,-0.268630961239791,0.249387978362234,-2.76974911486535,0.574062895381582,0.702986011087162,-0.237101999843016,0.403389140024039,-0.0447792913161328,0.165123880782099,0.628555390235715,0.0685909685637596,-0.520495821229874,-0.288597764985325,0.0007511943011833,0.0125849317516663,232.0,0
76437.0,-0.425330053594836,-0.582203264177668,2.79347235208149,-0.511714454669622,-1.9537808566542,0.262521394118742,-0.586631153877111,0.287680948324057,0.185437802326849,-0.257933525881148,-1.4707046388299,0.04158062780623,-0.400207152632936,-1.27457761367892,-1.8900272256481,-2.17075235144978,0.926139963697052,0.829897126188531,-0.0677199336651235,-0.337920626895082,-0.412653485097031,-0.410225371020011,0.128089500874924,0.752524116785153,-0.348739235235335,1.01229518571098,0.0525428923541887,0.0685309155376753,75.0,0
63218.0,0.442071699683641,-1.85182146864609,0.900673750807795,0.864194594786532,-1.92784142924254,0.0959379121735369,-0.558770421031757,0.0930813102811505,-0.541641737855742,0.663169979149696,0.901959256893517,0.6501964717788,-0.005246727247005,-0.0426856638090506,-0.158877646093944,-1.05716403518522,-0.294724498371505,2.10538853736946,-1.1072865006945,0.267929389990594,0.0690464883062846,-0.124178976589075,-0.349115497569274,0.5210353228867,0.184433769731665,-0.328483515715221,0.0130891547762891,0.102162775432737,410.67,0
132479.0,1.82374038635017,-0.807948783993875,-0.585313922744822,0.10893815303208,-0.0477726900909492,1.5014844689771,-1.05945990391374,0.610897772615373,1.2186051445515,0.0708091544227184,0.580871210449112,0.453599372275707,-1.06706448886522,0.221434646753017,0.589021036162994,-0.11716855437874,-0.0666212559075945,-0.49983161134613,-0.806016553065712,-0.293084885004245,0.250299935704275,0.919045169042002,0.155673308206411,-1.60454339443408,-0.48904155960489,0.682503071275143,0.0146900154540228,-0.0732119978871385,28.75,0
22290.0,1.16543458398359,-0.435033047390441,0.879506312881563,-0.748095512964753,-0.811093480754207,0.190286803010251,-0.891674993560978,0.234494624282233,2.98235165279052,-1.307320945542,2.00243976263803,-1.51493447363745,0.773230609711119,1.64889850400308,0.197177515002438,-0.433988795205409,0.540629850987958,0.712652675839295,0.409482164188122,-0.206963022095088,-0.107508380647163,0.124804355380055,-0.0476109052637231,-0.366064983291155,0.387566509254673,-0.691116688013125,0.0719978888700545,0.0121756197354352,11.85,0
101997.0,1.96020330230319,-0.000710098705841,-1.31415275888856,0.99736282385168,0.303653107492389,-0.24336734069611,-0.124601387387709,-0.141948548579644,2.67102308755098,-1.22838228266406,-0.0786691285793842,-1.8290132086238,1.56454610031957,-0.11142449256785,-2.07266344857544,-0.658446359693425,1.94153060079261,-0.180707849090147,0.273020138135124,-0.207193481850563,-0.561260104644634,-0.996211107406153,0.238940813389911,0.438631378989515,0.0052609970817512,-0.565458803310072,0.0004168348692965,-0.0203706191684881,25.98,0
136599.0,-0.092030378666193,-3.37560419408011,-1.46819809765739,2.28809101682663,-1.37413912486966,-0.0741593326721936,1.20982395823943,-0.366920145787934,0.695078007268594,-0.420596037616876,-0.855305716985513,0.991866922009821,0.83338930915462,0.0553616661924048,-0.167738461831382,0.0435394896942123,-0.340925665128875,-0.525362201058753,-0.540745985230025,1.90802415165344,0.268253600484054,-1.39570687745932,-0.502662103076555,-0.0280100818986436,-0.744265693778129,-1.18012228023607,-0.141400302510008,0.156391704647166,1059.75,0
83819.0,-0.326354474619986,0.623427386738061,1.02997542045881,0.208671837620098,1.28974062769188,1.41591206872691,0.521755722453381,0.292386994150091,-0.540303068077083,0.0061937162466928,2.2304318490952,1.13863303441653,0.184782382104675,0.278924740275102,0.99056730227348,-1.21892819633456,0.356686665884203,-1.52115336876689,-1.54991124059988,-0.192328125286543,0.291223479259964,1.14571715512274,-0.0266698529016817,-1.00033813860812,-0.722098445911431,-0.407216304697684,-0.0943582534347446,-0.156198622213966,5.38,0
123290.0,2.01648763231424,-0.389578894454182,-0.507759889861176,0.3406224889519,-0.38830897943485,-0.0200938315143536,-0.651568549914084,0.0382162145618449,1.44120981850012,-0.177398412360294,-1.23929444436565,0.473307202213504,0.435566308700984,-0.281460172185953,0.512995949538917,0.177958615370706,-0.64795080175176,0.301305741444885,-0.105797078825056,-0.175455565798161,0.167734395212843,0.727848045052886,0.118337684063201,0.503825970121664,-0.0268995935401583,-0.230570482683674,0.0389269592573357,-0.032664898873738,4.99,0
64808.0,-2.99602320456734,-2.5308401492855,0.859380617337711,1.05862489653723,0.343077289123451,-1.68856021968857,-0.70982170618418,0.491878613650164,-1.60459806269023,0.39113415101932,-0.959561057342349,-0.428721791606339,-0.0392232508611179,0.697984160704743,1.21746554535447,-1.4874906694205,0.277642894175189,1.70155586794143,-0.409461010297178,0.877606167308321,0.0171860621931408,-0.84888142849847,0.461736368321538,0.297696830964872,-0.0437493045422643,-0.412969791654116,0.248371386950333,-0.278030952577997,223.68,0
12121.0,-1.1355477491583,0.818954262803019,1.91345635105608,-1.03972079170982,0.0008196809153315,-1.00920309217785,0.510062267371801,-0.323391413537492,1.25698086951244,-1.0055911951646,0.569870563066878,-2.36309133444562,2.05157592323561,1.22111166227225,-0.190713997198151,0.540302334980553,0.0321363946778669,-0.150702379159264,-0.80708010133264,-0.256316177139867,-0.187071037145471,-0.412217557028615,-0.198231988093851,0.396751205753026,-0.213818748958299,0.67057155107731,-0.401309904290706,0.0880363287122452,27.84,0
167041.0,-0.317713331194012,0.685552800554512,1.7248627169299,0.0534196489377752,0.034692280777832,-0.334269676309214,0.334764449678568,-0.0173117751596167,0.0326606204638467,-0.731395997449305,-0.670155815308966,0.656422909878065,1.15258761623671,-0.256167245790853,0.85255832774724,-0.393541625096994,-0.183389361669013,-0.115156375217579,0.907752735041046,0.103702622221596,-0.0814374186251198,-0.0857315070237161,-0.0403058380541951,-0.011808389277686,-0.465262686090982,-0.447240419871113,0.196441231704005,0.166600369575412,3.99,0
51330.0,-1.48796105480621,1.34661633000052,-0.995273186259552,0.239481619607489,1.89829751850563,3.71777932429626,-0.634567680705722,1.70720742827187,-0.539734692763789,-0.112947345676976,-0.891168969566347,0.201566605723712,-0.0739245006988191,0.659140103747795,0.116453126282803,-0.377582463555987,0.166195254913907,0.269374305089022,1.46572166666654,-0.0323324549416701,-0.0007415283908823,-0.17297015114196,-0.0461755740874362,1.01496285939219,0.167799155870393,-0.268261005025916,-0.204169103095242,0.0134679576236241,1.0,0
120112.0,-0.125129542533392,0.495304570461214,1.51038338272727,2.04828986509757,-0.431631297958917,0.155731862327777,0.126498120566769,0.0911553966383209,-0.210171927734185,0.187458841067365,-0.958149210281684,-0.726118047908646,-0.581696721573239,0.291920644578753,2.15892227497871,-0.674001910266951,0.298812589008653,0.896972403749291,1.90164869159224,0.323622602334453,0.3728937878052,1.101293340101,0.0113373818506574,-0.0230735015464803,-0.58354937567246,-0.149650210885472,0.257879879452045,0.208125672924967,74.0,0
88074.0,-0.526317826675343,0.773382461097314,-0.60210035055506,-1.94998993979874,2.5468299406725,3.64323522615452,-0.209285768776175,1.17578175368167,0.591812205700984,-0.997909544059164,0.210886326717069,-0.0878793149960051,-0.291892249885716,-1.32112287624866,0.863162075426958,0.53533396967567,0.267461072039842,0.252088941558407,-0.513804335327818,0.231558426184995,-0.314099700582471,-0.772782136379047,-0.009743316477971,0.558806680298865,-0.0832457936170207,-0.228194307738672,0.413452460014333,0.159703699069366,0.77,0
85594.0,-0.905312016980393,0.730216885275773,1.93065519780773,1.18757577114004,0.112527386198673,0.555879578249611,1.34341317521686,-0.492167757248601,0.196356560977224,0.13200775330264,1.72735679482134,-0.516460415732855,-2.05469724683746,-1.47765525903511,0.232493578278445,-0.695360816560321,1.12772067432374,0.364960338414466,0.965768404253205,-0.033433219166559,-0.3640846696696,-0.355617971525228,-0.216455677190351,0.0749629432241621,0.039001514545236,-0.451943684894863,-0.671943931974654,-0.597698182366941,111.75,0
84971.0,-1.26029847978414,0.813479245886417,1.23446422075912,-0.490260314274786,0.453991093533786,-0.650110199822108,0.373529837654762,0.151409822039611,-0.14511564888556,-0.176927195409188,1.54810265522329,0.0238902890821591,-1.54399992823781,-0.0240639324459432,0.15302391465678,0.518279556208428,-0.115418743314038,-0.0817799326106919,-0.909995385412522,-0.262408586079092,-0.132714668555382,-0.467288192876886,-0.0109940493757058,0.1394400066409,-0.645699869169973,-0.129896107650844,-0.034424619769165,0.231847271266555,5.38,0
3759.0,1.21098543085375,-0.589406812207674,0.474093181216072,-0.87572687445819,-0.0272246937528197,1.54803782058826,-1.10539843137063,0.50587578478487,0.287588825092945,0.225720626321027,3.08964740297028,-2.20873258292568,1.5070321761634,1.61997068956322,0.514044825442541,0.244201409848454,1.79376212585154,-2.62134086259872,-0.727623357146561,-0.111199109208472,-0.101343759308035,-0.0518860729228001,0.227129364842919,-1.43120270402505,-0.0992261851645385,-0.387257202193568,0.0498791509028774,-0.0131051605413155,5.0,0
140396.0,2.06234738474122,-0.0766755309664041,-1.49263735943568,0.143446919584402,0.2362492136382,-0.776410541910318,0.135888983805773,-0.220195095904817,0.394268153271528,0.189238349565632,0.550290042049127,0.742725121334253,-0.0985225221258993,0.688404466865414,0.0928798341392077,0.126369883326829,-0.917361554500526,0.605886280584413,0.237943525573195,-0.227497189266189,0.264280136045704,0.886725568890972,-0.0704171476500763,-0.459722959386711,0.295744633114613,-0.098153962126393,-0.025309582548037,-0.073800419221609,2.69,0
165812.0,0.0847318676890012,1.01040261229521,-0.325959506032989,-0.640144607585399,0.97540994039521,-0.485924916219011,0.895838713373639,0.0283036599239704,-0.385002510891571,-0.688345647724617,1.24267264762809,0.866278649442266,0.340319590846566,-0.895819753904986,-0.949825651293478,0.413544494092856,0.190478731098691,0.0969972286064919,-0.0602502063019716,0.0509044320328463,-0.270288529344185,-0.640063341901655,0.102468518877846,0.613188033982532,-0.466815942871021,0.090798442398631,0.224330129987196,0.0759005372798844,4.49,0
68906.0,-0.352700731254657,-0.651035731102461,2.10590153821051,-1.93106569552737,-1.24178008147845,-0.636243460121674,-0.397330616370437,-0.309002693062092,-1.90927531447825,1.28166775518567,-0.663016168375354,-1.41464480325361,0.35704967128523,-0.852978993118119,0.656445319622728,-0.344107371259207,0.279784208726392,0.566215931057669,-0.261967401386529,-0.228167821959843,0.0496385698219981,0.711885552337748,-0.0518704757907547,0.372045146699902,-0.268148546597699,-0.147023828918687,-0.108471916670162,-0.0917482298062325,34.79,0
143380.0,1.93941987952285,-0.331181181196415,-1.11060635910649,-0.0607021096116722,0.08279268771287,-0.234060330534782,-0.117011382882903,-0.0102446442080264,0.297936818406975,0.224337914937381,0.82288154091589,0.830526713923994,0.0537831709828659,0.520110123330678,0.234584101608138,0.773108310627424,-0.978154659976679,-0.136837597558986,0.446646621599163,-0.0416315176817814,-0.40625716491016,-1.38235036075356,0.484077301644498,0.298852190416899,-0.705110559474607,-0.0150938121500727,-0.0874810441606717,-0.0458575158228212,57.48,0
38345.0,-1.89618088490934,-0.214659132978449,1.42738329746448,-0.321521422946877,0.953697994037285,-1.45375606642081,1.45771532845209,-0.57010475146581,-0.485015505175351,-0.371093610924114,-0.302331284225028,-0.184801383669849,-0.130526687129098,0.0260043432051796,0.333005330640533,0.157988672114856,-0.624873021503147,-0.793771034897732,-0.281943415150339,-0.28179415391657,-0.464908599894731,-1.01058966117653,0.618086313363897,0.346687916935535,0.471357208684932,0.036392053920211,-0.414254234817957,-0.0383668473811599,71.9,0
42493.0,-1.3269429745327,0.12355728238233,1.76125818844145,-1.79605565255994,-1.25006360470807,-0.0375093355438763,-0.565114713853869,0.694330353100554,-1.23167286197379,0.0707015706214016,1.40087338964361,0.0097688887571262,0.0236006716148792,-0.0875053357376406,0.0129973180648647,1.61272346590105,0.0659437436589057,-0.732276267140439,-0.492708234157934,0.07664025497242,0.564120807416239,1.43503813374461,-0.114444550078301,0.263659042796904,0.0305912648631145,-0.192127135849879,0.127232347606695,0.0732420672684608,69.99,0
124283.0,-0.138083119143315,0.839310836402828,-0.612818122684963,-0.727562237969358,1.28961704402017,-0.335026166402523,0.812309287901479,0.0275347891906733,-0.203825826100902,-0.546398379621722,0.63364166950804,0.454657687311778,0.0617739333351982,-0.897330586847006,-0.893813388386437,0.648544326702829,-0.0588402941124064,0.414700046141942,0.245445414957104,0.0042413455586774,-0.313970245682153,-0.783421396144137,0.198019987969351,0.0880446158343739,-0.361005756590114,0.116023109970846,0.106227902666722,0.0490606756677985,1.79,0
137370.0,-0.165685962343959,0.79793892939574,0.65910052055703,-0.647710650484416,0.541263853318425,0.306527167584219,0.340037062028539,-0.0421165551026014,0.421382279017563,-0.490998508841114,-1.50773281058496,0.321995818231288,1.42562528519174,-0.417483524316166,0.746920404798982,0.221416552291279,-0.985563207984253,0.634830911458987,0.259163536508143,-0.0154567263261469,0.345050242126237,1.06858236970999,-0.161232970865104,0.0824749104654154,-0.74524076556062,-0.323638248877151,-0.0018049927453507,0.237271233260964,5.16,0
28764.0,-0.683952214255093,1.11755686595759,1.67669368342998,-0.0480871148158025,0.0360614069431591,-0.607055618051922,0.691947345056848,-0.0213142483916094,-0.456468626257757,-0.270604524072415,0.179853213898404,0.391530538651913,0.440626147858169,0.0777006921250543,1.00584727420717,-0.248607885838041,-0.0314454395731413,-0.961097100552007,-0.442490487343377,0.0706556453071595,-0.132559059450626,-0.305843678580683,0.0510959962648791,0.397059885207353,-0.479562020707786,0.041234231378421,0.2123734232591,0.190189459666135,4.99,0
152214.0,-0.577178789199726,1.36661625228763,-0.441602320196322,-0.992468001629844,0.858445937032484,-0.590926580786032,0.970910925308736,-0.138913120638181,0.51842331806938,0.504210617678668,-1.69317836653727,0.121148042804399,0.749283330981832,-0.271785702145369,-0.341456026901572,0.120756654243984,-0.844719137596005,-0.527009733944616,0.215169073812855,0.408677606909076,-0.414608038663846,-0.784637814820983,-0.0368683140659795,-1.00649676718661,-0.177565907778153,0.214682384319598,0.563053424495145,0.283852984436361,1.98,0
44990.0,-0.849347147859763,-0.0339708315238741,3.04124190958016,0.136832722487067,-0.703059962935273,0.456342554280848,-0.0832691958624294,0.258417965487542,0.698067480621438,-0.58814481601076,-0.820016810570004,-1.05232977665082,-1.77965508789041,-0.381876985481007,1.19344436765099,0.12918257956087,-0.0950539330056327,0.249354300028037,-0.501910251819358,0.116808561955582,0.239314778171227,0.768747780258768,-0.162796927633086,0.0751122931035828,0.0467888121210545,0.544723445366694,-0.113810914574468,-0.14286568295414,68.35,0
32766.0,-0.349158314103763,0.464134839777288,1.55031199855968,-0.972604314618429,-0.509137246302937,-0.267910001923015,0.257297921301359,-0.0117247371133095,0.864562767742666,-1.17776652181236,-0.196661421251727,0.526422888779409,-0.108366808808461,-0.0208240237321739,1.55833997442577,-1.98182611447224,1.16862733938383,-0.634557040264443,2.62122659083975,0.134592057699338,-0.146149659424367,-0.133438443711124,-0.114995132781097,0.138204201782677,-0.218135389102861,0.0743952139705672,0.025815616354352,0.109668294115407,13.0,0
160855.0,2.20920366468377,-0.606467837905907,-2.74366803536684,-0.970603762168838,0.48827804205387,-1.33081095750106,0.545696207859268,-0.641554536743917,-1.09729809950805,0.898789786367155,-0.957460660666665,-0.663885922394708,0.259855303456454,0.364171358157128,-0.499661598751011,0.166879135737555,0.404784801249964,-1.65318970501224,0.855389110793398,0.109389852671023,0.492614962925539,1.35090262279447,-0.289592537394842,0.586864412352802,0.811718230944624,0.275425732958638,-0.110618252211282,-0.077621644104773,74.0,0
61251.0,-1.0585279968588,1.15356207560143,1.16238979544897,-0.277936741212887,0.0796617388592786,-0.387444860247921,0.538852324216455,-0.146832342818313,-0.206615601123715,0.377110810185462,0.871899088307798,0.13221580947765,-0.710283198060856,0.306317201023941,0.229540238496906,0.440329947114844,-0.782473655408283,0.317342057052644,0.488599623296265,-0.207355456575498,-0.0198136250105418,-0.430680172920191,0.0860833896304978,-0.0354606816809798,-0.720874931182795,-0.081716165018312,-0.715366099100949,0.152809277064502,3.58,0
58660.0,1.32203375180368,-1.19414143000336,-0.23828608221871,-1.45044017159128,-1.11451008900856,-0.778956804650622,-0.473920081998349,-0.216396198302357,-2.36542837078336,1.5893389196727,0.942636636383969,-0.485146372012884,-0.0696012591692114,0.245974023361417,-0.316006357013412,-0.328883729496932,0.31114263542697,0.117299986729996,0.416589191612382,-0.133320612096941,-0.417206329980795,-1.15855305819912,0.0113409721868725,-0.0709251846449085,0.299930231203119,-0.455809866852848,-0.0240410509602328,0.0193810886400337,119.95,0
144668.0,-1.52865074597673,0.545900258611638,-0.370692253374688,0.170431763586496,-0.217180882571714,-1.17482204818558,0.528554929429115,0.496439428067512,-0.310704058358824,-1.16772345214574,-1.00330494694828,0.956786779980511,0.542655908027141,0.662657609293089,-0.673920548272257,-0.800919060507667,0.459835810666484,-0.520316082586948,0.401031173705115,-0.300014759837537,0.202240244595973,0.538133254097193,0.183602832444134,0.401025199927733,-0.319407776570599,-0.345551985380785,-0.0575678075920142,-0.158402945844035,59.95,0
133918.0,-0.406148716942346,0.990197080385651,-1.41001066114625,-0.875368157658372,2.90715389291757,3.6763648964777,0.604967936123519,0.67053175037675,-0.187563337692363,0.14950462647411,-0.16759041031031,-0.0202691296153998,-0.342985062228593,0.364273300125332,0.295873928193712,-0.108005391304628,-0.771247013524194,-0.571989211870613,-0.625538466313729,-0.295822095398834,-0.101215366599908,-0.60111645830964,0.11888392049247,0.621666155208672,-0.336533561489351,-1.0366630995782,-0.582867120435751,-0.0155744591807516,42.0,0
51557.0,-11.0711235554881,9.68170495178733,-6.41549470508245,-0.201135314125146,-4.91901748558962,4.79358772896046,-15.4208116732968,-24.5202751976677,-2.91921314334288,-4.53771768730858,-1.61538012747172,4.06352983502245,-2.67308288873481,6.93037652713391,-0.804670345218342,3.30601926266248,1.96329464475698,1.17064286920406,-1.50835302647825,7.3384695042383,-13.9501859551645,3.43814153239936,2.94502813056563,-0.817178361900333,-0.248115054761913,-0.0443721199027142,-0.51630519514264,0.272879999739325,1.98,0
138343.0,1.94686779388647,-0.236611477767193,-1.30503821114733,0.255711834487759,0.211861178006383,-0.362856920349311,0.10914049390566,-0.0991643646229553,0.266798794218623,0.186620118040575,0.966354129783432,1.25208123803749,0.166639131897942,0.393916088233422,-0.856610938202875,-0.111131572190611,-0.408665824707543,-0.482400132979833,0.412595947685894,-0.104525000554076,-0.170839815123115,-0.459249669957506,0.281601805722637,0.726531647106966,-0.229373582925918,0.221279100237494,-0.0842750685526402,-0.0597014032121388,40.1,0
31420.0,1.08359665035619,0.0546959424781153,0.11943008219564,1.06712052311182,-0.179018081332556,-0.624573300932239,0.300502746675262,-0.197997660627517,0.0144666605655617,-0.0533015149830632,-0.769353545757121,0.106272144653446,0.154838596703288,0.364007966812489,1.03080563069709,0.313567350633938,-0.634279605930122,-0.147691062656248,-0.133873755925357,0.0725102325332364,-0.152976037536183,-0.652613728535386,-0.0938021501917356,-0.147993478110649,0.489492093989958,-0.542132626646534,0.0002866897202489,0.0383484848836289,100.78,0
149744.0,-2.28669653736668,-0.175665844124161,0.646327359518494,1.11183038435992,0.496259618504537,-0.468409582322778,1.92794143153461,-0.792196383052193,-0.330078010802264,0.439356111968393,-0.663977922960081,-0.768265893063308,-0.441330333772362,0.0898298496816751,1.26155380172905,-0.510266088749706,-0.345763113322142,0.1949285304059,0.583871338984095,-0.581144870485462,0.0413707239877448,0.901526306444511,0.0201745104034041,0.0091463787551132,1.09502788736776,-0.179925026401196,-0.920016651975386,0.658070333045764,170.0,0
124974.0,1.81621590564444,-0.554367415930407,-1.0235903848229,0.489946698095925,-0.464405038465221,-0.950341977757022,0.0378274781001327,-0.22963841623971,1.20224230756663,-0.237133744596468,-0.918567488614056,0.194440505850996,-0.606703397506926,0.35076771287834,0.550847775637168,-0.35764813161854,-0.294471493055743,-0.0506376776987257,-0.138068327147539,-0.0886157525289915,0.177118141049302,0.490245084143808,0.0051798896846784,-0.0178343181037835,0.0720758164681259,-0.569097690644631,0.0098279675166279,-0.0289072872213606,109.44,0
87214.0,1.86192647819599,-0.700113037987136,-0.515869200540612,0.461243313072419,-0.655571073511309,-0.0795556075172471,-0.664072446853619,0.0981621570840698,1.60832122658924,-0.176661679477826,-1.1871675260378,-0.0841521223369654,-0.817646932157789,-0.0104488026468982,0.683852836839606,0.100757768991297,-0.429793009734438,0.351447402274175,-0.313962074161723,-0.132726148770533,0.271537628931564,0.833211916585393,0.0754323197287523,0.683739292752072,-0.0909225974703908,-0.185042141007381,0.0218785323714058,-0.0228562797073574,71.3,0
94020.0,2.0608984723629,0.403962706206747,-2.35262302642949,1.00505738725426,1.57960822132632,-0.139524386697966,0.733577397369048,-0.406570891895782,0.723547875679054,0.136356502782223,1.11570869242756,-1.51197843885204,2.63919748114311,2.21009642867567,-1.30066308115439,-0.0379063406496555,-0.383329067103926,0.608096054029377,0.0819561671634811,-0.128605518972943,0.0315536951849503,0.375048420509084,-0.194602231634323,-0.319428705570681,0.689469569457044,-0.451014050809935,-0.0737100483393036,-0.0789868605295371,36.0,0
57970.0,1.14096252818321,-0.581531134287379,0.544413518162819,0.43869642769313,-0.66608013374264,0.508098206066717,-0.577169372550619,0.196413206498484,-0.816250351350251,0.737271651258873,0.699903884491361,0.934236548965466,0.272843828952402,-0.016131653200168,-0.736368105761999,-1.77153499590615,0.0865948938953631,0.949351018844459,-0.673412474794289,-0.457010688203062,-0.54130773730633,-1.02643564042635,0.0532074865869866,-0.356204324716386,0.31078163011875,-0.516825978047334,0.0689536809654174,0.025293720832987,59.83,0
79228.0,1.25062181564922,-0.220727561465372,0.0565978715219025,-1.16397306428368,-0.320195563067589,-0.452083675239509,-0.152901159594687,-0.0666902127005274,0.946097193607636,-0.827248441015712,0.945205502250999,1.44388593461855,0.840575632862196,0.292739827635834,1.07206272210821,0.0255314792229522,-0.880653250567071,0.725498186998609,1.07350107360293,0.0256290968829811,-0.0402469306898044,-0.0559829909273831,-0.160878265291716,-0.482294892989139,0.627459637779366,-0.738976454620939,0.055861492227654,0.0168931008847284,30.0,0
36430.0,1.16919240870194,-0.800470690639271,0.244735490085053,-0.558068087713516,-1.194479972905,-0.888541439973135,-0.366050051691928,-0.152451580141463,-1.1291507409258,0.84198011981052,1.29566751625917,0.375248386459924,-0.138956427303176,0.421495982029654,0.219135738513331,-1.15331547402754,-0.188833653291349,1.49805788002486,-0.64723748020157,-0.306157832610925,-0.159822678887588,-0.21603003097036,-0.0846253814736293,0.578375177349233,0.250037926564916,1.1114892778128,-0.0865510742636042,0.010714005481297,100.0,0
47990.0,-0.343112509930599,1.09325753763814,0.874199988775536,0.134626200597505,-0.360751426481732,-0.955388423439691,0.292633997557478,0.258670729624277,-0.56799912665351,-0.623545179204057,-0.547658871391383,0.432843718881066,0.707659726252261,0.328275877679075,0.616848265065481,0.266673363232925,-0.284734473488302,-0.203274721871436,-0.134819791515061,-0.151762350937679,0.0835186711617107,0.14243232334264,0.0275987724755935,0.409954880770465,-0.358249123000327,0.198337582391155,-0.0987827815180631,-0.024675343581192,6.66,0
112184.0,1.9071958945897,0.210607649700977,-2.75483617212495,1.22133296455734,1.39888008898024,-0.11681283896652,0.634373297181804,-0.139223170730326,-0.0552710409329444,-0.21988171750344,0.339846128697208,0.316829992121232,-0.392872548505542,-0.797311025254124,-0.931296069660255,0.241867680800525,0.447156792725748,0.851150206957791,0.165574129941368,-0.0497521655808251,-0.0025326002718699,-0.0063949387493834,-0.173576574728797,-0.333267621256661,0.534248951420045,-0.492711339602848,-0.0211658487283143,-0.028869220677516,80.83,0
80488.0,-0.511356746866011,1.01780014960812,1.38406900219233,1.16532897708139,0.376732176576655,0.498059601213948,0.729626793498916,0.0439113237433738,-0.406988260866767,-0.267457240588996,-1.06508079045468,-0.001626311828257,0.0571562278949119,-0.0485223981434946,0.29532519476795,-1.06669244238682,0.442951474475013,-0.518652459726186,0.991274620915062,0.0172551655240131,-0.0324379882408274,0.113528988936153,-0.290868484892958,-0.431813875836442,0.188298942940066,-0.170897420872955,0.024018323677628,0.102336003697451,32.59,0
154888.0,0.0208120591522338,0.864725727391766,0.466127630503783,-0.485292038566575,0.172769087275983,-1.37470872007782,0.996500580688558,-0.216166078264594,-0.0242499671454153,-0.400848212134877,-0.604248535862988,0.105959651143903,-0.385578759940601,0.201162625461117,-0.399189385832732,-0.201447093038607,-0.236852462357192,-0.847503980856383,-0.240269245963936,-0.0783816650422326,-0.238011218817866,-0.519590295835698,0.120302175792416,0.44429841309161,-0.5574031369294,0.113272602168219,0.246457970315737,0.100768223379662,1.29,0
52708.0,0.860235957375698,-0.86411352271873,-0.694564162909109,-0.43640444432406,0.264962197599631,0.671163977957625,0.154498855499397,0.085855798181441,0.0452128422185627,-0.184849843858996,0.163535658938974,0.411463728118734,0.225104796042036,0.466465736673044,0.765255041351298,0.655943637826204,-0.850989944231905,0.0067752492680948,0.670660039625611,0.458047177894296,-0.117196067654844,-0.891915898205122,-0.301574728486611,-1.6583300837648,0.204982634073639,0.940789280552411,-0.123963555785868,0.0156843866493259,249.0,0
163573.0,2.05920019624774,-0.0762349765373977,-1.10007085449184,0.394296286959694,-0.0984115313538171,-1.09449734915086,0.152098873390566,-0.291248591748885,0.580240019252664,0.0720023080797297,-0.793485219384741,0.311138525738499,-0.16110427804986,0.323211400115922,0.118095894276937,-0.132351721893486,-0.243974875644903,-0.907035734040858,0.102525869057486,-0.244384433989128,-0.291007905571229,-0.707293900172397,0.341477358860508,-0.0902041533823526,-0.311759075732419,0.206267164723243,-0.0690827314938004,-0.0618004505991261,1.29,0
119422.0,-0.453494764489726,0.500476811856558,-0.559158533093768,-0.334116026635997,0.273781678835875,-1.19001682505718,0.711302384201609,0.183230822834853,-0.128464313782739,-0.614924745816745,-1.23440351129916,0.555166342118364,0.53599356325816,0.325032443231798,-0.761180838680967,-0.0906557125765971,-0.236254909023608,-0.708470571844488,-0.0188869591628508,0.10681140738819,-0.0870746386211626,-0.36438308053253,0.304480757435343,-0.0973197045817473,-0.613001767982497,0.167943670642999,0.12962209706503,-0.0095131604218913,71.08,0
150493.0,1.98413719642651,-0.355365670290936,-0.163277806113474,0.497652978479571,-0.761862228816451,-0.581921859686473,-0.558924030521119,-0.137396603147765,1.06379355092775,-0.0315624199228425,-0.746678271549842,1.07030932842591,1.47075544713021,-0.524434863575135,0.199895173221091,0.250810405783234,-0.553175845603873,-0.17346042817426,-0.281313732748375,-0.104249087449147,0.178491109306263,0.801785861110562,0.148339339789236,0.141229722631116,-0.238511476065552,0.561258452293204,-0.0107082140559154,-0.0433970537335722,11.5,0
54795.0,1.24160927688629,-0.705009368923464,0.508800172955772,-0.871226741105379,-0.813950087076281,0.0487335775659252,-0.754526692773422,0.103671908064698,-1.01631426373315,0.693392053532398,1.52176265038203,0.411823131270936,0.746352488423146,-0.121074804930684,0.428171112288701,1.29626467700088,0.0474027648893634,-1.33177458429591,0.558693527267242,0.199236301926309,0.0845133502680067,0.0503946526577268,0.0278012972372509,-0.293087556306474,0.184832965514548,-0.386074898795594,0.0243126517624841,0.0172427041490614,58.0,0
127165.0,-2.17947522156359,1.9966563170223,-0.101067233273078,-1.27701901795253,-0.244812080888436,-0.295879391924474,0.159305481929146,0.271672723176488,1.57843971203242,0.736896358210216,0.667371248354036,0.159722509089743,-0.748478607216192,-1.54187334094881,-0.0619481895170841,0.885853372429613,-0.0399995326637713,1.02158268699466,0.0117974882901558,0.366654632536536,-0.304827505999146,-0.727364362767089,0.0017051530343238,-0.670210084650394,-0.0163519254351332,-0.32649771777763,-0.430221758920612,0.110787762076371,19.18,0
77256.0,-0.649928252881198,0.946216456564658,0.703020296435757,-1.08830831861496,0.0067916409895422,-0.675286644208666,0.370768973219176,0.347408342112408,-0.329648368396295,-0.96434530308577,-1.51086606581624,-0.447816771396929,-0.276488064397842,0.440710619667993,0.45198125801714,0.804991613191412,-0.678974074847558,0.0004586340529243,-0.200857504653282,-0.21072336261097,0.0117490320533365,-0.161562646277205,-0.106269207954629,-0.408999265377483,-0.387705461770856,0.790457708359319,-0.0912999491481533,0.0636495747898991,10.0,0
61676.0,1.16734860281128,1.29281803016041,-1.3840488744456,1.71927429936223,0.79480798864394,-1.65782303384668,0.733725771563394,-0.302162511755066,-0.539933608500657,-1.60543133876826,1.57836466600097,-0.0340551639461662,0.0980840244516563,-3.38770920624058,1.24561633122364,0.571524288753075,3.15941570168558,0.667670208921711,-1.39920072389121,-0.0631880218470297,-0.143802337834908,-0.264191544189801,-0.117308073979817,0.291092579961908,0.725530941102255,-0.298689058851868,0.0594300207855999,0.0997009671027047,1.0,0
103080.0,-2.18149280491646,-2.58560649943544,0.347942328500326,1.03151470863591,-2.24836195729052,2.17313109922964,3.21364979619564,-0.875504064907313,0.267129571527046,0.214519266787069,1.47210734142781,-2.96423329347855,0.918306553585198,1.11830575748719,-1.06977908589547,-1.54877927142691,0.440884606874964,1.95476971941154,0.166979580263669,-0.45880022100633,-1.00558780748349,-1.48768931441714,0.605804944145933,0.573865955521966,-0.69240327580861,-1.0316653740179,0.400727678380563,-0.615237600256233,1018.98,0
77118.0,1.28971458307514,0.428911760868448,0.157259318125147,0.90342435544718,0.173109084540852,-0.380084374512094,0.206585614219106,-0.22960550042147,-0.138409107711328,-0.0512458742600967,-0.833736604347254,0.827487187015943,1.84418971570276,-0.0485997549734451,0.900494303113488,0.340089465432175,-0.8746204839107,-0.0965720192789273,-0.0684787044577932,-0.0030530017952809,-0.0889258217007568,-0.146783039119675,-0.144988370141389,-0.428841093854275,0.70916430579664,-0.392114942191145,0.031902683180183,0.0209168535352164,5.95,0
59845.0,-1.39399025933907,-0.765267181686524,1.79024402622228,0.283690296399104,-0.0768620399571271,0.163865055535239,1.39107876136827,-0.292152204141441,0.0227656931814289,-0.0936459432862387,1.59543575569379,0.139609834828795,-1.01498489322337,-0.0464584023884358,0.393497808259047,0.42395394139378,-0.928072421766956,0.0669854471496459,-1.06512641243723,-0.0825529543138531,-0.113493857591281,-0.0139312320891278,0.663285312502402,0.14939532042078,-0.0747794295195627,-0.768639487422871,-0.287365387491744,-0.465018790177573,261.0,0
161805.0,-2.54341679483601,2.03175520181951,-1.28917134408022,-4.0126187271738,-0.315702083663127,-1.1666805654338,-0.296980643132012,-0.65183025555824,1.11581189766902,-2.35296955423262,-1.17397997312859,1.24258733373379,0.0957016470578183,1.14980740133309,0.187476815068422,-0.387590843288274,-0.0363657519983847,-0.305095443472673,-0.140221028645217,-0.813525178398233,1.51099351554386,-1.01281362484168,0.186439975636628,0.53608557022899,0.419010544786782,-1.33075683692171,-0.496140215421383,0.0076056818462533,5.89,0
3743.0,-0.822605667630714,0.018449560972494,0.517564074545974,-2.74738967272843,2.1832956128114,3.22068286475558,-0.41181694629125,0.872444420309936,-0.184630000154675,-0.297210038575928,0.794724040119812,-3.51926042861455,1.68096510665044,1.24332463556522,-0.303599095959754,1.67284867826029,0.232015693585901,-0.763419196169548,0.247881511833077,0.421949711446214,-0.262829798642902,-0.877609951086333,-0.0793852316317765,0.898457909352645,0.464195266509861,-0.572049917088083,0.227741160202166,0.1183106786642,36.37,0
125614.0,1.7946544034046,-0.308849122492798,-0.132265534759535,1.30343424704256,-0.582742201821012,-0.160448079095204,-0.456006768144931,0.10907548094915,0.654440664250224,0.297504322392441,0.898766636311998,1.13323157614434,-0.0554689346498397,0.200653441817214,-0.216214841740434,0.49094103657124,-0.820789871158602,0.254026478753373,-0.287983231515466,-0.156759907009459,-0.0768823732162526,-0.232980867699051,0.329862296837509,-0.0541777163134227,-0.451282088379262,-0.964621614150082,0.0480668353751003,-0.0254075564117718,56.0,0
149998.0,2.01761360012227,-0.223991215062713,-1.1119817542161,1.39828174430186,0.24492033885399,0.320870072755279,-0.189002143373849,0.097932416750907,1.36621620523579,0.0316002100320521,-2.34050843966077,-0.277909419978843,-1.5525886107955,-0.0211214048820572,-1.5086860591087,-0.548694211808588,-0.0311477266692303,-0.467041106571873,0.581060022999588,-0.350401604789984,-0.407166479379633,-0.869623819395461,0.202734095843004,0.0120252377001147,0.12405436467877,-0.807351774986602,0.0245991895683043,-0.0466811678521628,5.0,0
114344.0,-3.42417466713487,0.959024987077836,1.23700840704946,-0.365415376080992,-0.563966997424237,1.12866201242169,-1.20622058456847,1.31931418455023,1.33721029893079,0.0779574269017134,-0.387692436572477,0.248200451047371,-0.196423232291711,-0.0276657135448422,2.65010107746973,-0.562461212778231,0.603850021978113,-0.481550994540262,-0.74015856691682,-0.661541388536942,0.110612135812765,1.31506899993212,0.328694810584488,-0.964778147890625,0.424322856045197,-0.274801046914082,-0.391846752767744,-0.567534958295947,1.26,0
50004.0,-0.698707565051296,1.4657886086932,0.158136786365369,0.945884576423502,0.695088136631499,-0.186865888844853,0.287922357786454,0.552371249446407,-1.15820185904843,-1.00971420109234,1.49249727362775,0.480524785087654,0.129980062545618,-0.880051424527265,0.70645194774382,0.335188092876914,1.20427055074044,1.03061057613306,0.224936514649399,-0.0385293848254111,0.174382744108341,0.415394908673231,-0.183302473535248,-0.431074854076812,-0.290322671825043,-0.301139712277355,0.0876766119897013,0.100660293528319,1.0,0
138646.0,-0.873606351289838,-0.0610608627179053,0.83934758741261,-3.22336601519772,-0.224337819198872,0.496874179621208,-1.05112729526934,-2.70966155492573,-2.05711878879957,0.185962718055726,-2.17996985879926,-2.51310644609395,-2.10174838775442,0.0503412776332867,-0.481448045888101,-0.101434611290574,0.249459143945647,0.395929926423651,-0.611048789293246,0.20571581056257,-1.56059285352828,-0.0360862210066856,-0.266192250521342,-0.0743630338918203,0.633445201329523,-0.145193454361277,-0.182413761446557,-0.155957820463404,15.0,0
40192.0,-1.1324005963133,-0.690247713647426,-0.0082123163070331,-1.10299873580201,1.37512715126778,3.93002047880648,-0.730972042785096,1.13223884297393,-1.17719369819418,0.488371095530864,-0.786903276098985,-0.453106028334007,0.375215417225644,-0.146159522290805,0.702736372418181,-1.33049137443118,-0.192875852041944,1.98233715177868,0.26496799501223,-0.211296808842682,-0.20739817812545,-0.148592961446969,0.0788630428010863,1.03143203981527,-0.147452478216883,0.518878847622602,-0.211760826001211,-0.199380788436164,117.56,0
50083.0,1.25860600250796,0.416024954760027,0.324004909786504,0.684928460081322,-0.298678092530077,-1.05442542597273,0.140553928880735,-0.249652489171309,-0.090089485494333,-0.306048685567333,0.072214225340894,0.665898743356083,1.03592382833236,-0.448936633759974,1.004928431578,0.440350466449798,-0.0515280670474172,-0.398836940490782,-0.203661509783732,-0.0306767313184009,-0.278820668080998,-0.763059055413936,0.120440392701281,0.367506500398194,0.243814005875483,0.0917834174999601,-0.0176068675849159,0.0324087934396727,0.89,0
79099.0,-3.15333486470813,-1.09339756067694,0.297406649600803,-0.24021719322563,1.57982755000738,-1.09978963383647,0.134567666131054,-0.0352549251282652,0.0028672921172922,0.330957152601609,0.614190381809456,1.01902602613603,1.09259773339373,-0.0600497834579777,-0.251560287593253,1.1227659633861,-1.42693036003241,0.13688414550194,-0.01983519500029,-1.37883634639816,-0.581786193886662,-0.196598874934776,0.942870153804386,-0.445939073428551,-0.431130442459758,-0.136670033668454,0.243028158881517,-0.464364808199126,1.79,0
161030.0,2.07289620726739,0.0001128878105625,-1.11091163400165,0.374609536993438,-0.0047569425946962,-1.11149749806945,0.233105358552365,-0.368577322617423,0.437132888155609,0.0512215666798817,-0.744119316405137,0.792072716952306,0.846041931237667,0.116132661052019,-0.03214028223715,-0.0976192848544304,-0.384903173382635,-0.914234848511863,0.196563933340972,-0.170807429015103,-0.290161314403858,-0.664431525224858,0.312740266929488,-0.0896598853399076,-0.253179736064498,0.202530398643001,-0.0660184152046671,-0.0597769254064744,1.98,0
45891.0,1.1756011339467,0.279544109458672,0.265334600844072,1.14410674816272,-0.271929038801668,-0.946127729807403,0.29189064397153,-0.264476397901801,-0.0797962859103036,-0.0129017561222273,-0.326595868109137,0.394454001537854,0.387924991399693,0.320861742329649,0.88186804469288,0.0353006259204677,-0.446643536372929,-0.191906304772612,-0.384995781961778,-0.0466821093093103,0.0535826620711042,0.139455605101663,-0.134957329024,0.410306456889757,0.687429752250546,-0.333535497968448,0.0095085321009282,0.0274115239556069,40.06,0
167334.0,1.61745063960515,-0.725080860469071,-3.22623918340259,-0.103391337384893,1.26775623356504,-0.470117772548498,1.3313184756706,-0.541351435667598,-0.34779065242219,0.0075559766336089,0.44437775838417,1.40417638849049,1.3701462142104,0.785346091570939,-0.76769726380713,-0.628656828807693,-0.670104040883204,0.0035523694402765,0.661332531443232,0.483811531093107,0.464296056344381,0.915640730701939,-0.555141728125638,-0.0560166509650508,0.789917799010429,0.431263013589061,-0.154208541755877,-0.0498853480145515,292.0,0
161776.0,-2.47727400604246,2.52064482922219,-2.22103330404996,-0.441533006055413,-0.783292921709288,-1.29371355034391,-0.45306857697402,1.58642583416129,0.122114186106817,-0.400401056430063,-0.758382780608538,0.614806166082,-0.0256624440536202,0.0054108996356221,-0.262854220503832,0.578150498321032,1.22235720121667,-0.348275360281731,-0.596080953825847,-0.0377943159501293,-0.275981266961929,-0.886233361309018,0.414765954879876,0.969056808504003,-0.211532847619088,0.107758860912566,0.0886395120189681,-0.0322159783181489,13.99,0
120851.0,1.92360799317993,-2.04431983752373,-0.89160386691239,-1.53298478381453,-1.50975840232397,-0.069796209051889,-1.2614461040769,0.0538250245049688,-1.19261513846197,1.65915781082094,0.58348462516559,-0.55222872199637,-0.472563582731075,-0.143185814215119,-0.566290974355407,-0.2225436652219,0.290195856412903,0.58215375366885,-0.0461905201483237,-0.134137037659001,-0.0032436404772432,0.0494025525707955,0.162758673473368,0.667477216837122,-0.402397011768144,-0.240521932210815,-0.0149688770774767,-0.0217670522313586,176.0,0
61825.0,-2.65088774409809,2.4907030062911,-0.814774059421052,-0.0678087012808782,0.191620001145903,0.854330706732124,-0.770243021571044,2.16654064795282,-1.56573547150271,-1.6706372334149,2.17108417977098,1.25379011452272,0.0219632546876065,0.0274863134716416,1.07590585558572,-0.217873573407484,2.70184605634519,-0.892334101684533,-1.41921956230708,-0.421993635662882,0.248777127119883,0.246098777090056,-0.0736006238978983,-1.13471692713806,0.252018209897876,0.499158667824012,-0.5869538826985,-0.139811976801782,0.76,0
80257.0,-1.9020550234341,2.81663093939952,-0.735428001008355,0.489130845808954,-0.0927407288352272,-1.25232788020437,0.908586579932282,-0.0480290070272753,0.904368599592219,2.72851087884032,-0.221289456668811,0.515465436980085,0.878464400735328,-0.261665089584479,0.704943660980536,-0.799700409649488,-0.267592401669724,-0.362377821593183,0.168446639475197,1.04159005665859,-0.190603362866588,0.625141053652018,0.0548382359639635,0.393904086690749,-0.383159611210967,-0.521864866118399,-0.0164238579773665,-0.646113886791174,1.79,0
125295.0,1.56641951194799,-0.41238802482635,0.251595800717159,3.53353831892108,-0.356729140904951,1.41395131706144,-0.951528156254052,0.513277010731658,-0.291929440910075,1.54971404234713,-0.128268793329734,-0.389436345881432,-0.658198459356896,0.0950674803615202,0.0629774401378972,2.35590169901826,-1.77016854723921,1.36251627588476,-1.69017553986662,0.0389078283835167,0.343516695491818,0.52971511323165,0.124597831457856,0.124904819122522,-0.569369794817949,-0.0873543209978873,-0.0043927508163703,-0.0016490337393057,151.33,0
134397.0,-0.824422185850251,1.56190959982119,-2.43568599610727,1.48014206746852,0.940276389775581,-0.954696760837242,0.548896735729522,0.680877617628963,-0.96749864588941,-1.07894122565873,0.789463278835672,0.339875059444882,-0.34139488339946,-1.35859774584666,-0.734385739262406,0.306677016565671,2.07840490434152,1.42185357525201,0.638652930811761,-0.0935818070086932,0.0496398146687469,0.109480453297319,-0.109213256965191,-0.678250314741323,0.294328048919807,-0.365232599109182,-0.041838744327588,-0.207098244659058,34.7,0
161124.0,-2.15574396684105,1.57290951579799,0.596273008752601,4.94562557873632,-3.29757950873482,2.98321227820779,1.36188841869602,1.11126266002404,-1.89462783217191,0.119069331501681,-1.63622352490126,0.310540273164414,1.10163484613946,0.0185191559628601,-0.863473325590418,-0.289086185937021,1.22805914079191,0.134428325893907,1.31697005524501,-0.399292073420155,0.25528616757476,1.17816422187044,-0.106048463032874,1.22204815202398,0.625379527694218,0.790891021640001,-0.078919136726697,-0.398777581430718,551.7,0
147197.0,2.16622757619517,-1.10882998587347,-0.975870583766159,-1.15967598909477,-0.493359127130087,0.305684681590282,-1.09785229127012,0.0163439518229704,0.115408170131651,0.724982632131261,-1.61618033035084,-0.666875613247707,1.00189046878994,-0.638131436975761,0.698598178000874,1.65006027431999,-0.417305268347861,-0.699865372096854,0.618476435612854,0.146093101670207,0.353759400333004,0.985346463462913,0.0018339703307798,-0.324449999528572,-0.0486958919965452,-0.0342850317115816,0.008921636899996,-0.0415175074679956,50.0,0
80063.0,-0.242695343485992,-3.81630453715869,-0.873068046529592,-0.71659037781873,-1.77725187207156,0.511419275828926,0.168492170253894,-0.0928732744872889,-2.13633944792156,1.08194321316073,1.39535829299677,-0.0352493227098544,0.0457485679578186,0.149569122658515,-0.441665087939977,-1.25000651210246,1.23191373866251,-0.523030844507727,-0.652401654890037,1.30598448659268,0.410028955525666,-0.211709312629525,-0.783269041378249,-0.242389013012448,0.177707700068903,-0.11149638247797,-0.116895419308589,0.139636755823864,864.2,0
52534.0,-0.826596668334108,0.938595372731842,1.54660475898524,-0.181651551734727,0.714390830218628,0.325533632367639,0.69997527675621,0.259828452077796,-0.777520294202996,-0.51689361075154,1.54791538464836,0.678354834210226,-0.393752477783042,0.460604464818355,0.17502963897994,-0.161270314432263,-0.343027594180313,-0.482205564078188,-1.3546479273595,-0.228068499492271,0.181768906694147,0.438501856292254,-0.323966104681914,-0.292967234263248,0.575647616856868,-0.380026930133622,-0.145897439430985,-0.0381933908731955,6.97,0
74251.0,1.11343826593266,-0.0723759418565798,1.39395776337368,1.27048991310208,-1.04558426061351,-0.003519000459019,-0.695895442069175,0.248335277328792,0.674182441356319,-0.0181669632119531,1.02835643137185,1.04397882390977,-0.4525864904623,-0.0805426245393673,-0.498211360262381,0.230861006336772,-0.404324175670156,0.409214022922323,0.0068668713683085,-0.171893193055708,-0.0071987198683064,0.151712048588179,0.0211179933262643,0.535633609735442,0.348840096693889,-0.437099198093075,0.0683091990702902,0.0278135713663015,0.01,0
66035.0,-0.678353781985889,1.41004336984511,0.788179646107249,2.07903890605399,0.366002328745894,0.443938362182147,0.489270124511891,0.624357045651408,-1.84235101363423,0.380693791387574,0.64030477773591,-0.106327069757686,-0.914878869257184,1.08588329888287,0.0274628629468959,0.258836382156452,-0.159557587428027,0.138555692281546,-0.0639853255631331,-0.138225779973132,0.188339182053296,0.295193544986314,-0.0095188582540147,-0.332679688507735,-0.392237843992757,0.0368095764498039,0.0029868722274202,0.0807084692097337,37.17,0
132177.0,-2.06405083543355,-0.7647836225042,-1.13170774766433,-2.29680220234903,-1.85673399757682,-0.472311494176723,0.232663238662943,0.233858340075296,-1.55547529056406,0.646728535460053,-1.96198882493944,-0.41457824953609,0.558152902734632,-0.452160960051629,-2.61665969896469,-1.00068237386275,1.06802639316211,-0.481370890952439,-0.440831869587229,-1.17647783639636,-0.0810486748641155,0.714398614752833,-0.678951209359458,0.0453754434161167,-0.316339390082819,-0.105708449310174,0.0653129222722354,-0.11236876555889,275.0,0
109909.0,1.42975899987866,-0.409667815508893,-2.84085590790947,1.46721886024259,1.72387886485379,1.2355666473013,0.540195352793142,0.136112311690794,1.23981031786743,-0.7894176223922,1.98710082837506,-2.07568170974022,0.855870592834878,0.835015978629944,-0.905917983594669,-0.617652447766788,2.04490501369931,-0.114674141917757,-1.16185863804321,0.157243612334641,0.0398567231848086,0.0347636124682324,-0.215021762599784,-1.13072740596423,0.207992150821475,-0.474245498563223,-0.0373055193520246,-0.0128537367526032,260.92,0
126275.0,-0.318328239526643,1.15586495307545,-0.0693158965486376,0.447741467908099,0.681408956554449,-0.245212533866486,0.930780100924424,-0.712375001505652,0.149323653397818,0.734589175766897,-0.590975602977335,-0.0496345318242524,0.760819597516929,0.0654219548864496,2.14074672279621,-1.596513521146,0.213527056673465,0.481766349287198,2.73859466111617,0.201818253909653,0.413443564430289,1.34998014212457,-0.241760853099983,0.654977879756954,-0.482002745449763,-0.13104775908577,-0.737079770921615,0.0639970814545558,10.37,0
71468.0,1.44699817432106,-0.213861936281851,-0.175813798530726,-0.666330870013095,-0.539993071317628,-1.37476441569826,0.0451588667842976,-0.469990756164776,-1.31180952804762,0.654995611925828,-0.049563783728317,-0.0584493315360294,1.16903628099832,-0.0938700336677812,0.308055756852902,0.677674064310201,0.347745751807172,-1.7296430317358,0.627754068827051,0.135164407627169,0.203200267131248,0.569233172152339,-0.177667716496391,0.469733643224715,0.828171914054449,-0.0890542827827514,-0.0222885836326909,0.0045162950251801,15.0,0
115443.0,2.06131470284791,-0.909722223826774,-0.881250855085734,-0.54872611611743,-0.278431600058811,0.685762728222949,-0.881291614955961,0.124225273047031,-0.422753044261595,0.962625206951172,-0.140357222669436,0.937784007671485,1.52693426970402,-0.260255579524256,-0.344805865203304,-0.615430750909208,-0.999085426305128,1.67594589534877,-0.203998308111403,-0.382966216851708,-0.600015950107091,-1.27373480083498,0.350550310725226,-0.393998118563166,-0.544113504802662,-0.0560873205475635,-0.0028267616206749,-0.03838818703444,52.5,0
36675.0,0.600983565478195,-1.04386730515173,1.45718976672918,1.547211218733,-1.33216361725186,1.00522692234066,-0.883403577721469,0.483750253199268,0.991422342770709,-0.152975280128765,0.881899786676331,0.993706630937614,-0.433945398442343,-0.29757936199426,-0.221630276793052,0.206005792093506,-0.250315994553952,0.48590450584702,-0.575108034798169,0.275788923850029,0.383839295977784,0.856078379531298,-0.28503643996545,0.0501173608753911,0.264532086103018,-0.183750679300895,0.0649249758884606,0.0672039581375389,232.69,0
123255.0,1.67125691772599,-1.08358099436534,-1.06927170321735,0.600929566795622,-0.564933218792359,-0.170918324878356,-0.152388789495724,0.0676275640713778,1.32186801753092,-0.0179207834409334,-0.242875556928747,0.30031665825597,-2.15578745294405,0.270819077174043,-2.10413320039041,-0.372286500992652,0.0632761025404166,-0.321222758656875,1.05110638177577,-0.0134592736642287,-0.277883713579094,-0.909395647885734,0.116500680104806,-0.344053837254845,-0.315676343105407,0.383537581072656,-0.100900228193517,-0.0510997482479937,171.0,0
128518.0,-4.54408894869985,-3.60098966377866,-2.1505501821456,-0.649477432481836,-2.15617762464596,-0.152400906671088,3.56703652601605,-0.750907738709466,0.28593212225349,-1.35074884279564,-1.04399531916418,0.0549348873763154,0.285960268217664,0.181405727798516,-0.480835270000088,1.01988608527618,-0.728128526039158,-0.525068557952218,-1.32080850469541,-1.33833294208672,-0.119163173266118,0.763751891063797,-1.75269525369686,0.373235443533947,-0.486442160171784,1.26223950357349,1.36302895591998,-1.20227022971735,1036.47,0
128594.0,0.102038665384644,1.37967126966786,1.58282454448474,4.4064527332614,0.568576508755031,1.23984865336481,0.218075473246803,0.263319556073744,-1.62792058919703,1.34127196872395,-1.35826360687281,-0.53436289849528,0.205675863136059,-0.0586872730866265,0.1748442471281,-0.182555145032348,0.260611893348907,-0.297750204058218,1.45462915367342,0.160032778001483,-0.301256392257867,-0.758212737658316,0.245075633609089,0.534000746575588,-1.24950987723526,-0.165586981552306,0.26291191802978,0.235518545892319,0.0,0
37293.0,0.99179327132521,-0.183520250626243,0.431716642140213,0.421755876481138,0.338436921799258,1.64081633536273,-0.417317150076797,0.568752345170605,0.109226839269698,-0.251681289622336,2.10792655562228,1.858914244468,0.414755112865246,0.121980928585076,0.120804241740875,-1.37349713280963,0.963817537564727,-2.26040150914391,-1.01580444250193,-0.185050325209871,-0.052990315524271,0.155873321960728,0.117795378597951,-0.963681107391539,0.103828794151773,0.483405289313449,0.0396992970208456,-0.0110248101490122,15.0,0
145609.0,-0.182291232559389,-0.533142468374151,-0.262530466884702,-3.27850908110026,2.35176283875313,3.58853575838111,-0.391503877076365,0.756975818815569,-0.655308429257076,0.168193040858861,-0.173057881693659,-0.885556019059544,-0.168520809491732,-0.6024855182603,-0.1807111570523,1.12901008785769,-0.313508146489069,-1.42243530275017,-0.283481500528865,0.0668169828644113,0.215593081466885,0.619292990697225,-0.0849388343159327,0.712015549295802,0.0046910415491177,-0.297836976151284,-0.239491011619834,-0.208958203126749,7.8,0
46380.0,-1.09466435744073,0.118640738325245,0.82008224228122,-3.58698820726261,-0.462169677774631,-0.59737229941571,-0.0477461545901724,0.50428306981324,-0.774168754584814,-0.962122315415307,1.04598436578887,1.27245443718409,0.94119226759577,0.371450607630023,0.233064894607259,-1.61102899527109,-0.236075558769538,1.31875258022383,-0.875976079166411,-0.377733322734969,-0.27226096076556,-0.380271338092842,-0.0701110303799367,-0.304127348859633,0.0900645207418642,-0.248180218609229,0.215888434080437,0.0622995866546329,29.0,0
135958.0,0.0979676700702594,-0.635570402346278,0.540850202992955,-2.08201170305025,0.200816929468419,1.28167181684118,0.0914066588610638,0.300433080198822,-0.675898358617607,0.28347045292181,0.94166774383649,-0.763327873728842,-1.33490035525211,-0.146169833765721,-0.102198697973951,0.377855483604372,0.573196544924474,-1.93358532845124,-0.350945032603788,0.0624722111091146,0.368294941649828,1.13135268863559,0.105343554338978,-1.4423950206101,-0.64531016578477,-0.179068922616976,-0.0784621147571249,-0.203101105226645,83.0,0
40619.0,-0.798495235322776,-0.48156932231037,1.81912961039923,0.0264224246495302,-2.19642366051737,0.909302258282267,-0.733652388463717,0.896939329772871,-0.88098636595316,0.172847072792831,0.766464566889199,-0.832424280646453,-2.0818623125418,0.101117720477467,-0.222273120471832,0.0951810134608211,1.69995593503298,-0.813328238819443,2.53975665832102,0.426373840211943,0.317383333894266,0.596451705087416,0.40781202766854,0.189814374806749,-0.467799650352538,-0.0357998696545489,0.0138333179963082,0.0725082454860158,181.88,0
155087.0,-1.57270067841657,1.29648548579292,1.16139185337055,-0.724965674338467,-0.361799198651822,-0.435743210186856,0.569782682479628,0.100860365800559,1.02408481952601,0.600597305154333,-1.10488260361925,-0.26316265175441,-0.383283789223086,-0.428969931676598,0.311975664699478,0.361756771364689,-0.661426438525996,-0.162996461578826,-0.257781372776364,0.464244687541944,-0.362999038637148,-0.567443861399419,-0.0246393147241159,-0.152676001273396,-0.126456648450996,0.0464466920901647,0.758923776928346,0.532639354671807,49.99,0
125375.0,1.76935384035638,-0.770748843030288,-0.656579135190198,0.41796117020206,-0.64340904314026,-0.30514746378469,-0.454322429514315,-0.0074538630321141,1.33564035837211,-0.142760122250103,-0.985711524348895,-0.0243833507645089,-0.440232086928598,0.126386665145868,1.12611477093366,0.369319428978333,-0.673244495611638,0.442518708382926,-0.384670683423786,0.0220702691351524,0.272566970672478,0.615627151349569,0.0711040161578148,0.734219644353733,-0.183217939707913,-0.288247684359604,0.001572632157768,-0.0096394862433316,130.21,0
155031.0,-0.308663791917846,0.828975482428386,-0.100511437559046,-0.889669355852088,1.28452673132545,-0.079833279921836,1.38162316262569,-0.247937617812525,-0.321719227875064,-0.700817398480636,0.565459820515847,-0.0328756291602036,-0.548046317623753,-0.908822629744037,-0.850699658265086,0.551737772419675,-0.119723444473072,0.506408006537886,0.344192343890477,-0.0361976129546966,-0.278953308294729,-0.685255679465731,0.0042784969307273,0.0878409968717318,-0.602401413242149,0.0569362662148049,-0.168186725376458,-0.0530487542120628,52.68,0
86108.0,-1.12806639996507,0.432647918148085,1.25542147997457,-1.68131031960587,-0.0237501404665604,0.848892806519905,0.647622000443293,-0.705870835450752,-0.0620806970615636,-1.06272269742426,-1.48263866299742,-0.481783680077936,0.389235475925406,-0.202858714207019,1.10996157736329,0.876502324736515,-0.813785259593864,-0.0972618816424024,-0.447101567739701,-0.176057462829109,0.79244454796261,-0.144294420602622,-0.26182747362884,-1.22930042212358,0.3250895936042,1.49046293370571,0.0654877496588636,-0.0120067925153984,162.38,0
60021.0,-1.95009761501286,-1.23425583226631,1.92083964752756,2.0306415795154,1.8634016718623,-0.557838106818308,-1.4291808868211,0.513365706700711,0.571856243563008,-0.942918028689783,-1.74326216252515,-0.649634168092444,-0.569259711920817,-2.0256944203432,0.0637991315908568,-0.0363554446232942,1.31618935061997,1.3963323507896,1.22830127403249,0.666789793519205,0.189959025386852,0.274596456443421,-0.157227562211099,-0.667189117529075,0.679414753410976,0.128664508483272,0.0830552999482737,0.152127364414706,22.0,0
166645.0,-1.23958473721586,-0.363975320501796,-0.76075840623337,0.0244914054591402,0.364889221395101,-0.989827489376771,-1.06952491995433,0.856384639189422,0.659304695493958,-0.693678082597168,-2.06740524077869,-0.0089594175011748,-0.29464293256149,0.793539294146007,0.735501162220012,0.600874720734766,-0.531030144018178,0.445344137081506,0.240092438342798,-0.455151850569169,0.157144743341475,0.144799658286054,0.0951595779100216,-0.792023262712171,-2.42227809414905,-0.863383029310629,0.236092118580904,-0.0666520821783113,1.0,0
38706.0,1.00110308460629,-0.172528029521235,-0.228408641984083,0.383896492865243,0.0529140042346461,-0.245263212555695,0.344208025548213,-0.011101746887945,-0.349848381528444,0.0349228606782541,1.31675670268215,0.630254331346533,-0.604074194891555,0.832962471133456,0.417272312261377,0.0701491817136524,-0.303468603613278,-0.62994416483478,0.1315710633512,0.0790711387563716,-0.26447938445987,-1.08494739814541,0.0312239267536188,-0.318842244089677,0.164871104721897,0.160547174312352,-0.0771303189821745,0.0110823665720689,119.95,0
20455.0,1.22880712069613,-0.280922475454493,1.03787775349389,-0.511197954099025,-1.15926708279656,-0.777851677682173,-0.660580902810914,-0.108554973315086,3.12661128530416,-1.45128070559694,0.485451913954095,-1.84091306488405,1.4581737500258,1.31671908181615,0.551655992746144,-0.463781568627524,0.596085691092988,0.480640206644603,0.3500984688057,-0.156062494758201,-0.157878835132152,0.0107521998113276,-0.0316989808640474,0.345153019307079,0.468211509613143,-0.725881532496183,0.0639348050644124,0.0304695918215615,11.85,0
10903.0,1.18417259128431,0.0953001517990802,0.0359195476653513,1.22957968065623,0.411908685518287,0.829486157163021,-0.237627865583514,0.207227668978057,1.61845239222545,-0.286628607117304,0.813211950259577,-2.45899261112603,0.154165534571189,1.9233403123932,-1.28301820080414,-0.144500854308901,0.405161801677289,0.35519337187378,0.165252859573033,-0.256042995849466,-0.287523957695103,-0.47222806776393,-0.199334214170782,-1.2293615099296,0.711777814352681,-0.292685994767179,-0.00400259575235,-0.0135912116660929,19.75,0
27614.0,1.15309517616319,0.224425451861252,0.409244650052694,1.39302464455107,-0.108290310288969,-0.165848059768685,0.110579213097484,-0.0453266547174425,0.213946895805908,-0.142385854584615,-0.450543880933939,0.79754290586647,0.373276541195784,-0.0329810784564914,-0.148391158100272,-0.745925107795066,0.235022409118424,-1.03867132855371,-0.373098242589294,-0.145295611403384,-0.0922493094700728,-0.0184667307264678,-0.0734933212803382,0.108965863633762,0.677960412439194,-0.315161531095714,0.041989279816581,0.0182079535206019,14.63,0
1257.0,1.291488582827,0.253127269034981,-0.412977223537143,0.115804564357817,0.771362107279946,0.726515404323198,-0.0876193754929353,0.156790770400867,-0.207685777012048,-0.174099053159489,0.414719254607953,0.772670621744313,1.05307195615603,-0.291308211783444,0.702915658003396,0.857265009006559,-0.642067405767995,0.234275038157697,0.379937169488462,-0.0041177364460065,-0.314420790169722,-0.870209539120724,-0.0752674726830571,-1.73351714994935,0.364977200932073,0.211701142781759,-0.0086567359009965,0.0011375191082473,2.28,0
161628.0,2.08826580603399,0.230560187025425,-1.74642010928655,0.370402217731451,0.583161999475423,-0.767835365179915,0.25030654372227,-0.284226615597628,0.350606445070458,-0.407491942661789,-0.533956671260377,0.636610147200623,1.10991301391297,-1.05662367975216,0.104815223977851,0.314127248583715,0.358446694696226,-0.381796638246875,0.105162115330871,-0.0872189836830065,-0.363659127595961,-0.889632408384419,0.308942349374281,0.406759355316763,-0.202508996153158,0.178017135392432,-0.0560986994968086,-0.0299843349760508,0.99,0
134883.0,-4.29361044498044,-4.57348781131433,-1.81158660680957,-0.827344978550524,2.91199127722379,-2.44134997857911,1.94819138873878,-0.549676789891139,-0.243622680670708,-0.755704605345814,0.686357505619641,-0.0637836724138316,-1.24006451652894,0.987684633279549,-0.764564979376064,-0.445577108038026,-0.521149635072523,0.239081369834848,0.800320408172907,-0.816129656166223,0.0830437915400335,1.55801303978497,3.68968350846474,0.798942100892011,1.2390827165279,1.04818863454085,0.584783833237138,-0.388496201103538,310.0,0
153250.0,-1.24886388652648,1.85457967877014,-0.389679240789324,-0.372882940756659,0.497140442090877,-1.09518197839166,1.15264717589473,-0.157956743341115,-0.694918924156039,-0.885686078277012,-0.368710778149482,0.53798539002855,1.22578180432568,-1.03953254155707,-0.102371952305213,-0.149033241973564,0.980111577074317,-0.352557694891729,0.365150285173308,-0.185558291708761,-0.0436201891082893,-0.282044535639275,-0.178087880823624,-0.0398511453399245,-0.004370270866867,0.511024171381236,-0.712132993940972,0.0494974254702092,33.4,0
129270.0,0.181353898552675,0.853681264627392,-2.52489854055544,-1.13867493823836,2.82195621580307,3.06987295777321,-0.0589402711873856,1.22701723825938,-0.306202640268509,-1.14830581757693,0.125985644406271,-0.121815153228131,-0.223854304675876,-0.410141449425518,1.08702038851066,0.173042784062324,0.58608019231387,0.647787547693185,-0.391335208926521,-0.161379131149588,0.320708372556489,0.79816122719284,-0.045919787360428,0.620223118065045,-0.233812396360727,-0.128841862990649,-0.0496912159321215,-0.0509975374623636,12.79,0
66117.0,1.17192760256124,-1.07045557511959,0.0530506801600071,-0.600387889123685,-0.891454327023267,0.0700479267715101,-0.677211539340145,0.202065430664199,-0.421350325301785,0.660627153469247,0.628542245341972,-0.904779445151669,-2.29571857299912,0.266562746009433,-0.731258932853971,0.587636961080009,0.76040543390354,-1.30392030723805,0.979177109400498,0.0630728028096688,0.136649587314603,0.194663117549799,-0.176375164018289,-0.309973535524296,0.519272832462469,-0.115188221593341,-0.0131358989440659,0.0018730489933422,96.75,0
81976.0,-0.18226847776794,0.491129536855328,1.77435592701965,-0.215985189945189,-0.639719901551264,-0.891058596211857,0.578743428606832,-0.41714134173243,1.00859994989673,-0.801066187405512,-0.0198091796601524,0.725219682718523,0.0726070397464887,-0.315995228456497,0.905606121827022,-2.16919345091775,0.950535745703768,-0.105648213715321,2.5169679870673,0.182292945063411,0.0755897374363504,0.763922974686004,-0.229837448602869,0.99813721857553,-0.115924699253953,-0.480563460843781,-0.0633326419632244,-0.0653056470903656,12.95,0
78129.0,1.22709902808457,-0.784470262448065,0.417958061777141,-0.600555179592661,-1.02939122462238,-0.29603246943747,-0.666132109335343,0.110165390380963,-0.737668508121025,0.685101643871333,1.46243290468953,-0.158305173406506,-1.13770500842959,0.149271805264777,-0.421426995845035,0.631091182443615,0.708891891039214,-1.57068968668579,0.666442652806149,0.036749871723374,0.11403998787596,0.210505748123878,-0.0080106057645366,0.217190469062688,0.358147229205596,-0.254359490161947,0.0047462748322016,0.0061215138600271,49.95,0
121717.0,0.0099987405146399,0.844389438871208,0.41307450757192,-0.631665333218945,0.526210133188963,-1.07881654784825,1.24024262590992,-0.47627510126891,0.147015637408446,-0.0972907439859111,-0.795468026565538,0.122842411097584,0.127479639152826,-0.160493092468277,-0.38066603734756,-0.195385547562406,-0.525095900737668,-0.802917100224651,-0.0807353123486822,0.0236106319049059,-0.293927630367247,-0.530611360537965,0.0528881996431154,0.0426118676315538,-0.519879058347441,0.0965866128227848,-0.0470026226902075,-0.131219091917345,8.99,0
146142.0,-2.3536896705159,2.3796122539602,-1.65984958255349,-0.829149139530902,0.0532468218167292,-0.623621056729437,0.168291450389573,0.667722152270553,0.511883705848555,1.39383852627731,0.790384112328906,1.34084712495823,0.732341305990936,0.609337381421792,-0.182264749270599,-0.207993916431916,-0.46387673930369,0.473217845966444,0.124456913018509,0.309144204337736,0.395480615578081,1.3599322910907,0.167171058922479,0.740862283272711,-0.509734125906287,-0.289755636896195,0.277440485453148,0.48387375934432,0.69,0
125866.0,1.69835600338947,-0.960320184834503,-0.583781661754687,0.478120535542574,-0.218550636779075,1.10799160124592,-0.665383330128809,0.276090641150124,1.18900281806712,-0.0680529683739396,-0.119608055001939,1.59182881398126,1.15369001441803,-0.584047593926671,-1.32595278737071,0.355318779089193,-0.744139203091806,0.0975349986690814,0.673650086451827,0.194089338764408,-0.156411087629127,-0.467436972534122,0.145328403289383,-0.169389018191409,-0.405315507484189,0.0432835724497226,-0.0170822446502738,-0.0241182312662455,150.0,0
141595.0,0.0255631665291876,0.618164913939112,1.10995652393434,0.613908029032924,0.122773975529058,-0.15368393712712,0.537149772786052,0.117749932334325,0.590418839341099,-0.677862715467952,-1.65306593676721,0.0027016005383333,-1.03609486589879,-0.239452640766206,-1.53039452861797,-0.408283500432681,-0.0911147270908016,-0.725430845241349,-0.0247714052640369,-0.306958954412312,-0.455890267232837,-1.11025167228638,0.183073224166939,-0.194483221157677,-0.602021501454344,-1.17001679033992,0.126962272661173,0.0618815160947594,7.32,0
28894.0,-1.14744169126769,0.0454597024700155,2.11389490160578,-3.9029117158283,-0.223999326870169,-0.0172920775121977,0.110162421516549,0.490463085272328,1.77917814865984,-2.42456059872405,1.49070350446013,1.38281884167028,-0.742077295465484,-0.043359532751806,0.335965896264428,-0.701144203160191,-0.258076615594744,-0.149995676296673,-0.872109723295848,-0.130532373241312,0.104095000298446,0.551868908260756,-0.326868263628239,-0.295738334303552,0.574296862280393,-0.977561557385312,0.357160053127807,0.110717376791993,8.54,0
50442.0,-0.700894176752063,0.721583883993942,2.18422099562712,-0.50259980810932,0.0825409446023425,-0.267556888627118,0.401187836163078,0.123529431473204,-0.299676753297436,-0.851580307115021,-0.241306250806515,0.333295560336588,0.634114178983429,-0.173891429103192,0.851200496634878,0.404361297796719,-0.545079928334637,-0.555858947249898,-1.22223378400104,-0.0745216257804998,0.0395560438563008,0.0761152264855307,-0.0796549975490513,0.098208570860824,-0.257042994709831,0.0879337408199795,0.0776353964759812,0.110736361526414,5.99,0
133509.0,-0.158039594326033,1.19801225022218,-2.40906925542402,-0.57988872857032,1.70355942785476,0.376970687219349,1.79575131744708,-0.0747776436311358,-0.397162656412695,-0.0835562821791929,-0.36006562864538,0.73214818062377,0.731558707332713,0.755565411043778,0.226286294741842,-2.13344814884824,0.674964833127049,-1.80040706750304,-0.847253931747907,-0.241960348672321,0.580497894548559,2.19481192780843,-7.84399597481e-05,-0.233559325870156,-1.27682261474002,-0.128244441386382,0.1296710036993,0.0533050123846262,94.58,0
125300.0,-2.45129187575626,-0.785401040886612,1.59661884431456,0.0393685865046652,1.5509174557071,-0.292572255923394,-0.842409613991607,0.806280026733286,-0.230408694145997,-1.14807966269034,-1.67918226630697,0.15270223475171,0.937835285945294,0.0596719575445503,0.763175485694619,1.25979020743097,-1.2459243788752,0.708156547480047,-1.2389026610614,0.376903308286791,0.287464347756074,-0.0422057088333576,-0.371089496098755,0.0021380569997935,0.62005509642746,-0.721795265113321,-0.0122340752017496,-0.272261475930634,15.0,0
130076.0,-1.23928668512507,1.32443517064805,-0.249133993832872,-0.349894210512208,1.44457473038047,-0.440203515475847,2.56112277514869,-0.400317541618319,-0.991451455756136,-1.74359056518719,-0.740021665312778,-0.0155280482810187,0.45094522501161,-1.41490604382138,-1.33016891560812,0.224220569995216,0.430056552438391,-0.0048071135647389,-1.56675206825331,-0.126393831533975,-0.0305904145620892,-0.0658730655244869,-0.509979520743299,0.497382822186913,1.5116427384387,-0.585621595604954,-0.0861932395303408,0.0596052557500718,176.9,0
76059.0,-0.87978025778661,0.652610143449086,1.63406399978999,1.104696061245,0.810340035391065,-0.178353266975659,0.687409976560414,0.0627688611679587,-1.00385891826561,-0.315011757163883,-0.426632574396857,-0.121578579172159,0.0476461164864888,0.452974983214397,1.52965642940437,-0.531834028854891,0.159553284625118,-0.708397332974741,0.819087063808469,0.27623052531598,-0.345849831422131,-1.24194277656486,0.129158406701139,-0.357339566870521,0.0496251168666546,-0.605701667408768,0.0623874416781558,0.0919329040469741,50.95,0
40969.0,-1.62703581647598,-0.741114101530773,1.28732009862193,0.499548790887802,-0.704094624863937,0.0328423357338552,-0.527558706929967,0.665083186745616,-1.49635100211979,0.451860872183833,0.292962949526233,0.684692960763699,0.814373656634423,0.132392214214021,-0.261041117596486,-1.40859009107282,-0.0260780220848695,2.34853176837384,0.0383673195577588,0.289749189645611,0.066838651765536,0.213733948535213,0.169987333376678,-0.0011099589816147,-0.0266060102669002,-0.181249452384358,0.290778626528337,-0.0007317972637397,158.0,0
66180.0,1.53951010805712,-0.718105394264735,-0.153856115169487,-1.33891139781819,-1.01584085747643,-1.3160775844253,-0.336784751623926,-0.503822256371272,-2.40785008766169,1.45110554933141,-0.230856689082947,-0.205500994268959,1.74338976586101,-0.300534466606409,0.126206073257743,-0.838870180785148,0.588175033064833,-0.418459783870618,-0.138423973828519,-0.233015825508666,-0.14976702146017,0.0132289121894334,-0.107479713481937,0.434441868714057,0.723667810806789,-0.0893741820208305,0.0037031956172688,0.0115758635281351,25.0,0
35304.0,-0.858726568091733,-1.58842430336663,0.976577670333719,-3.55935311370688,-0.253140091659472,-1.34929071109876,-0.512750586097366,0.124233447029664,0.764846537964312,-1.13053094262457,0.344846010031011,0.355951685666043,-1.23833849604968,0.262906732419811,0.02027687024506,-2.09604751883481,-0.222850750522448,2.34876525134543,0.221615369939537,-0.273816533816487,-0.0808590182982949,0.0175226557021314,0.225835262577412,-0.0678244301156394,-0.440467461911069,-1.01136573008902,0.204335783691957,0.204248161273358,69.99,0
142099.0,2.14062638210653,-1.11129353464616,-0.868644804551765,-1.11870238768419,-0.650785009131496,0.239541695742016,-1.14693498864762,0.13172361275686,-0.0568874652877556,0.903737607885074,0.243979795331931,-0.173033212667837,0.0173297966726228,-0.289238298808327,-0.409838612346956,1.5712648870746,-0.354853910025436,-0.380318843281682,0.980481956139035,0.0492532220285517,0.334757625750283,0.933081167686221,0.0679212557643325,0.12190937499236,-0.0914534184503951,-0.103068520172427,-0.004011885834062,-0.0548703123423501,29.99,0
116336.0,1.30182047076366,-2.02006859004004,-3.04893668324719,-0.622135701723918,-0.0952601257782766,-1.24757877914089,1.12680119681209,-0.737826097814298,-1.48334851927934,0.851976479003428,0.854354270893041,0.389123333203449,0.813640829435842,0.560026418997581,-1.2514880685358,0.37006872299837,0.154555229479992,-1.1708762628347,0.991685564366866,1.02884467220179,0.824363492094616,1.33210787683821,-0.736420018132778,-0.182532690452035,0.621231671205773,0.243683228204675,-0.189340463997876,-0.0166213378587393,516.75,0
78795.0,-0.607987665083696,0.645547257980857,-1.31276987903782,-0.501610834590034,-0.920608132982248,0.200778126687858,-0.794936601285186,-5.77987846523398,-0.65039111556444,-1.54399704341003,-1.06795415862945,0.289286744020108,-0.700718317762443,1.36210452071881,0.0885117633396037,0.779369743621234,-0.416384389036642,-0.4769451439848,-0.931520378619391,1.09999095987571,-2.52172943887848,0.632180621664966,-0.639537400222165,-0.0116089822313303,-0.235748785543973,0.813634731297847,0.229149469794326,0.288940531755673,379.0,0
43147.0,-0.48013748264853,0.40314950644001,2.04759549427118,-0.309987945518956,-0.328542078374443,-0.0896166931648455,0.0898487256435913,0.228058358498209,0.634192099557238,-0.844514296909584,-1.640695211958,-0.55953901191927,-1.057766077188,-0.354500123318482,-0.361676114771725,0.514303204027359,-0.573577185989287,0.157790207746033,-0.42698787497823,-0.182412606427804,-0.0122823307263192,0.0352817013808787,-0.100044341454312,-0.12172296948611,-0.467053245079007,0.128645802105225,0.124637172074936,0.149747446131259,11.5,0
42922.0,-1.03035790399073,-0.893572086776043,0.459145433813106,-1.49133145639829,-0.020846616187016,0.0319284713897264,-1.25517935417699,0.442142767400832,-2.53722216306578,1.1608641349038,-1.68276017714263,-1.2227343489736,1.16097866753001,-0.130132241936809,1.21637811499098,-0.65285115275312,0.798820216513728,0.253504149207005,1.05446776747892,-0.216331885182123,-0.0997277383023578,-0.0873177734009782,-0.380106529029156,-1.29392972969985,-0.345425844065323,-0.0362737680814026,0.0331578799521784,-0.0936508385137427,5.0,0
154247.0,-0.487729596182412,0.408575666325832,1.93600493288407,0.0505387011798773,-0.214866221512677,0.824048462599491,-0.169499341171938,0.348008822330409,1.02527933679396,-1.64278165461174,-1.29091999986902,0.858829934860055,1.22582172020453,-2.75775018173542,-1.75926148596735,-0.190436600056854,1.16576009660344,0.178526255454494,0.701531945424918,0.161727485345365,-0.114579023482772,0.137484430882232,-0.145230351526266,0.740293820160696,-0.236279434549402,0.625419208718032,0.159057968758729,0.176600853217413,30.74,0
157245.0,0.178780834111442,1.03566493007117,-1.17799328606965,-0.187476828384763,0.453852115472,-0.907299089106383,0.367045036448513,0.367181116534321,-0.217307488997938,-0.963473749636457,0.626278404320723,-0.124537669250907,-1.20869179679129,-0.204224396724675,0.159485585407412,0.528844007425249,0.42332776309755,1.41560662822491,0.0840033762627939,-0.314085126391231,0.341225358520733,0.909892846813708,-0.137747149082711,-0.506164164430144,-0.31338342065801,-0.139666665690763,-0.0743394714185189,-0.0614634120533063,4.49,0
50049.0,1.13669046032559,-0.775678989174732,0.713118802956813,-0.654121033393651,-1.26078676171081,-0.697379129973918,-0.541589033823295,-0.124737133752579,-1.15950424565072,0.690000921051194,1.89532667228992,0.870473228551016,1.36859809471733,-0.240683710022128,0.068409267743099,1.40817264730891,-0.0742682177881097,-1.12979776729156,0.693026942490163,0.373953763673078,0.134691003136085,0.061096267613722,0.004687958910517,0.559729606525556,0.188328582975521,-0.456604588379788,0.0022626932071321,0.0373919152631512,115.38,0
35193.0,1.3927369507507,-0.514302510928596,0.0656320141721842,-0.829107844745631,-0.603218106424556,-0.567990137805902,-0.391895654006288,-0.250169600388936,-0.914323910245982,0.58539001306248,-0.790069417908844,-0.289511177101719,1.43040427491031,-0.395051500206364,0.726656271745216,1.34209356727723,-0.132392061194396,-1.25642800402528,0.813578419102462,0.252241588378621,0.0934834239976141,0.147888321763049,-0.168608289855627,-0.412044591184444,0.584960689527638,-0.208399660206002,0.0029691677255512,0.0179549047466547,52.0,0
137044.0,1.91619526080487,-0.405147756768793,-0.417427851964494,1.34454316100724,-0.536079821831257,-0.0235567215719046,-0.661726253528947,0.157503923179076,1.34678753159187,0.201619932461517,-1.48243271762975,-0.682357709676622,-1.73108448162626,0.192922574576595,0.473125761425313,0.33320145359633,-0.534013623153331,0.541948861922458,-0.581150104527772,-0.296971413381266,0.220360267748787,0.703763443409747,0.116247656911907,0.686125011456061,-0.0296516034111244,-0.515173302820028,0.0401345695716846,-0.0256762982875196,29.9,0
172427.0,1.85148067042001,0.220373106253776,0.265147450830434,3.88753289234359,-0.355553755826265,0.265957965694445,-0.531478923237501,0.1150723523283,-0.22432078662986,1.37653788281092,-1.48997998640195,-0.297977795884755,-0.0412393673064142,-0.251650243367321,-0.564339472831229,1.20812787053112,-0.92972928580649,0.131765273564444,-1.75025111928945,-0.270350771289593,0.228194351981009,0.760570163382045,0.136885733406389,-0.0412782243886836,-0.186771207188579,0.0886834482026808,0.0137802514182081,-0.0312519454199299,15.03,0
67741.0,-0.85371567982839,-0.234691376646782,3.06695947051108,-1.5215555977121,-1.17154027174441,0.964507405227939,-0.905370588996531,0.66347437640723,-0.0724027942555845,-0.193743713593444,0.506421656738899,0.206060460006033,-0.506937833073256,-1.29876890844705,-2.36565531470606,0.616601531429236,0.717074877371689,-1.19988994200974,0.398853028192621,0.134201014626873,0.21431470768828,0.989250508891239,-0.39297006719673,0.0802716640968405,0.438649314295,-0.0994504118337262,0.35850256543013,0.115499157635195,1.0,0
56276.0,0.73230092327577,-1.10019592290418,0.812054820784745,0.320794370368115,-1.20142482923721,0.179672314905995,-0.465534152524808,0.145877119710163,0.725725775778856,-0.273364007101598,0.777835575603446,1.13031582203331,0.284987796923355,-0.259073830788408,-0.415698371879171,0.514948654669781,-0.46980042269328,0.239263659479954,0.49882790256703,0.450707400997582,0.0591287380012573,-0.206083258115532,-0.203504163337578,0.105562782041672,0.0492203781759064,0.934791480676701,-0.0797616949224539,0.0456139294303341,246.18,0
110035.0,-0.513638192931111,0.772230171671208,2.38139290786701,-0.107513567670226,0.0853239134082544,-0.268421305739929,0.521682352613883,-0.229288450906425,1.57375639982424,-1.14050598426932,0.238559023983669,-2.80852006111378,1.24299695301075,1.33917329836054,0.693547278774979,-0.312863735324418,0.377191120203794,0.485983857364441,0.470168361532142,0.0471456009946506,-0.3031886147982,-0.445262096161291,-0.27183462621427,-0.129139646111633,0.23923458010449,-0.72367293102722,-0.0824125426902044,-0.146547337831403,11.27,0
72606.0,1.19402984182014,0.161769992362578,0.136871327581034,0.461501896505721,-0.0735769512717988,-0.119034718847274,-0.183893593413331,0.171653718353388,-0.0257209463069625,-0.121664367812879,1.35421552507047,0.259043082739306,-1.02693560294443,0.157491404986401,0.801645529746444,0.534792519523343,-0.0282397352150271,0.0022519765349409,-0.13500650847701,-0.169658562032524,-0.244232520994742,-0.761909334552427,0.120979607808984,-0.381433013068021,0.116509140377095,0.131155151732981,-0.0185705699396558,0.0111728739810198,0.99,0
29536.0,0.896799263573884,-1.29382830578073,-0.310132633822248,-0.613995455492902,-0.673227910447278,-0.0537936639952897,-0.0627387532154502,-0.161128305111694,-0.958254569398444,0.489856219265227,-0.901674586132115,-0.0345412246638225,0.954488705644435,0.0751666041258171,1.15320234692151,-1.28560724512313,-0.0695232475131179,0.511582598670246,-0.795938777813855,0.0921436255606481,-0.450413440158704,-1.38884277732256,-0.12492360528045,-0.746679461070734,0.0173942397348578,0.868409601962724,-0.092306341461817,0.0460066415046935,274.6,0
64709.0,1.25834038345156,0.351042276097875,0.303073641832088,0.692321788514881,-0.375843329179565,-1.07254281324872,0.079718137143087,-0.198454225702087,0.0457980712722038,-0.279755396917576,-0.0853670826850844,0.188104516498411,0.141955317281508,-0.27116522431237,1.10352432130813,0.483948040784617,-0.0024038544628482,-0.287228744453985,-0.195528530133274,-0.0878362476101107,-0.289475025496282,-0.837374159655468,0.130496599209581,0.337448127115441,0.214273528561049,0.0951264174743904,-0.0234645795942089,0.0304304952798071,0.89,0
148729.0,-1.43785777640616,2.06246473417367,-1.35121473040353,-1.63389040828996,1.15768124573758,-1.13776321544523,1.69560509858535,-0.391804652098544,0.846007157006404,1.96779200140768,0.93981798885787,0.103021603301512,-1.09570069276244,0.320803910798368,-0.621312442405376,-0.67613618788148,-0.814278200749424,0.083447539963368,-0.018122478064572,0.796250754647222,-0.0027970083909211,0.865458685489012,-0.211900809159781,0.772611458840943,-0.0976894533174728,-0.0214778949967446,0.392085034614891,-0.0976772704731274,1.16,0
63925.0,-0.496886362219735,1.62426804233761,-0.104314874121125,0.352379059244995,0.262234958324493,-1.18794860354307,0.586093908266839,0.309090130904,-0.750704441779355,-1.12890797510703,0.494364789328454,0.265590636025828,0.408241415810579,-1.19662224460801,0.825045139542083,0.177315760167942,1.54408653202845,-0.171606443858774,-0.813756351017564,-0.029019431345818,-0.0046935109861984,0.0714994912946789,0.0010459483590139,0.290795292782404,-0.24081717222687,0.287733686272983,0.163257491317373,0.0651367947765657,0.76,0
125608.0,2.04306880404086,0.404449396169705,-2.4057476121137,1.48174058192141,0.863928166029862,-1.02901425867173,0.563822934308932,-0.25139785224749,0.404916161164516,-0.300680406875112,-0.999049661559977,-0.99543754242911,-2.05587196154456,-0.650602912314483,-0.167227986437176,-0.0535328627603787,1.00947637161348,0.376961509819353,-0.306833531594587,-0.328914454669867,-0.0718725477585239,-0.0948506616648002,0.0095712110409643,0.48995571812718,0.449384988436873,-0.514802806846731,-0.0163937535644769,-0.0263572556805842,8.78,0
53190.0,1.20951732314551,-0.250941640118784,0.178171227139873,0.315393984643993,-0.317331140805877,0.137854948076833,-0.44120057939635,0.215205910628641,0.44668841483118,0.152282107426459,-0.0668579152753405,-0.646663126413822,-1.89799421802599,0.676549040565339,0.784845938501956,1.05579036432971,-1.02504484005395,1.02704154903861,0.41866097741347,-0.113256308870389,-0.0200415414804255,-0.235800374058379,-0.164279941059378,-0.865547135005533,0.376424006403414,0.405509031685781,-0.041966424288801,-0.0006612619025268,39.9,0
9881.0,1.17650995364065,-0.931548633280359,1.70184898790987,-0.374308032220169,-1.6724524240561,0.445636957092269,-1.65920808804725,0.274838845801884,1.08983816323218,0.214812327394545,2.5124728522407,-1.9554599271786,2.15084501286408,0.719993155992349,-0.672549741949141,1.20664597923383,1.02229135366721,-0.55676565699915,-0.0397648181523477,0.0975524408537634,0.35717899054012,1.30943315967201,-0.0806984868868272,0.231327415924894,0.216820372948167,-0.0505834091912319,0.0526391850118205,0.0206094281664404,41.28,0
134080.0,-0.840690843297122,1.21349959279475,-1.45871911556293,1.36597844298398,1.71142549152339,-0.982037647290201,0.900345883157071,0.277838579926937,-1.24683679163081,-1.29838867726391,0.83824700496532,0.0958662833417858,-0.441684570038685,-1.50811474542445,-0.734768548127328,0.0662460750190504,1.97524874002395,1.47319100065558,0.82415259805288,0.121583098957045,0.155270319232239,0.267814796217521,-0.290489632016827,-0.667443729384558,0.0105548500362587,-0.388346358796733,0.0992528860833783,0.0718365975848089,35.0,0
68947.0,-0.425831701816152,0.554274018844686,0.348045477585628,-0.271848170170004,2.29840799120185,3.76439202379689,-0.333667519114982,0.985016576621763,-0.349905154170625,-0.0949026976136398,-0.279055746705556,-0.24552469161718,0.112644918771235,0.169052476025529,1.58881307912512,0.433674660847869,-0.885739084979572,0.749696568722928,0.69592134323273,0.097977162145027,0.0260626483055928,-0.0624753224204039,0.0627395120084629,0.973968655842917,-0.450421657060727,-0.511330019416266,0.0895209728925214,0.166860496588495,2.5,0
161597.0,0.0267505167054361,0.816059971828934,0.184373209230636,-0.777700517293811,0.630552044754593,-0.619921742546604,0.899630593480333,-0.0424946153648633,-0.289704683872073,-0.2414860394872,0.495515986545989,0.750576849801111,0.0361969482036716,0.278595093163463,-1.08654400193162,0.193388283041553,-0.778514908409772,-0.156296045477307,0.326158320074283,-0.0177932659465547,-0.230295141981734,-0.513128905322666,0.0127067785146437,-0.341166061518922,-0.475612868388259,0.140522552322672,0.243941451401495,0.0839855791128723,1.29,0
9367.0,-0.474211356919793,0.858080298704391,1.74194675580147,0.592484270722818,0.203411368972573,-0.674131742324223,0.531040244389857,-0.270240438133785,0.782713600112074,-0.374967795907089,2.5286001950341,-2.59710889170206,0.493125916420175,1.31626380783604,-0.0505372753590052,0.180131190376629,0.762799868714144,0.780710194061896,0.654884684831039,-0.0190751963554758,-0.315605293536998,-0.621131694737407,-0.0062534033625074,0.41153338227962,-0.735831181931055,0.0125908485930008,-0.192540191723693,-0.0951486620899132,17.99,0
168270.0,-0.463386117052888,0.472453257859306,0.6022361900372,-1.19428136934727,1.66888983611723,1.11253097241808,1.08478045968619,0.0870595109342736,0.0227124447924014,-0.927423152586073,-0.634360966628081,0.3013929898374,0.0347703308615496,-0.276985685849882,-0.541848255918041,-1.33535271992859,0.393296607345083,-1.90369096151798,-1.61433337220487,-0.155376487286085,0.237556443078262,1.1185426171508,-0.33128024825687,-0.252094879076431,0.0449138833680268,0.653365485552566,-0.0684346274551458,-0.107442214963184,16.35,0
65829.0,-0.74186664535706,1.01566471096837,1.6769447924902,0.431672039883008,0.186705189203014,0.0681106910113354,0.926714407558679,-0.189963287342989,-0.521700465341674,0.250179832511543,1.66743207603374,0.577134396462385,-0.261668542274477,0.154485394797721,0.375530355984831,-0.143096687649812,-0.495393044074458,-0.0647315513030103,-0.394814678460409,-0.125357711876566,0.100705747304275,0.334236998082852,-0.172858107329837,0.199802731332765,-0.126358124648624,-0.530130386506491,-0.462814161842644,-0.165795960153184,45.0,0
11474.0,-3.27931849454683,3.37553064125942,1.14774659019315,2.58107344171434,-1.35603417319625,0.155374629499947,-0.896696144919177,1.29525853279704,0.743359442014581,2.33588244078089,2.2157542942001,-1.55838123051054,2.32605973261474,1.79558136580871,0.14147652930906,0.492854042501186,0.744394241045518,0.88771909142981,0.484576724199005,0.89829166708397,-0.270578077286878,-0.257201637377708,0.0491254815408392,0.434470553847177,0.287574529710108,0.0826015581709107,0.391342133100807,0.160559365120373,3.67,0
37594.0,0.699319865536645,-2.32941397065993,-0.482914670657654,-1.11651425960757,-1.34481132505382,0.0772732848298313,-0.358628702698494,-0.0944334444321999,-2.0623033465748,1.33647804976713,0.86530721363198,-0.231967346070916,0.0867912286650947,-0.0105739898653468,-0.73233045283092,-0.915111346936656,0.809341618023815,-0.0538333469918253,-0.0160311443010656,0.431155445944728,0.0857858893037203,-0.149506840782313,-0.456573685218065,-0.278583597968715,0.465006172297378,-0.0728550480245279,-0.0483773894419405,0.0610667122285217,411.8,0
139197.0,-3.24895082998562,1.79866778815392,-2.08283032350393,0.786828282756824,1.69442727265611,-0.553732305159588,1.24681348577525,-0.505237497764528,1.27611772805045,2.09368407010932,-1.28781795980785,-1.44714882212243,-1.62760583381604,-1.56532106915,0.38866006281706,-0.485405231370236,0.972073509700957,0.528004736614592,0.892565474395341,-0.581496674378,-0.44240314753489,0.186553123468095,0.40044382731125,-0.118649420600334,0.482789893265065,-0.375463165392343,0.187233228919357,0.470261256865073,11.4,0
119947.0,1.89735051445264,-1.29597364231724,-0.386623493847868,-0.791962772743414,-1.33008860917805,-0.575506384438701,-0.896791209108028,-0.0341217599528269,-0.207128956483009,0.827561254976902,1.08472664367166,0.389565068300771,0.226043187043508,-0.236817740067877,-0.488798517546988,1.43434413242134,-0.0939533466118299,-1.04223381227391,0.838707527804616,0.200348417880604,0.0810521506873431,-0.0278121006403521,0.289174058465145,0.0580314959633059,-0.5785274910894,-0.522265056151793,-0.0110216044589703,-0.0299959565192763,120.0,0
85450.0,-0.353389010602836,0.113395529014538,1.69637827655721,-0.370354555643939,-1.51837291120036,0.0167949807343557,-0.428120636679011,0.153236444200522,-0.639767458559267,0.317733713455572,-0.739607955252214,0.255734032745041,1.56043719114632,-1.1477422419496,-0.614823211018648,0.2377040057808,0.981373311639296,-1.40406704218792,1.97243619321384,0.219566273283492,0.1750479538139,0.833386531379145,0.133992527615495,0.473281147476394,-0.877233447185707,-0.30370121098375,-0.113294475545264,-0.0970264440061492,66.17,0
159017.0,1.70052385308877,-0.654516553342913,-0.297373627101653,1.33632459730092,-0.837363866526705,-0.214606093728803,-0.585825376213021,0.187572270328802,0.930866354619766,0.396612327289231,0.555233629764724,-0.0786453626473264,-1.97285866302922,0.631915724172795,0.349309269470995,0.680334690878508,-0.835233008516651,0.990280522049071,-0.59597427472462,-0.167596264855087,0.327004091843713,0.74012609472317,0.0762730081372605,-0.0472433113733571,-0.251058383599626,-0.585512672894652,0.0239553654029385,-0.0260282482792793,109.0,0
140712.0,2.1339358761956,0.0439937936813169,-2.4350715875962,-0.282177941584415,0.980137283889256,-0.790296598241975,0.633483839481221,-0.334014041352866,0.0024521116770444,0.190210886420906,0.541241244762101,0.606783187301853,-0.303029647449914,1.01162810958238,-0.220659779474442,-0.255630080826675,-0.706566715207501,0.184172647793801,0.607906695478398,-0.197557177431845,0.157281715224294,0.516119056627574,-0.0832439284859989,0.245953283293213,0.490319703382195,0.220411634649847,-0.0973035544789655,-0.0875273270762931,5.39,0
114582.0,-0.895762619998814,0.503281877550962,1.23034559785953,-0.393549855459932,0.620223557982165,-0.548405098347607,1.04894542598854,-0.0277834359534405,-0.841327732771425,-0.663273991340821,0.840749687933193,0.522258712125671,-0.4824915852903,0.456266064087903,-0.810248073695446,-0.370099211440523,-0.146024158629285,-0.228405893068041,0.899642592512248,0.169353680166002,-0.128391397809756,-0.534141643441371,-0.162089855430196,0.0279198204396924,0.504314032244463,0.461162221496861,-0.0644867984316379,0.0418494241977119,61.15,0
129826.0,-0.744838012415283,0.873659076873071,3.13512634958951,4.48984452754168,-0.574433479549789,1.08687027361301,-0.597055297681665,0.569046270423624,-0.991033849926464,1.41229666537938,-1.52228250349273,-1.83294777940009,-1.58097113907881,-0.0435712265670464,1.60322996901019,0.628863758095618,0.0063907053344921,1.14602982974601,0.834819206610385,0.406815679610798,0.211561914112079,0.601728003405387,-0.156633286113017,-0.0117017583259154,-0.0556989055096793,0.564759748769343,0.370229986889739,0.176132981879396,38.82,0
140424.0,-1.10141848489022,-1.33344862267994,0.217350231040174,-2.95268583502732,0.796328250803632,-1.34216856938421,0.0708533827346535,-0.141821056024777,-2.77946351375961,1.02236197811481,0.357841669282063,-0.313929355602183,0.901527284296931,-0.0483671569078597,-1.32918305366888,-0.185829294958881,-0.266286941045334,0.301546914762478,-0.310920238169698,0.24891037846642,-0.12401850904092,-0.404798605055458,0.2197456479656,-0.544968309113173,0.0976474728610277,-0.395366252073349,0.266393540319702,0.205128283059184,102.0,0
167475.0,-0.284184778498701,0.406742403813102,0.0743171468478049,-0.896427416220656,1.36565416555609,0.97972831153126,0.823730607049246,0.354806514386708,-0.400220055168798,-0.636195663775201,0.91318465773693,0.765026242315126,-0.474550705977004,0.503918913533429,-0.556191263131964,-0.92032043395097,0.218634380642574,-1.50333859291183,-0.66108018379008,-0.186114941414316,0.0267715577220193,0.178645653226302,0.170125171014385,-1.41219538342681,-1.10078074936348,0.236900036528049,0.183994421912795,0.188312308032654,37.2,0
156547.0,1.91278990532819,-0.279457163784126,0.177120415264749,0.728374713562382,-1.13561543686006,-1.09874514642356,-0.482044969206273,-0.203055784771835,1.19307402394191,-0.208466868442612,0.0531999124309902,1.53667227592702,1.37992720856666,-0.427252502281748,0.252524011986263,-0.254414374487315,-0.253904585275585,-0.269991468878564,-0.580002281421238,-0.159614754769721,0.269072641075946,1.09963720509781,0.212441182598884,0.995352369248589,-0.168109446278756,-0.275315883247774,0.0522204163205568,-0.024136177978494,9.99,0
165099.0,2.02330164991285,0.254496254640148,-3.62624979012012,0.454857583921442,3.24916660373093,3.05660086278682,0.0817531436803502,0.665265948639357,-0.0139012635448769,-0.326596497233011,0.193171551176667,0.040800778940893,-0.488730539554764,-0.784985316419909,0.0046647097693593,-0.27166005466552,0.889316575056113,-0.0378458129728286,-0.49848598767368,-0.182868748814479,-0.0434439876736925,0.005555984463685,0.0116017069001702,0.578412048932637,0.513717306232635,-0.47050624703938,0.0205806308916537,-0.0359660707190938,3.12,0
76981.0,1.02169996517663,-0.932888922416464,1.73901291115717,0.591543117598845,-1.18500863398579,2.01177845502601,-1.72464966183843,0.798614881669808,0.209415238062542,0.37820973982927,0.0426021521875377,0.568762163316338,0.0705531568997679,-0.63826238662231,1.1212686773844,-2.64828300280083,1.29302505956094,-0.33943656209347,-2.81856874753815,-0.688901173335072,-0.0468518699641854,0.758859944373771,0.138259003900203,-0.637118945557099,-0.0033876273523713,-0.0797902806689067,0.195264688741955,0.0360805266087929,10.99,0
126945.0,2.02012154808241,-0.105717585878851,-1.18091577206735,0.216883887346441,0.142685694237061,-0.601841016302508,0.103176319994665,-0.170919980910715,0.227206350895301,0.216291104144766,0.798521005145493,1.30176137837222,0.528104752198537,0.36132019241308,-0.642320129996614,0.106225494284247,-0.629869367381012,-0.415121185705696,0.48193756166012,-0.162661297338189,-0.243246064146424,-0.586847578609151,0.281618497255234,-0.381630504137659,-0.285648869763277,0.201549551952208,-0.0699393954302442,-0.07169241529577,8.99,0
49583.0,0.664655455066348,-1.08870363239064,-0.692913321472254,0.316149608065088,1.32453085375573,3.93175539821742,-0.703742370150285,0.953771051797042,0.297018414656871,-0.0741204934154579,-0.207766743254017,0.0558335960876955,0.241694513687474,0.159536465376494,1.62340608854646,1.03804359343857,-1.20333994005981,0.827983390024716,-0.424616678463942,0.608175076465675,0.228681125922634,-0.118982230538055,-0.300931032649188,1.00761847054233,0.392808367739884,-0.377348521762477,0.0094595692796031,0.0850696446205449,300.0,0
162874.0,-0.136096619063103,-0.0816248739433109,1.74755828162207,-1.42348253033744,-0.405620066018263,0.748857662936549,-0.575877751283372,0.209036037846684,-0.742587995487754,0.0847825685163795,-1.68039258610857,-0.0063537131713829,2.09008481233364,-0.920770938700562,0.889293619550486,-0.6214625075119,-0.833731182764933,2.06895792059671,-0.630033633861261,-0.246696290084114,-0.0819053425424172,0.327199574450123,-0.0837996437298384,0.0774995500656465,-0.705150768323014,0.660703716160974,0.185168735604507,0.184153132502653,16.95,0
136648.0,-1.15267609145861,0.453534197868998,0.294974184042424,-0.629245767200934,0.784861584982815,0.059810864762514,0.27350968316404,0.455449577270897,-0.543927533505319,-0.679830162369025,0.263259462639221,1.29717217662909,1.3646553070141,0.151094872001347,-0.923554802599782,0.505740417146368,-0.889093097222963,0.419075625846819,0.23630279811464,-0.191416143676912,0.163117074222997,0.516755517320902,0.313951933180767,0.334524618132823,-0.276058996764399,0.173074791509697,-0.0510013626696796,0.0479870899638624,28.0,0
102389.0,-1.08488437428042,0.888629067404214,3.86666081324256,4.68148296596537,-0.0910020993145999,2.50916170066012,-0.323937945244391,-0.0778959631912185,2.39244425060806,2.50039455983451,-0.995597660379291,-3.98846718217337,0.242461949656044,-0.6694934301727,-1.39208823953533,-0.701796460816627,1.01116774286688,0.806433998787254,1.35079317616474,0.823407552612059,-0.460441194429189,0.436249363868597,-0.374528856050075,0.600302882809527,0.207720160960774,0.519274108050549,0.0857011408407609,-0.489565033212151,22.7,0
149863.0,1.30178087188266,-1.09188870047749,-0.715889105610468,2.21318442234075,-0.613955937018693,-0.282640242272141,0.224724813886407,-0.243488850150402,-0.533717492762621,0.914212530898157,-0.786719271607572,0.36911956080851,1.22742521574283,-0.239263961575051,-0.461258228363386,1.09595429933691,-0.572514481079593,-0.996340319360179,-1.07497101403189,0.613370890118619,0.145162077130196,-0.300818208482055,0.0303526521288755,0.112362987716067,-0.813987248017477,2.0877557799401,-0.239612145686264,-0.0085733421005931,361.91,0
32679.0,1.00029441585995,-0.191619267461888,1.2434650434879,1.18368938455054,-0.920663722144892,0.222168828972219,-0.721208745176876,0.362305658349225,0.370249277660048,0.145367942998393,1.45277676108475,0.39942150027138,-1.1419228538174,0.445716632742011,1.07594945968659,0.580354000201457,-0.537757365407678,0.462575575774514,-0.85324805283192,-0.142543424326006,0.205968700410752,0.483930072876507,0.0163057498505902,0.181026822610471,0.154459506901589,-0.361431858072318,0.0601622582228545,0.0332042606365216,45.0,0
153712.0,0.131759315162081,0.354068794965401,-0.450253668828095,-2.45478131615897,0.141777386344389,-1.51622819326277,1.91207531583736,-0.814724340995935,0.872681178319557,-1.25846885361094,-0.58489374488049,0.296537288547048,-0.0298157715975491,0.187053213690409,0.455166209312589,-1.08351172715666,-0.329332753233869,-0.261455947243866,0.621356025649274,-0.0977315800398443,0.130924147516725,0.710416409899236,-0.220021067446987,0.108560830790808,0.0481337005174763,-0.228175045392676,-0.214149784181237,-0.226825550986579,115.07,0
166084.0,1.18293908944473,-1.54346385997005,-1.91402319585837,0.390797722366619,-0.221536434546332,-0.483078668429451,0.654976420519779,-0.299856316399402,0.0357058406099648,0.115540114182365,1.09300044244116,1.00763269526161,0.409933583747869,0.643494156466239,-0.0123681017571343,0.292577456582998,-0.738533284566678,0.280740456259417,-0.0880514001977995,0.770402796019256,0.533815884992579,0.582859850427632,-0.323949485241515,0.871159096468903,-0.112811389347869,0.682122687552023,-0.181394084249095,0.005815957489225,453.72,0
76071.0,1.52875232260213,-0.511678181837007,-1.77716305466605,-1.84600189702712,1.90667570175799,2.85415535476322,-0.625138628052731,0.592352784682895,-1.2835814847908,0.752670676389124,-0.0021673919319052,-0.789757680271813,0.0729851910952127,0.252440469434496,0.608795299764859,1.05137252860364,-0.0927199687050689,-1.15897193033151,1.0118765631624,0.163430830256431,0.129409049107987,0.186110509930799,-0.188702010709312,1.04568773957047,0.957280345253431,-0.0683717681790701,-0.0241175073211942,-0.0070295254301996,1.0,0
155489.0,-0.282339677816999,0.308693915148109,-0.954085362179729,-2.46450138615981,0.438263719364407,-0.768801621328084,0.177302627398974,0.265524535777957,-1.08970017436968,0.0594554171624202,-1.88298419858108,-1.27176344247081,-0.173398545670661,0.245382573954741,-0.466616193894129,1.44903313391739,-0.321249574868583,-0.828860194998376,-0.0763213171679604,0.01278677487586,0.545538556411907,1.41764421539265,-0.131373271362381,0.0683784970871586,-0.578500026811222,-0.196053866726538,0.325645086345557,0.217483152167461,15.0,0
146913.0,-1.91080637508148,2.32709017026332,-1.40707337774502,-0.579490102123644,-0.167703115805188,-1.42849123687248,0.34253021410281,0.509669125711814,0.560288217386953,0.912365951852571,-1.01370518547628,0.742976182091962,0.984442108706952,0.485437489113355,0.385594308100576,-0.325088347519618,-0.266171075227104,0.0597251579070901,-0.0779717331097431,0.320705402821999,0.285033214720576,1.29177603326779,0.138383577554525,0.018474965762212,-0.423930148870735,-0.19594759490437,0.717708618046883,0.459338241582069,0.89,0
92357.0,2.02267881468451,0.21961196186302,-1.48263177683868,1.62567935349248,0.324927590292572,-1.22489010409438,0.477464741758688,-0.445041639352889,1.71005139942334,-0.064567708269387,-0.318679965865301,-2.9838771448214,-0.0947250674769222,2.25882716731716,-1.14126275890615,-0.642396340793911,0.637100158403654,-0.118496558380016,-0.351073458503152,-0.416534693891555,-0.117729590432763,0.0408241434855023,0.0146306204550176,-0.0491213144964083,0.3958219235291,-0.529701548918067,-0.0557800067499524,-0.0694918242401405,16.99,0
158829.0,1.79688270733775,-0.252413749532978,-2.36397029376462,0.504331602300652,0.742162625256466,-0.538179785824693,0.547493431502846,-0.258510624471148,0.0776431171871003,-0.280214502168778,0.429646646905021,0.683115865501125,0.385279254182594,-0.737242933240964,-0.601044845994015,0.60551221172195,0.0644509153478993,0.561554676426699,0.516154085395623,0.173273405243437,-0.140645232176447,-0.59700626431106,-0.0855310254849893,-1.10827366930235,0.0217863161764656,0.210791170615483,-0.0880045728173132,-0.031339448295031,155.0,0
115166.0,-0.101477968826171,1.46684166253331,-0.356523525962033,2.51311887158922,2.08276128478215,0.26022507200715,1.60715558859848,-0.0757558164278105,-2.3478644579867,1.01769482092123,-0.176740565913593,-0.0581767142649283,-0.182306045551675,0.656282158030668,-2.45668570293512,0.520097205463735,-1.0753797353125,0.0863338046400632,-1.07174587042667,-0.171838811388718,0.309468059179138,0.817102535198633,-0.168712174224277,0.35351294534763,-0.431877918903065,-0.035832203499022,0.155819165512783,0.224952195183906,21.65,0
41254.0,-1.95657896846488,0.291437605250282,1.48451078213868,0.388385767467941,-0.478613992174868,-0.339224489021893,-1.01878292683292,1.19024166484575,0.250873499994663,-1.14927764039981,-1.17025022055998,-0.081454191897994,-1.15777518107016,0.493017689935977,0.294208473820563,0.540788609148762,-0.0191831279815593,-0.100407152595503,-1.43149377405987,-0.501961750583241,0.169488701601298,0.113692879034584,-0.290046249087791,0.0562280385492923,0.0291138014466439,-0.539785538442436,-0.21277119287725,-0.295264274073497,1.0,0
150459.0,-2.01497233638631,-0.16260956834369,1.01202955020652,-0.389508947241623,-0.0496162445071501,0.232287172419744,0.885516128303746,0.0848571986883722,0.314658210165965,-0.812543184296413,-1.83998547913034,-0.706876155783411,-0.262248978858476,-0.0025004532923222,1.27204435925208,0.595809657118299,-0.836822473170485,0.551289075130691,0.842531149188161,-0.589725355235562,-0.399550928011311,-0.485050921591169,0.534029698822618,-1.04995077594927,0.627104401661999,-0.339320959544873,-0.136222995841539,-0.432391070377717,177.45,0
80388.0,1.35813429704004,-0.0826060282075478,-0.26837141090774,-0.44200416300836,0.195952190804929,0.101541640546304,-0.174518689986411,0.0279502940221949,0.437884632286355,-0.213295348047436,-1.35535124029816,-0.496893007349712,-0.293867041026019,0.30316223310133,1.55842891290303,0.400785936390337,-0.498957494247871,-0.414267703785847,0.245338375855461,-0.0997372293208957,-0.182905310619617,-0.49236577893598,-0.0880472310767023,-1.27259114049223,0.334540063619703,1.07895217429351,-0.0728469569499832,-0.0156094316465965,0.45,0
76011.0,-0.699913451346658,1.01421522341524,2.15299772908312,2.01098990599089,0.25601653519637,0.422583247549961,0.644852690754469,0.238471709565455,-0.907541472113409,-0.0327642910219531,-0.930494840735481,-0.393723399349718,-0.765039244336901,-0.0427679468463648,-0.528276064507898,-0.139159941900784,0.117645854220457,-0.858340112260442,-0.725644966963173,-0.0859771720775852,-0.153606236842343,-0.431686005771326,-0.0369994709841573,0.0368723034102679,-0.0690523693240023,-0.152351140838802,0.0880953534245528,0.106766896149245,31.87,0
124185.0,-1.23747902806179,1.28671261482645,-1.15730770828527,0.9634416317218,0.481970650436318,-0.235775095369471,0.90336929471877,-0.302368495017096,0.0310507902555682,0.4617237207296,-1.10599378773847,-0.576732474467249,0.732816664670292,-0.964063692757787,2.27571529035123,-0.623097382061442,0.94216320684855,1.23450611571671,2.67935198352068,0.154765223755986,0.13026656873751,0.960554757336631,-0.666787882662465,-0.994530542598868,-0.288648888118355,0.213331128714721,-0.844158027740701,-0.503408744459602,92.89,0
44065.0,0.25633091785364,0.366099368625022,1.90478491146942,1.57245375062428,0.0277548893746472,1.50694208573366,-0.309518038687137,0.160512532341019,0.790493555238205,0.0146568201518176,-1.56711982763254,0.737862831763097,1.63561652407375,-1.22835015607922,0.179308433479952,-1.03937526756598,0.239045600318194,0.0388061473132823,1.6375110091831,0.209744419714781,0.11730041833714,1.09205539551958,-0.0752898794647339,-0.878885662148057,-1.23050166304391,-0.211818109004075,0.244889920839779,0.0425996200388763,1.43,0
93709.0,-0.81172264511516,1.01572840346468,3.29177179306414,3.61547326232478,0.332892356328523,0.910867150734497,0.223305740596227,0.0325061437908218,-0.0506595262642135,0.483222156715279,-0.186803518333905,-3.10445994578612,2.10508528250607,0.810727221567321,-0.473144490218817,0.867007236650686,0.0038990744379692,0.52190220957864,-0.961033752778752,0.226811789177611,-0.0891210828700315,0.0212054808840555,-0.161757822490672,-0.111716210886996,0.0952274707471672,0.0645539942880712,-0.115922917732777,-0.12983116973938,48.99,0
30028.0,-0.457914065555364,0.837903150756679,2.43754562141016,1.68351456870038,-0.420163725033575,0.183205503173929,0.0111944009759355,0.0842643621066256,-0.522220794106959,0.209475738708025,-0.764850695469313,0.515631477000542,1.37521788455568,-0.806948806297276,-0.261578105288153,0.231154396448032,-0.141531235879319,-0.320258985308786,0.249954535607057,0.100797748962056,0.0417213406598297,0.27144682403662,0.0090611277478836,0.480120274450226,-0.817599277201164,0.863992897242267,0.0020064437696798,0.179520817978835,11.72,0
65291.0,-0.345850209040021,1.15367309888948,1.29898923303629,0.0603885726440884,0.0560021761983891,-0.969428002251341,0.751053361525575,-0.0979183930015957,-0.459156042678118,-0.526491085148446,-0.140213438347077,0.140743293441595,0.532898111662417,-0.51147440674661,0.848486478654284,0.363514380651915,-0.0152471671143504,-0.188530730569206,-0.0948648305065703,0.146961060275758,-0.257175632447889,-0.655335986622278,-0.0126055891910969,0.345246704147327,-0.145402458459638,0.07036526065075,0.247300726091086,0.0994066963687579,6.28,0
87111.0,1.98681020754641,-0.351825075150385,-0.642932934767512,0.427415470003584,-0.383678033458052,0.224329158007874,-1.08636861145306,0.263560263677576,1.42789269003161,-0.406098446758168,-1.15180966487142,-0.747834734656484,-0.486738700061573,-1.37080560151752,1.83633429298748,1.63406017298369,-0.172523204384121,1.3322876276587,-0.710100356942668,-0.133254713594799,0.131677690877745,0.405406376718276,0.193130706288845,-0.0825660405991981,-0.481715146202132,0.319753395218237,0.022315718545502,-0.0037157564296139,16.14,0
30919.0,1.31372070639041,0.313283127436455,-0.295670317492795,0.308368087390158,0.550275477905154,0.212013997945546,0.0174388452015074,-0.0083386840247721,0.0368233363791466,-0.341444498437537,-0.998237378590177,0.167138983405063,1.0325243139265,-0.459039572374858,1.3843939220383,0.567094650323137,-0.269219362960329,-0.362723779031434,-0.0326669830738685,-0.0315114121720255,-0.345849457721278,-0.925384858940045,-0.0205090965472533,-1.35258271535041,0.350113855932623,0.209087663670875,-0.0044744740077149,0.0143202134148144,0.99,0
79847.0,-1.17764493594752,1.3916758499597,1.75740217163253,0.10651937186623,1.03451695476754,1.24578956712036,0.844486348576519,-0.37681000906378,-0.174471745066043,0.951936323948918,0.761486234578797,0.640311689787758,1.38598403113891,-0.65976233197891,1.03646385290795,-0.0544722540100286,-1.06610329938825,0.288769794500921,0.988493884312529,0.245244607663622,-0.185654187800309,-0.252529784544697,-0.395049206969418,-1.35708185929478,0.0929307327060165,-0.58649777681389,-1.49376239926809,-0.888026064556029,5.0,0
26482.0,-1.93333696445194,0.791582570277971,0.456675668778928,-0.450306713385599,1.00211365696655,0.9823597509647,0.340423321587351,0.319272726713576,0.664677776496621,0.870169510835564,-0.443118916958412,0.056790661536481,-0.48311321733513,-0.272720559425029,-0.554006318878081,-0.0096720358927599,-0.579514758791508,0.0638430264623687,0.961619560107522,0.0509041363518289,-0.428652834759276,-0.435434945163869,-0.0906778664225401,-1.68495719034813,0.305512013615037,0.37481976736382,0.51888846174547,0.334723479697237,26.52,0
88216.0,-1.75228643555173,2.27896485419335,0.333518029532759,0.765864433733775,0.861570327991674,-0.117504898695167,0.304733892599866,-3.43647481131447,-0.663267484643206,0.18274641628027,-0.928277918835319,0.33235009643606,0.128053253012141,0.437433577376778,-0.227836640599976,-1.24074076301924,0.512808269092211,-0.401367491536195,0.831680459339691,-0.567703228185683,3.06776054991437,-0.711685360837518,-0.269983842273853,-0.0274865966067917,1.22964339008282,-0.156507536129935,0.328057271427142,0.130963019410074,1.0,0
41498.0,1.34604736765487,-1.12551997286841,-0.0914039547647199,-1.53732418489745,-0.945804262954877,-0.254701092860599,-0.67140627210349,-0.0433056585284967,-2.33940738659032,1.54283513673966,1.21639308475341,-0.266390029083624,0.136484741850959,0.179060888210901,-0.0286810000168604,-0.551544067462643,0.545809939641212,-0.377727362585279,0.0700524913579625,-0.228085059092606,-0.469878913281925,-1.1901214305094,0.130867629786613,-0.373576898461394,0.144654275652742,-0.502336663209479,0.007464717743521,0.0135827728922667,80.75,0
127167.0,-0.279823631138017,0.958657766163991,1.04717910692915,0.976920449163241,0.570415642144081,-0.452965154688327,0.879076976027089,-0.166202560501078,-0.615899419230921,-0.315386750981279,-0.870063863620541,0.330774273400458,0.807439602862855,0.0699471940512181,0.308240639492617,-0.653222899923375,-0.131844922431493,-0.0510315117956575,0.536491661423377,0.067994804984068,0.190475228121938,0.698900999538308,-0.234059187870194,0.0097609448902595,-0.0399561000661846,-0.441794057285066,0.193950514639771,0.168769882492361,17.91,0
72878.0,-0.663649228687589,0.382236990898006,0.586369415995036,-1.45098149498939,-0.802590408790628,-1.48449079644625,0.0737072979466437,0.266852753099212,-1.0816944685146,0.0114135612185357,-0.81268776970996,-0.978904504388471,-1.09913094143615,0.181491185476122,-0.947146129343828,0.752734874906549,0.656016479991129,-1.5106247798479,0.0371089157342427,-0.0157934383607058,0.319355280507397,0.819813746613201,-0.0277126913962194,0.730306242371461,-0.28963544686815,-0.347499013966085,0.263920896568672,0.155013765416956,20.0,0
87329.0,-1.26945533065717,0.0582903548618919,-1.41510579467987,-2.39844470089618,1.4113552448011,-1.86028145812985,0.792772653644259,0.163857173885597,0.110417373328131,-0.956886241473294,-0.0413344438405383,0.323430287992957,-1.43249406552995,1.14352537440927,-1.74669136015724,-0.0864728440018161,-0.633009705908684,-0.0578744657423386,-0.406163453046004,-0.303923694839569,0.292087894454136,0.701259691992968,-0.383958347611045,-0.384885142055909,-0.373865841512361,0.529370962172827,0.117579132434309,0.076106623467475,1.0,0
86969.0,2.03858190118996,-0.08955411837767,-1.20381247011261,0.195219985323175,0.178605072225296,-0.565459170803417,0.0883132225056465,-0.161190559388497,0.241913599909149,0.221415201376897,0.72520740927674,1.24642271767646,0.479406746038521,0.367405233467167,-0.631490197616445,0.128653259477706,-0.652274249962714,-0.386235030809468,0.511135195536199,-0.178484407194994,-0.25281349130724,-0.601019562358839,0.279805146669692,-0.454192386515664,-0.275695009030426,0.206866735466045,-0.069098074057509,-0.0737559039313933,1.98,0
87969.0,-3.06046393846122,2.63712795176976,-1.26835785832034,-2.89483496152968,-0.435468933105941,-1.21307813819792,0.0376774965427838,1.26109507652992,0.635197993831651,0.246674076356466,0.0297151474477086,0.88045324603909,-0.522750069921433,0.940730737910596,-1.12603596956367,0.838213233230111,-0.71748842529751,-0.134739420511731,-0.5453572350629,0.328898996885577,-0.295564691105269,-0.928866838073087,0.0456129630982669,-0.526904726088132,0.291314975668011,0.403653022216034,0.330801184620381,0.328910008803789,1.0,0
158191.0,-1.52024450301467,1.85452081678521,-1.03224847429858,-0.536744566281409,-0.590296389619797,-1.33752965275439,-0.055757197855906,1.07059327317624,-0.216731094850608,-0.48019994886232,-1.25384986420051,0.835307509217262,0.556879590991739,0.855598591541497,-0.520151611178065,0.221391763413683,0.062124236950458,-0.711807468786638,-0.168290703862867,-0.0710746615612029,-0.186047807420154,-0.633836240329213,0.211793829734221,0.0431224693972742,-0.312473285513277,0.150185404182392,0.0909274907561267,0.0108195907179859,10.48,0
79715.0,1.20330912658924,0.0495067074546135,-0.0813412538808983,1.01502127005613,0.380251665782385,0.779733323033289,-0.130934794236064,0.265393927882307,0.272375296672113,0.077277379802464,-0.0626689510761086,0.268578596842479,-1.07464202999913,0.404112609382992,-0.593287321906099,-0.136993627606128,-0.350282934336273,0.0276852415611992,0.368716138658751,-0.210237193865523,-0.139036461702075,-0.244802396457912,-0.206490142083639,-1.17031888517772,0.75261014295454,-0.253682282635999,0.0276953010836768,-0.0084065297153583,8.28,0
58426.0,-1.06717611964811,0.460814612750061,1.04319309217662,-0.0215995521089349,-2.9592059832629,0.892668504278454,0.966932055377765,0.253060688962533,-1.15196420951042,0.326048049411008,0.542211537136021,-0.106542578608066,-0.926727227344172,0.206572301734875,-0.442421829953203,-1.08930790208067,-0.0828670161822689,2.17156763579471,-0.761055223690718,-1.01620823165103,-0.164781776945551,0.186058069676003,-0.0836501956841258,0.51831260299201,0.0030391770804455,-0.308720233045719,-0.16090261216998,-0.186978059620686,358.5,0
146210.0,-1.11038752578861,1.16055459280089,2.11557024827231,0.908208051229866,-0.522073563746601,0.20228579973193,-0.20703420919805,0.647531890306051,-0.236142750786517,-0.595024721053302,-1.05667896238372,0.372888970194183,0.878971866785303,-0.104023470624448,0.980048847946002,0.129598412209553,-0.190403030959992,0.438461758495534,0.383257970140924,0.168361347081367,0.0768592701354783,0.298367205254125,-0.266895341078858,-0.0950600974565402,0.417954314325018,-0.426904236899208,0.262458862286702,0.0767375150199005,17.0,0
114436.0,-1.19144002949612,0.847777191482268,2.16754038117977,4.70572643529534,0.676714824978534,0.683035038729244,0.453099490754248,-0.0954961509582548,-1.16312384510715,1.79997729414414,-1.49311574107924,-0.928729076944556,-0.460365982929461,-0.503503095687522,-0.404257166085926,-0.809288500518641,0.556406377377108,0.029412070254136,1.64496409060244,0.0539779783206696,-0.0807878396947816,0.644595681549326,0.0426163965941052,0.0758655540652582,0.677976261665777,0.703905282973175,0.084283710668289,-0.196728551362189,0.0,0
90543.0,-0.225212987656372,1.01495542552093,-1.57739031694473,-1.39746856874297,3.07260841558591,3.31863813639576,0.309544592241182,0.711642801393561,1.38261434251539,-0.216177127924528,0.793165701252776,-2.58399611844716,1.38715387628481,1.96964400955211,0.168582303100045,-0.576214140275952,0.162699276125289,0.299390079332768,-0.317089821722282,0.122495480787646,0.205124295378157,0.999036813112982,-0.0684762346981576,0.673078535668939,-0.741558458391155,-0.246318618827076,0.469910470286289,0.366197655737428,0.89,0
38000.0,-0.358355687383082,1.79356714828,0.626741227936263,2.94299542440497,-0.513879972783259,0.743552592674621,-1.27875643118255,-3.94517674357858,-1.10466261707474,1.45914102871165,1.39056306916375,0.996646712591952,0.274534160802435,0.713706282534184,0.378026179698976,0.183332840284205,0.0189865086746241,0.476155055436424,0.543403439155716,-0.72495895478049,4.01842566974847,-0.686647214922127,0.4751708420233,0.497922268339437,0.0815841706214225,0.237355425170835,0.407819468663134,0.328747595645256,9.42,0
60191.0,-3.13189654564187,0.395510443788117,0.372021225754285,-2.11067176336078,-1.0731048389582,1.63883471506624,-2.05098892589351,-4.62516936302564,0.669454804645403,-3.01134257360317,-1.71891198888809,0.721866874449165,0.292438445911684,0.709252701563247,1.7727109852588,1.01791967893664,-0.673606500411245,0.860427203160031,-0.815675059746208,0.888365697301397,-2.40338975858529,1.51915909837061,-0.563549063996669,-1.25907999210555,0.524374984886598,-0.564859999380165,0.60867335358166,-0.28998784409051,250.0,0
42226.0,-0.211690518696224,0.556751932937823,0.958534686023997,-0.640681663764481,0.206865118617013,-0.632719977527744,0.655832671307952,0.0589366547616765,-0.329028768278391,-0.395460677801573,0.701119353214048,0.219584670168176,-0.8410260569175,0.502962140197303,-0.365579772089078,0.843857885416176,-1.06300578352096,0.189104126989067,-0.291995541874227,-0.157406219301517,-0.126066604894329,-0.556533020893514,0.321821542977992,-0.045026452282422,-1.40403496131055,-0.25020154728076,0.158927647676598,0.222483930412826,27.73,0
34417.0,-1.5486853951542,-0.0027279095392728,1.02914092025421,0.155531978249698,1.37528326981834,-0.806485845533238,0.848184970387181,-0.270170475108548,-0.603751418183388,-0.548467508045785,-1.10947816479292,0.411366888863149,1.50610194129405,-0.107329133741896,0.31354061544117,0.40428314615943,-1.05396873001168,0.041652387212577,-0.495640071421521,-0.143822751249975,0.0419175244311014,0.199360158423597,-0.447603050344795,-0.383443495983581,0.458913725180577,-0.424931107166155,0.12477723270911,0.0536753132899622,129.9,0
143016.0,1.83843308167219,-0.141788277217779,-2.46742168748195,0.631240054620965,0.634053021324355,-0.434652789163669,0.13441074317098,0.0374999125309595,0.880983512968835,-0.899630180997985,0.744265003494311,-0.321603573752681,-2.10418812553298,-1.53919240989497,-0.553387420829413,0.430069360033272,1.41973038674039,1.25255025563999,0.263335988445472,-0.090811933859785,-0.119710015029836,-0.391957737957213,-0.0041552831516164,0.0665130057629275,0.114345659169309,-0.321458843191581,-0.0165819952900561,-0.0031598449269785,92.76,0
34233.0,0.914167814010153,-0.255413804961082,1.21592612985018,1.20953141538295,-0.866665749310586,0.264589848152103,-0.586705702124882,0.287999681604979,0.198036940666817,0.0920316586509573,1.64141186799637,0.987545689276152,-0.031552660218318,0.236523671858476,0.960664038427613,0.534580382293724,-0.599416211867856,0.336550735554108,-0.875063209518808,0.0197252474929336,0.245909908661641,0.550459334679165,-0.0365886512809182,0.21351719778657,0.175235128523001,-0.369925254979616,0.0588659586328935,0.0434070460618088,90.0,0
72717.0,-0.483651039645657,1.21147791667993,0.424404077036288,-0.0350381803919663,0.869049499042378,-0.0970010369061858,0.758288104309011,0.265713532590817,-0.735936756330758,-0.703627033048579,1.92360658340094,0.0354036015607571,-1.10194051557228,-0.704910983192773,0.558278993385162,-0.0325875823495426,1.1713612357781,0.0121223369525695,-0.626596684594018,-0.0016037478347603,0.0383091713021854,0.25871704684134,-0.108609529069749,-0.403252811774176,-0.473501009960605,0.317286656696601,0.380475580569259,0.220984516650576,0.76,0
152791.0,2.06346514641793,-0.0436034691566517,-1.05890274052965,0.417364142045081,-0.143225121737259,-1.21830401197343,0.186884594845583,-0.338025362082959,0.533921896332759,0.0723299902752148,-0.725156077829404,0.466481391890707,0.109256765688662,0.26640823860923,0.0340936671171229,-0.110120231182377,-0.28753724255782,-0.878489032396438,0.142737979475437,-0.223534859296143,-0.28869000413248,-0.693127394479074,0.341551987595421,0.0475486950255091,-0.297653450523388,0.195321928456493,-0.0702435755021087,-0.0599033290867313,0.89,0
38837.0,1.35460117169731,-1.74207689268273,1.51789464140516,-0.736125600897217,-2.55709442925194,0.158459973841559,-1.92616012639282,0.272301933738712,-0.0653630423712863,1.04763821190863,-1.76588684507461,-1.10231806900159,-1.33604158885985,-1.2807819262665,-1.91161679461666,-1.15357646482928,1.45138144814299,-0.12161226578478,0.472541067342573,-0.421465969435081,-0.365990062994539,-0.323672515603838,0.0154106016649379,0.363919921807594,0.317657808779137,-0.121674015086473,0.0918874281540409,0.031890372611303,38.08,0
153935.0,-1.96089808254397,-1.12167799317907,1.43181540759392,1.21216908263852,0.579059118445227,-0.331184971613314,0.901657307242999,0.0346307416523975,0.0380090203112013,-0.979061905980041,-1.69584707980409,0.0206158293065456,-0.292678358306107,-0.309542703060677,-1.37715934815755,-0.895261313973763,0.158224192760964,0.195762707343913,0.22103344202697,0.825562766263616,0.514581679753641,0.9935688666391,0.144484722064159,0.0483857750481195,1.38758123577403,-0.0686192092549887,-0.0579992324079822,0.0983377811532137,287.45,0
140781.0,2.071585509321,-0.016776281388055,-1.11588192122872,0.377105386238881,-0.0237947659611732,-1.11619914196184,0.219878627632274,-0.356990670146714,0.468358209013134,0.0570127784328592,-0.779358917367797,0.682171674574215,0.639458785266048,0.157402395204811,-0.0093873531686418,-0.0878447346014622,-0.373074204040835,-0.88875352228539,0.197767785940148,-0.18282829526185,-0.292174190971429,-0.681675646448874,0.314692319147243,-0.0952880941708189,-0.260393513489366,0.203159040517479,-0.0674829670946336,-0.060116358636944,2.58,0
112444.0,-0.905458895666512,1.15921656611548,-0.969707312590045,-1.12373356882006,1.12568586467634,-1.71496432815405,2.01713643001641,-0.740348517382186,0.28354480765459,0.641616019777701,-0.612524599800385,0.051982398684529,0.110555449209145,0.219592820840266,-0.0643184745989168,-0.85385753107313,-0.510489370016392,-0.59863639494236,-0.287273783888543,0.336394836781237,0.0811709903282714,0.933377872936403,-0.219375784569369,0.0478558895082333,-0.157407777924011,0.0775383685322857,0.530866860088598,0.385308920078337,60.0,0
99372.0,-0.189639327714638,1.17688785455065,0.320463126806375,-0.451567628272467,0.549708471756064,-1.05864454507069,0.93939561796488,-0.312942956548508,1.33127840328689,-0.490799531700257,0.109093717050004,-2.00300783660705,2.36736465639383,1.33284119669362,-1.19716181970769,-0.158354035011171,0.252287216239912,-0.558166932833193,-0.297909702085421,0.0905332393525212,-0.437960296447123,-0.734431855466747,0.0737377085388033,-0.0761756422523782,-0.429056337634485,0.105928528416191,0.332568616200339,0.153957910245958,3.58,0
133417.0,1.62936574458001,-1.49718415587431,-0.672930794811595,-0.61607307735125,-0.869219368493927,0.440013184444369,-0.755098563525414,0.248890718779466,1.95135957352396,-0.504195211639715,0.073589360799198,0.952916565308411,-0.661209345721556,-0.206958516788151,-0.882425476249384,0.0959475593936326,-0.374109205981248,0.217467029070613,1.11820617242282,0.210018514912184,-0.134935339739839,-0.578113943026362,0.171264401224575,0.309619735183449,-0.578148064223206,0.360334702883004,-0.0652403210760849,-0.0223267229412364,200.0,0
53260.0,-1.79273194946623,1.35705150469857,0.523436998870082,0.735860511005598,0.467000215254563,1.36316625670411,0.796229903080624,0.0432470805578455,0.229605489633597,1.16304588019136,0.0147267324796191,0.282160978209231,-0.0829701219785013,-0.260495371415361,-0.197246345994534,-0.705652963503658,-0.189278541668134,0.166564151203673,1.56029420895119,0.0341682165800369,-0.175916843952595,0.0579450013326466,-0.448434254584633,-1.28213863553745,0.287373250994847,-0.227875440126963,-0.692629945185067,-0.272468742458127,82.26,0
59601.0,-0.740738670207963,0.818042861872324,2.21248147472561,-0.121272608960163,0.276280101289848,-0.0733851186207867,0.941151255516141,-0.0347541906410501,-0.532448543064334,-0.388475400669111,0.748309717442079,-0.0607828772006899,-0.902686088080966,0.197359812268686,-0.0555930385302869,0.776650352896901,-1.20746335056766,0.680042179287912,-0.566569961050849,-0.0190679673483236,-0.0418257420165213,-0.159079901704738,-0.297908088917297,-0.0553879883541379,0.397190451228747,-0.590573346847398,-0.133488395542553,-0.163652699992599,36.0,0
155398.0,-0.474554391207845,-0.005275397273956,2.34357449366939,1.27930879016544,-1.07918622552156,1.87123823123036,-0.560898283243619,0.656313165845904,1.36237698909184,-0.395104244049235,-0.453827884435371,0.476877014417081,-1.15383269378783,-0.924271426390808,-1.93649258288894,-0.407447682233449,0.0578089902542801,1.12525683107395,1.15169527569302,-0.108544947245228,0.272100904314563,1.22051232897841,-0.0855920000343205,0.781571655126912,-0.677271704504951,-0.44026974316019,0.245485498816997,0.192607566318857,100.0,0
39767.0,1.09809101957083,-0.186342274686283,0.12250255543997,-0.0996595950419364,-0.16155563335078,-0.132487558364082,-0.0056944915091853,0.0189533112824653,-0.187688880907835,-0.0588954803943893,1.49114440361866,1.14792363250433,0.524309039562468,0.395042201571074,0.535284178057713,0.23729081719268,-0.401679106986891,-0.552518296646394,0.1270170353257,0.0857107849682655,-0.12501831529726,-0.497049895947794,0.0216891256375756,-0.240596475449237,0.106755820092903,0.83838901924739,-0.0828403317576954,0.0012835029009397,71.96,0
70709.0,-3.56866996586254,2.86120100598033,-0.801006442951165,-1.46293708566179,-1.8191708358494,-1.26739347344409,-1.00488781605711,1.4816877157804,0.475889663206684,0.698715328887106,0.716246130465404,0.60124107306233,-1.38250283892065,1.23972034607636,-0.21057499509873,0.987833392234451,-0.141396091490748,0.194118429049669,-0.578592498515159,-0.243683249479091,0.250986806097313,-0.24651332876807,0.268207793112515,0.508558191755423,-0.192844969396154,0.632336771591647,-1.40304574887697,1.10676770080642e-06,2.26,0
42589.0,-4.97422437964508,-1.74827546905613,0.0324384078818077,0.608317343424271,-0.759662213220714,-0.729123045322347,-0.181148279016513,0.841041896184743,0.634343775655333,-0.71824443583559,0.225720135650564,1.147156875181,-0.79969966305708,0.304159083174738,-2.20769782449692,0.846543107192258,-0.461809233492309,0.193695677706367,-1.27360718539671,-1.34567779485107,-0.0016883597343383,0.24176697906844,-0.802290583986433,0.641354311049104,-0.0627820996500071,-0.798645510398243,-1.24423167713562,0.264537826324478,106.07,0
49280.0,-0.59175417260515,0.780689566709976,0.297906246417162,0.856034252999924,-0.953782691107481,0.350211062112295,1.57583609674996,-0.0228820144487769,-0.822632800767729,-0.0845789453976346,0.919064922902168,0.576878247215761,0.282141602707938,0.497876053989044,0.365731239945794,0.152846923321903,-0.578318646192214,0.704497579290964,0.740666834907481,-0.0161987629350924,0.147788585102816,0.527208055670388,0.122580549123607,0.0176057540961491,-0.0905942959472946,-0.358691477572172,-0.225167921477803,-0.331830806289291,278.2,0
45559.0,-1.240439451701,1.2875813010676,0.615919349950911,-0.72317554080713,-0.233681393923786,-0.137418338665191,-0.061011042809059,0.897916098233611,-0.548851969302596,-1.09301801915123,0.0115305056648327,1.26853488219622,0.546585856400432,0.436009726796608,-1.53617619908002,0.394581227061522,-0.336663751658381,0.0702592588885864,0.468512213336863,-0.299641693645155,-0.0243717800952956,-0.25957336983642,-0.120889093578447,-0.295106332731304,-0.0825818966192804,0.347099167369242,-0.325252885966588,-0.0270853680393719,4.0,0
110996.0,-0.452075053259146,0.734243798377979,2.06032349444056,-0.273098812926127,0.387304889032008,0.0683026473299139,0.495118919915068,-0.185962745007485,1.68284824424001,-1.12004617524393,-0.54762504190525,-3.27343727245118,1.00865881158438,1.36202185775645,0.741747345126996,-0.0176062210203622,0.0685643630961107,0.865655885333464,0.827994697182053,0.0540805287584603,-0.362769109406902,-0.637680325449427,-0.367079719745741,-0.84184654488535,0.342142292575338,-0.680924607245114,-0.0889903731296755,-0.15440872538815,11.27,0
37588.0,1.16221823740997,0.356941459380724,0.353825110577273,2.42598758468833,-0.106533371047962,-0.299243283692487,0.0724234982537432,-0.0236852021497858,-0.465563099720249,0.731584098869309,-1.2797275277221,-1.11423694811965,-1.42051549098878,0.566611236584687,0.706735734415799,0.873916834064259,-0.715416996931369,0.162225614410924,-0.867098769027376,-0.166712858057035,0.0224710155493496,-0.100918403611487,-0.142786306961231,-0.159030458162201,0.561004823972677,0.100918014870765,-0.0287021062753431,0.0183438855070223,37.88,0
54592.0,1.12637960624366,-0.573909900544889,-0.230126231388791,0.0315273779191443,0.0448499163122348,0.739617824478001,-0.227464299996467,0.0754826797179587,-1.36817251778447,0.847186054251629,0.2898155656466,0.732822386769129,1.3110405913491,0.227380230450272,0.406537506484773,-1.07108246640986,-0.70950783721187,1.42822868483619,-0.651893223329004,-0.228201877575707,-0.469374572589877,-1.10350194373238,-0.130715296446727,-1.3952913513935,0.410363015839319,-0.479944136571477,0.0388813426320602,0.0264560338106444,123.58,0
162473.0,-0.314797313209525,1.24832542154472,-0.815471360190246,-0.67129230034202,0.96485281019475,0.28931512128187,-0.340878867245959,-2.52204629164126,-0.579038307852044,-1.3461278638917,0.541618713075584,0.42890657888597,-0.760904914493618,-0.29197366809881,-0.896005437345906,0.775775545700429,0.209888144148625,0.424303227155059,-0.0018544597167645,0.484550828480997,-1.52272366879401,-0.386636412376211,0.271461106922292,0.0862800954860691,-0.567186248996084,0.0903035983806106,-0.0542208466134197,0.0401153597411453,7.63,0
67097.0,1.48471136899566,-0.429009302932435,-0.67906597806477,-1.03639371116413,-0.0825291578480564,-0.433709082415856,-0.20662047327413,-0.145286905403091,-1.21242272868162,0.879796504325067,0.291790273882408,-0.733604237628218,-0.553471604846597,0.399544366427875,-0.10583104317189,1.30024401630057,-0.221459073370178,-0.628311489408075,1.36923469750016,0.0654793664524715,0.157120611544032,0.3170528721119,-0.312898220650218,-0.816329297357373,0.891104503777095,-0.0273559948733777,-0.0395837479263723,-0.0215800508767962,15.0,0
48571.0,1.31849220811747,-0.847200682427111,1.24933407899306,-0.559316762145304,-1.75004018510448,-0.326864622030464,-1.3325062655984,0.203222198809772,-0.208361042392785,0.712371687488767,1.13946565275008,-0.272441776936477,-0.943036697560278,-0.296521133204621,-0.242546349926804,1.36826540456719,0.196224873006202,-0.470279316915221,0.682022628470665,-0.0104630285558245,0.354508173797545,1.03309552456756,-0.0692655294968809,0.558255567910447,0.367074900955376,-0.0716930101598656,0.0414153059406327,0.0134169997130208,0.0,0
120765.0,-1.02495248950669,0.887541213319296,0.646733772982781,-0.078141064869676,1.15798151444254,-0.395982169473226,0.546886654896763,0.145086259677717,-0.611166716730648,-0.495528310127332,1.11235933811037,-0.270434500578225,-1.37272715675659,-0.469711718564816,0.116491605125737,-0.0314024197590133,0.833090499485933,0.468861602879427,1.34543135879167,0.12006145635284,-0.354239371671333,-0.978981319753834,-0.310774310019048,0.603153765310982,0.314730381874956,0.46521364325675,0.15604969337612,0.107032889901663,4.99,0
46339.0,0.711764676136201,-1.61209202186801,-0.194442911656791,-0.305502403510102,-1.29082256232066,-0.791318024333151,0.0306766260124494,-0.210103822245825,-0.961248498400229,0.614148271970014,1.2706968349349,-0.105658225645769,-0.782127827535008,0.230485981642899,-0.826035393347149,0.739369965632086,0.49724384095396,-1.07724481898141,0.923312578588972,0.694101490262004,0.412833888282858,0.402433486626712,-0.44219897220388,0.584936781622491,0.582024496998778,-0.128760720155438,-0.0816424461122118,0.0532773117212394,350.0,0
159395.0,1.99977491334712,-0.383788821830574,-0.464813177712261,0.366304500200218,-0.419982227246799,-0.070944510225357,-0.624941619723333,0.0154267565408143,1.39385542174352,-0.18758128787297,-1.10246846660207,0.646962398788282,0.680722914301933,-0.326354192938498,0.477324170276351,0.136308446703225,-0.625386641671191,0.23658235351121,-0.147943726684352,-0.151802608319172,0.1805445292307,0.765637716943136,0.123501280816476,0.61431148281182,-0.0335921785237842,-0.238363105180601,0.0398317044625458,-0.0301875813647367,9.99,0
62171.0,1.20757272788667,-0.233257905773759,0.875703990184377,0.591271523825328,-0.683082026738533,0.167151134451297,-0.593593900093884,0.0896866951255598,0.929862268671942,-0.275914415130727,-1.38999575360265,0.414500642331188,0.668288031287252,-0.553164451710836,0.219960416695226,0.393534448288624,-0.491786680825752,-0.0416759781086864,0.299191812578425,0.0015919870239922,-0.133669256788931,-0.208382807557502,-0.0906620968565364,-0.399426109330778,0.351838505412187,0.471014363860194,0.0071993451544285,0.0214845737524408,28.5,0
57184.0,1.14071473958518,0.131176014316149,0.332821084340608,1.22561505014502,-0.283888130257355,-0.426895149534965,-0.0002623593783326,0.0057144892837543,0.173954554857748,0.0473919674409921,-0.415912583931131,-0.427265371321571,-1.25805142679249,0.616990515009303,1.33289083224905,-0.079403067323999,-0.120376990321603,-0.355953672209688,-0.832700479209095,-0.20357488810587,0.098556908610546,0.248822434667296,-0.0864433499212461,0.0567255603366736,0.54827426793774,-0.24976889052953,0.0215119510334337,0.020389021321016,29.74,0
56052.0,1.23478684907695,-0.0612275175006387,0.892719491623834,1.07903167196096,-0.642366073556648,0.147706413012404,-0.637683755146034,0.17996471202987,0.977142533320138,-0.113387589974004,-1.58846137622888,-0.440659217944069,-0.807506098391511,-0.086379256295336,0.798593496235556,0.564250498745674,-0.650242744965728,0.472691465531718,-0.0391790230987499,-0.182002879001326,-0.0773744825927681,-0.103959134335749,-0.0899525746084869,-0.489646932536784,0.469018014068299,-0.343560221315761,0.0626400245689391,0.0269752627142555,1.18,0
128802.0,2.2851162463322,-1.66789863346922,-2.02329030904018,-2.5973902443622,0.949081079665167,3.61095807708693,-1.90285501490692,0.895140250963713,-1.19991970921767,1.57362373538046,-0.242311586137507,-0.703869679617599,0.381398263413041,-0.367280007666704,0.336048049595001,-0.520381712407749,0.352065460358655,-0.127555415871571,-0.342243964133515,-0.376407434827358,-0.151465797485691,0.0088870458180219,0.307961779251223,0.68341017777018,-0.239638237824057,-0.154516845824211,0.0485217731530016,-0.0526544780209042,4.8,0
59040.0,-1.35560278457658,0.19469983304423,1.22479481568589,-1.70041439911132,-0.742589596593021,-1.00751193453178,-0.239930046621611,0.381913584217265,-1.18658603589507,-0.0952321749315993,-0.409168457556938,-1.49498608163363,-1.75694109964834,0.397889694882489,0.461101607058719,1.10955072560109,0.61691926332516,-1.63986341474089,-0.597629603349053,-0.327495439285636,0.305715639444534,0.46890259883026,-0.278648303119024,0.387535194970391,0.0175553035488105,-0.37242385164015,-0.256237137171033,-0.0666140334165164,24.0,0
51432.0,1.2373353133602,0.700652822822674,-0.352052531367023,1.35483734736489,0.0537346099233937,-1.25262459813397,0.28881887489636,-0.226006780438916,-0.0389481839934413,-0.671483095402601,0.0661634794900709,-0.298211612273467,-0.40311474501546,-1.26783607719317,1.1270757595416,0.612358919110565,0.914171247936377,0.634554132585911,-0.623271681836431,-0.120041740131553,-0.0716603457937399,-0.150091257136883,-0.119422528366451,0.242735597625665,0.679463776605621,-0.32625689012757,0.0330025021107066,0.0567663229691992,1.0,0
149112.0,-0.96942231082493,0.0817396391105041,0.393916925573367,-0.469546816116054,0.765530215280031,-1.26862650455398,0.64897507099461,-0.2146027334771,0.276522625438234,-0.27135210189032,-1.16789141137469,-0.797524056499629,-1.66618344906389,0.351363361258366,-0.0394089085224229,-0.0318979401840921,-0.294059015295123,-0.629037557085291,-0.0461992190165309,-0.389491833735597,-0.268538419003597,-0.852719607811315,0.197994777162786,-0.136327010219701,-0.0571996400435736,0.185621983505063,-0.579492046024005,0.243393022471783,1.98,0
67034.0,-1.45281244846367,-0.560768863450795,1.410185529395,0.646872818799664,-1.38347820906036,1.32600201506415,0.0837462052646493,0.655307965551647,0.167587091698278,0.0314850858129351,1.57733832687479,0.391246542327452,-0.305250279941926,0.0879752954875735,1.87795024333303,0.212961857552985,-0.0024378232210773,0.390825925213071,0.0264259938912873,0.0075849659728618,0.295466756279718,1.3355156093061,0.920508813282403,-0.248346844051289,-0.502186211402436,0.702363600810439,0.128856639248165,-0.35412790683987,268.8,0
48392.0,-0.926516935750998,0.707486528215987,0.283368624389012,-1.76697901438053,0.983965068733453,0.489974016708267,0.787559843049007,0.317793219871846,-0.549093153216732,-0.715292165561079,-0.0331340055255418,0.421114173765923,0.357288121616947,0.381196277266082,-0.119401490741941,0.846432012375257,-1.10202885515175,-0.348743423062275,0.235101933539523,-0.0950254358900871,-0.436491806390125,-1.4083140871539,0.0098257443286364,-1.72377067546574,-0.561674703100151,0.400664536870772,-0.389382043006196,-0.205969674264995,53.9,0
65156.0,1.13491033919852,0.224390433917713,0.779909053889473,0.936985979887161,-0.280685426496501,0.0389139362163787,-0.239523015423111,0.157355952435812,-0.131907584862617,0.0787356799257375,1.65038965500218,1.25583536683236,0.377406360265778,0.373502990522802,0.676355045287727,0.258923124132755,-0.544459480252211,-0.195750361202706,-0.437335889889148,-0.137161509888678,-0.111060045262481,-0.29620053535289,0.128767957891427,-0.021375217797549,0.211048141674486,-0.61127799014078,0.0532803466706985,0.0209960730236756,0.12,0
73274.0,-0.160762520993314,0.885198490302364,0.955800406867035,-0.0804824979627389,0.604597082811086,-0.50409991706835,0.771542789959251,-0.0706845342788443,-0.269231689037794,-0.563721054519922,-1.35114478636792,-0.225076525001017,0.174070665435503,0.0986204522519891,0.364991846017472,0.618821205837499,-1.08302405773058,0.165330193570926,-0.714510506889046,-0.168871028287574,-0.0101760319086113,-0.0638988436539326,-0.183409918591638,-0.489069189334459,-0.0096700403760516,-0.605418901362519,0.0560157184450233,0.0379415480373766,2.5,0
26096.0,-4.25465236710693,4.61225690296579,-0.286958982436931,-0.951340158760394,0.97993085592598,-0.953636207525659,3.11451868840153,-2.52346820718137,5.57083747375426,10.5795267958491,3.13835342298423,0.331659611779462,0.395814655845375,-3.72147535087896,0.572740001797821,-2.00068662143478,-1.83051859255,-0.522982106362761,-0.131315309670066,4.26115692747437,-1.12426803439189,0.597059072438812,-0.133162073200806,0.470765832011011,0.230323287336829,-0.678818100960735,1.08562205152174,-0.94080482213928,1.79,0
144591.0,-2.87709709572129,1.16304654215983,-0.756572033618691,-3.05727236508933,-2.01178438226788,-0.491295322582459,-1.81139074712822,2.06454968208574,-2.9050361871024,0.106194864310528,-0.672933259378622,-0.173105338775286,-0.0182593383765141,1.15242635387154,-1.51816217177584,0.409837152086161,0.785018295178969,0.712226309323655,-0.309766206413287,-0.916781830059231,0.0568652762369053,-0.204637695578782,-0.222749580126239,-0.588087967341508,0.83639085406403,-0.125075234247502,-0.864956816339162,-0.302020809533857,15.0,0
48471.0,0.121101257128579,-2.16656999761339,0.6339497657391,0.62635321882631,-1.84755431678003,-0.0139273768986403,-0.0983838892413119,0.0959968471182025,0.997555446067799,-0.507266584726743,0.951071229239548,0.903685401232651,-0.899352216524638,-0.0565485791767005,-0.858795773671589,0.126211771739466,0.0330701825692859,0.0021996285524724,0.512922429224941,0.960006797139913,0.145354611136296,-0.612955889385586,-0.368070297320366,0.613908526639966,-0.146266819310945,0.858496236961627,-0.143687289866961,0.0973964473113394,542.83,0
123466.0,-0.189295785836008,1.04749723757872,-0.319378866559504,-0.355190086245167,1.21515123709642,-1.05380030581491,1.29169442015083,-0.515884681224809,0.0528703025585393,-0.540018029586176,-0.677085279716112,-0.230601390455056,0.507867340896991,-1.16784578460221,0.744769017854652,-0.0859038790100192,0.225269804904385,0.668522868560747,-0.0305784694411698,0.157101818589525,0.238509477850443,1.10101178052892,-0.289068929553213,-0.464888714782115,-0.389008371482299,-0.157406852749439,0.178737030000875,0.0982875173445125,14.5,0
36354.0,1.14756845817666,-1.54068508346319,0.0194052589762152,-1.18859826070308,-1.40046685074546,-0.339064943135906,-0.708399784714742,-0.0418121707346824,-2.00664649530807,1.46530615512857,1.27283255872549,-0.283958235209834,-0.466433346269404,0.0472807265878929,-0.758809529061473,-1.08639644957153,1.0216117632196,-0.23095114256136,-0.135844083680394,-0.126341880565744,-0.0361117087918668,0.049732987149884,-0.163722230379098,0.222364330218841,0.471328306577122,-0.0773418570441,-0.0026880159668559,0.0216450311028304,159.9,0
119151.0,2.21950757216742,-1.32213047392245,-1.61220672896908,-1.97971086144119,-0.102438001949865,0.752010440710635,-1.02757531231452,0.12006342386126,-1.91350189846398,1.70759796146245,1.02913552520175,0.174534409449507,1.15588501375926,-0.0203894642645501,0.206955689327797,-1.14837765667269,0.711141582697556,-0.687768386769635,-0.881075913376634,-0.46782485269046,0.167030598033412,1.09322748428225,0.057712523708946,-1.59457802910245,-0.0416827152015078,0.180480383745027,0.0374324627690257,-0.0873817818642153,10.0,0
121088.0,-5.80114729961685,-2.85742982870437,-0.146829652897644,-3.56628943495853,1.50032334859377,0.52240200839477,1.25850585974248,-1.40964571243898,3.80756622532865,0.613826427861552,1.53884351316146,0.67075897721562,-0.287305236715387,-1.46026138900018,1.64124830356088,-0.603470421935783,-1.22659540317706,-0.535206592932536,-0.439726012442597,-3.86266270717174,-0.759182496418608,1.75584415363317,0.861563242663239,-1.50415386086017,0.543555573040442,-0.936694168185456,-2.10055319676351,0.592576302164128,90.92,0
86417.0,-1.15498375610198,1.52638677566958,0.516362351318459,0.33753294963426,2.11197497327406,1.77171847802087,1.02940215591232,-1.82457257899432,-0.82524465256646,0.394303782300943,1.00545460812403,0.80338149910537,0.278420771154026,0.164467730730649,-0.0960052255117805,-1.86329539822382,0.450365028415836,-1.0489976694252,0.432906417650328,-0.25632895864119,1.60239771518541,0.217349176349665,-0.499499731374219,-1.61633330492397,0.945086417182694,-0.148753315546386,-0.439169178113838,-0.392373478915847,5.77,0
113060.0,2.0829449129841,-0.0176673672265737,-1.45575757540216,0.177862747201755,0.220424867064739,-0.908441981295334,0.174200391453897,-0.301079937227447,0.732544463553989,-0.103128978783793,-0.738350908955528,0.358473851985197,0.198270431987116,0.446195475041522,0.886843486846025,-0.265192523891221,-0.566068382153835,0.102459555161834,-0.176648332599285,-0.217209984523928,0.26461459032824,0.917426094644467,0.0092968268349295,0.760598273151465,0.359931491015871,-0.45332367302295,0.004474027014593,-0.0468207842667082,1.0,0
127160.0,1.83069559879839,-0.574870702908417,-0.591266396031586,0.245394934794993,-0.511498677120281,-0.271701544019294,-0.395452285998999,0.0544169458077571,1.15152124833666,-0.114531019814338,0.506508049228127,0.958297876350649,-0.316786989051876,0.308105042116779,0.0858397746175309,0.37436562785643,-0.892209143035279,0.492518543252516,0.426523015720334,-0.0928475840184025,-0.147381625021117,-0.484311282050128,0.25310014891182,-0.476896429326777,-0.378810001863651,-0.98301195911809,0.0347852093088904,-0.0297995833242152,79.99,0
58879.0,-1.04900105814881,0.905915235595456,1.73656800371052,-0.372617793932445,0.328794190261374,-1.0986333702735,0.848846191709432,-0.121852044471841,-0.50821565491158,-0.928183643237817,-0.340356401707108,-0.318297451775352,-0.307081486733782,-0.393512323270385,0.598575448337322,0.632437417133057,-0.198598086319228,-0.151584347778444,-0.63364358891055,-0.137869582642834,-0.240085568776438,-0.80245204258777,0.0260401661811243,0.31982982687077,0.246547971993482,0.0118906283412085,-0.114801695361989,0.0499669450439831,4.49,0
19554.0,1.18537665935295,-0.359030257776161,1.00109673195494,-0.55716206602117,-1.00885760099101,-0.317193623001225,-0.766207741612304,0.0533738322914589,3.1849808319853,-1.48336145311474,0.636499207792222,-1.97384530438035,1.02849978114621,1.42661399887966,0.848581461142106,-0.736916227973164,0.897767897103961,0.0821069714051241,-0.0053946507713829,-0.21407267418773,-0.134986817316692,0.091518120137234,0.0027026096236985,0.0224809728267887,0.381554137408704,-0.694791259570244,0.077737987490556,0.02617479775033,11.85,0
56414.0,1.32998318355435,-0.671464494771194,0.396237441375995,-0.885278338145086,-0.857443510498752,-0.085591484055864,-0.833764450059859,0.198803274316733,-0.776967071791847,0.772573242643225,1.17949985824306,-0.667581987815965,-1.36946981826033,0.34119825622613,0.524949291743101,1.29485985747119,0.222417546136498,-1.24673341770754,0.680781906930116,-0.0259083942313211,-0.0530138629012588,-0.357013085242169,0.123759706579628,-0.36237546543102,0.120101892129429,-0.443175534209619,0.0118651973820479,0.0036576614773552,15.0,0
60382.0,0.844309843772483,-1.36301793664365,0.379273320357614,-1.00796927285432,-1.13887798786149,0.0341593806324535,-0.3756366064762,-0.0586626732439118,2.25065419470242,-1.4927304935611,-1.3901679524764,1.52891346445941,1.4700349110854,-0.955184055055304,-0.323168410452895,-0.916085516258458,0.100388486042461,-0.0496844271141993,1.40386095645605,0.488393520929214,0.0997079052348483,0.326005574169206,-0.484204990990052,-0.303037619171804,0.716938755855786,0.193177695386203,0.0227515367927475,0.0546581437846992,241.0,0
62057.0,0.841018692310382,-1.05511407527969,0.793605496648074,0.147415665363852,-1.05614065912827,0.625868021108642,-0.710208599818218,0.387427886998754,1.12606617113028,-0.365782494026381,0.631695161574687,0.615138233928913,-1.23384687826158,-0.0775376443130687,-0.576860322970903,-0.0438253823398967,0.125621861006978,-0.307238355799244,0.477896370528901,0.159338549200173,-0.0936755696641811,-0.427497650252743,-0.0686216434999152,-0.245805119100277,-0.0212677414268912,0.961809362113544,-0.0592605493991823,0.0225810712931961,167.24,0
81404.0,0.956455384965944,-0.732972369363889,0.995880232622915,0.286527743639423,-1.09494169433107,0.130273895390245,-0.565572814810614,0.148560544071799,1.14668620493427,-0.555443220027377,-0.523457666844218,0.813765337098783,0.252834087920227,-0.557709877601514,-0.0676802145606743,-0.411382852909763,0.41044129879553,-1.09996570407173,0.0702839811885415,0.131980256594356,-0.136561769895792,-0.333378691530195,0.0099598394669876,0.174182556027745,0.0326576309003564,0.959200687057303,-0.0361625057745389,0.0307188681976354,118.28,0
133633.0,0.181377390765997,1.0119785202047,-0.662457547116236,-0.692585233986474,1.23173894451514,-0.401794897927456,0.952234179863269,-0.0457946242565683,-0.0053105710883546,-0.84244321213597,-1.18938919420294,-0.309523343819515,0.0914864130901959,-1.0446245652195,-0.14533060281184,0.452228755450844,0.201476394078808,-0.103174459974402,-0.070681778668174,0.0323632164878512,-0.375887754734658,-0.924948829489345,0.0284677805870295,-0.0792363221666013,-0.354919372777575,0.155212755934779,0.224412603181331,0.0775802274363186,4.07,0
119321.0,2.1916419145557,-0.81701342408239,-1.27827849115858,-0.964287377549214,-0.719608711570063,-1.12717883362131,-0.551364580421091,-0.16760923306587,-0.538859690088944,1.09703331978442,0.909119836158459,-0.793010952932835,-1.61512007900933,0.573924765873542,-0.147970348782886,1.07186275491293,0.0826552422139339,-0.718215795276309,0.624490289320117,-0.168301778638894,0.468485059839523,1.29264705716858,0.0233505037216213,0.0321163313851902,0.0945559764344901,0.0561339682021254,-0.0482577889231973,-0.0813780207379236,1.0,0
144352.0,-2.33361301636674,2.95468740350618,-2.87671854552862,1.00625568039371,-0.107648540143265,-0.301596553198536,-0.405581478836991,1.97677661853378,-1.41425901393898,-1.12083019877124,-0.144053476013505,0.48715038704926,-0.845378899784888,0.740536800643311,-0.860423362412951,0.220136277158102,1.79618228547491,1.20654900583989,0.971243201572992,-0.551469144780028,0.307420742223997,0.301388217957731,-0.0556344694643183,0.154580119725327,0.109486459623545,-0.438030344807674,-0.694467895144095,-0.0887931920364522,32.77,0
128286.0,1.85797857185682,-1.1356033143507,-1.27854013728363,-0.443250909160258,-0.992440516719834,-0.988763702364522,-0.681643131414977,-0.206177483558841,0.0565750626458678,0.0135839150401601,-0.466403948123944,-0.79918651059345,0.227935664332586,-2.08186173927316,0.359220328341615,1.72521612618784,1.32764232033663,-0.37545790298047,0.208107024273396,0.34100938180362,0.320778226244063,0.680495666371521,-0.0465582251043157,-0.200641192893811,-0.185576524298461,-0.096837347194113,0.0004735605045479,0.0134180169718885,169.0,0
134766.0,-1.70925733115432,-0.259142277810987,0.945199662653035,-0.325734580499233,-1.54107256026544,0.766307646935632,1.56496797277056,0.525761626971745,-0.45005943530326,-1.41885570450605,0.215874688446395,0.0319555761194507,-0.812822514341355,0.705062871261089,0.428856435815596,0.667467717748007,-0.674532891436566,1.0858908278265,0.656743319291338,0.833267680476627,0.188617011300964,-0.463530113753029,0.809443698098497,-0.525198631744212,0.483892650918401,-0.413630158583179,-0.219909253530911,0.0299417258981751,460.0,0
136641.0,2.08842555837314,0.219693413124716,-1.81243969416666,0.32667645717001,0.695722613411985,-0.592273101445832,0.238727305197471,-0.252901487681307,0.348383198544007,-0.418388046659768,-0.609244410671268,0.644820232976198,1.20707236340735,-1.07470027899037,0.155535719718747,0.297326450744702,0.35439993358998,-0.429104522881989,0.0907613555965313,-0.0817308483972293,-0.366499607272126,-0.888972858764207,0.294784112218696,0.203290178274148,-0.194792816122427,0.192383755036733,-0.0528324318025731,-0.0317818994696774,1.98,0
33790.0,1.21440966105631,0.066744560028925,-0.72000703732337,-0.0024414916145147,0.896660587311606,0.555393358916598,0.319451404992326,0.0230531597250109,-0.430695350149974,0.0289350512408996,0.271993368498201,0.812888849065079,0.844776749066501,0.494194096329355,0.378053728368998,0.412908735790835,-0.88281950926675,-0.335267039721326,0.669340811697768,0.0814150649678554,-0.378176507290452,-1.21090491486805,-0.104931548138527,-1.70371328904623,0.414028554524443,0.250173335468931,-0.0597734190999071,-0.0109102043247931,60.9,0
88271.0,2.01329432819096,0.0437235093403827,-1.74132597621859,1.2267445911916,0.442899626602108,-0.770276907715663,0.425987069908296,-0.173705031976033,0.244163711163883,0.489401181732423,0.0761050765779985,-0.0916200326274873,-2.12886789214156,1.07227342290961,-1.04098256297206,-0.304690206591424,-0.444688710447464,0.254116977095809,0.27022459501061,-0.389445228926423,0.0543647812798187,0.252811452662318,-0.039540110309807,-0.380777342946334,0.422898370707951,-0.486209185090667,-0.0343466213168566,-0.0786099292238973,9.89,0
24112.0,1.15825909959563,0.0049817306451942,0.878563045833324,1.0368382610339,-0.690997100703229,-0.337447307355904,-0.386127443150076,-0.0024913596844171,1.74352625495992,-0.404107697204778,1.93978044730428,-1.60609452016342,0.833174968087827,1.56337353804496,-1.76160143189587,-0.198422608321852,0.670605234242991,0.212794392815047,0.20015422113293,-0.191701590909094,-0.198647611603964,-0.159826752013711,-0.0409064233067227,0.527160485047466,0.447001658498771,0.343642888486896,-0.0490496248716136,-0.0027659833334625,11.5,0
70973.0,1.2028691927493,0.200614958410916,0.466086807539137,1.15309383525253,-0.488928967375245,-0.836403026857978,0.0113852664460648,-0.152345253971352,0.209942409925877,0.011313180887324,-0.522094972551352,-0.0626108214454531,-0.395400942399806,0.352811123484423,1.05567996220725,0.16779805085833,-0.452835165061547,0.138543121719996,-0.49063526033241,-0.136814086122265,0.168491735392888,0.508604939566822,-0.166893570051169,0.406109832134282,0.700676063838714,-0.208771580094206,0.0202574510118596,0.0241546718601356,19.01,0
58790.0,-0.731681329628586,0.913948302630286,0.57418082698635,0.264077932034911,-0.226089217795107,-1.00340642162639,0.583355544689383,0.219650309109966,-0.692629548934561,-0.530568683468079,0.104295609301106,0.441409017976207,0.123112260885164,0.597127800119597,0.695918263331046,-0.394555010867827,0.300423343120154,-0.928879591356478,-0.582609260231233,-0.285349144576609,0.147841823433011,0.373647226437129,0.293103623753903,0.632719983039207,-0.299254026266432,0.254089276323874,-0.194437272533348,-0.0683029636514153,41.0,0
139071.0,-0.30189150815071,-5.41717073218117,-4.15497842511532,-0.505542712815794,-1.44091194214289,-0.908189124317748,1.917100514868,-1.01058376420958,-2.29790393498062,1.08305552478549,-1.0252764438374,-0.926223112782284,0.602351573811272,0.559481869618629,-0.478635310843581,-1.20738697702875,0.778640515781853,-0.0752334055605111,-0.407209694819533,2.43721977649765,0.959373404665329,0.0862474523803225,-1.37245011160019,0.797542322147327,0.174940799524856,0.121877035866548,-0.340552636535697,0.163844024952414,1424.65,0
136537.0,-0.0359879385476147,-0.774803174988874,0.796863125119062,-2.13417169090734,-0.954908928002606,-0.718942959616317,-0.109817963202873,-0.148546664104148,-1.97784179149063,0.906705445215239,-1.26578588837257,-1.50319633432597,-0.293042707269288,-0.343438805645085,-0.240927264426363,-0.807379624134738,0.677397620768104,0.115313203779053,0.152139443104644,-0.184025984200029,-0.0310423696005375,0.220558551653048,0.184510769966691,-0.0569377179702903,-0.720938042081839,-0.211807770026862,0.187559522410338,0.202201821418911,79.95,0
117762.0,1.92704341856742,0.456426722223875,-0.855114476975018,3.58643747437775,0.862082085658093,0.924972539234036,-0.0066217898123991,0.136863104414382,-0.948757260744991,1.53043553800502,-0.202238506537271,0.6372368502183,0.43594896380849,0.0360629609043482,-2.20672901040561,0.79987808533628,-1.00587338373347,0.111946544837904,-0.843843752229326,-0.229826219660055,0.0891572891159223,0.407989594580588,0.0382029626568416,0.203120473919243,0.212739674935508,0.0755056869092255,-0.0313796627338939,-0.0590236240818161,0.76,0
61145.0,1.2132637839678,-0.948121427838085,1.20566671850719,-0.527030761810262,-1.70668900205862,-0.274057631557065,-1.19051566610185,0.132105592356153,-0.37144191153127,0.656270650764274,1.31515260401181,0.278182807803854,0.100548102918579,-0.490029122978767,-0.348084305661803,1.32788319607626,0.137967430445475,-0.584744266148659,0.658111128478228,0.168344657781536,0.399534226904746,1.08742612175839,-0.129612245596262,0.602086459991008,0.382333173031165,-0.0815889235475821,0.0376835842510842,0.0253322347720763,55.0,0
142544.0,1.93987322465482,-0.0625960538845598,-0.564473155499022,1.37457888743463,-0.289997421309456,-0.637074448392924,-0.0870513279856772,-0.075293684474214,0.821361814339255,0.156996062402503,-1.06290233197664,0.0419727383335899,-0.905228672726979,0.32411961805523,0.11402443921867,0.0472167473897868,-0.37097412256053,-0.629341548773139,-0.177027395146735,-0.308165573308327,-0.459275901085337,-1.26968181210387,0.471894005741909,-0.213069775587744,-0.444419845658786,-1.15125752756045,0.0313560651829997,-0.0304292825367902,19.0,0
128313.0,0.0612716420497812,0.786600811447388,0.209689078727071,-0.610744347566502,0.371355616888431,-1.07039157176856,0.92287617032544,-0.129000120812613,0.149785992486822,-0.373537877128814,-1.2653321215734,-0.555698546355452,-1.17693846336875,0.344265359883146,-0.25985545154008,0.0062910165276295,-0.392861950465296,-0.552642471672545,-0.0196073006644423,-0.11803331436809,-0.285961828240334,-0.697333151587865,0.059584843900689,-0.150178199622248,-0.511766059290192,0.151571870798369,0.240045595292628,0.0930420970480952,0.89,0
29200.0,0.22298842353964,1.85695058999041,-0.955934736718647,1.37440982643344,1.72793539966978,-1.45140364697257,2.14838827981063,-1.85761382242734,0.991323491957268,1.08493587634034,2.24286493065106,-0.362388495443333,0.672929952065227,-5.32154636799193,1.43146378644471,-0.310936193650387,2.52141689471925,0.513279917586991,-0.931188347503449,0.482022991519712,-0.291445948988952,0.329642815384068,-0.0326906435131843,0.283093090947447,-0.847804482531532,-0.73779472534906,-2.25860807406178,-1.83111634957577,1.79,0
40151.0,-0.983911995929194,0.939176803905986,1.42544326289835,-1.29142300845884,-0.680316906752057,-0.948409386950835,0.074727239411482,0.588176249130863,-0.254308080595621,-0.742522496247533,1.01936181547968,0.156541645048877,-1.40965498593457,0.740265572225209,-0.100793223899572,0.920626742145653,-0.60533149639943,0.282194787465199,-0.468519338425394,-0.171556045004463,0.0060337880803636,-0.156401322020099,0.0010979113862212,0.532016155128217,-0.423521007110654,0.696112690949597,0.121968920466205,0.101723671106178,0.22,0
151565.0,-0.96575801835431,0.726404073436159,-1.00765522719479,-0.290625722891264,-0.189645385820442,-1.24106265715296,0.311676119997162,0.615960405362876,-0.03668199129164,-0.681196058077047,-1.5631410290831,0.0862599824270695,-0.559567669899105,0.816821298525311,-0.646921460718481,0.102527315620462,-0.0203712492666074,-0.553435355443888,0.0200830701005658,-0.334088503014506,-0.123064202095761,-0.437713401081854,0.41393517584122,-0.121489337925025,-0.619873480361546,0.172614284874408,-0.0307204036332718,-0.194532475724543,33.46,0
2084.0,-0.676979715454687,1.11834125570643,2.92414470930928,2.79033602350856,-0.278834928858175,1.38202381524632,-0.231056542917818,0.579679754040378,-1.01182284427681,0.700780867013867,1.05004489300047,0.658933778098552,0.282906718134476,-0.27334662266232,0.0157475639518839,-0.247515125875443,0.258957114819485,0.179526953524837,0.909658233625229,0.291545791547624,0.0129119331726177,0.33628275547765,-0.203817083490214,0.043373310479682,-0.0353123036498879,0.269492822432682,0.388105961528418,0.148601355738608,3.25,0
47774.0,-1.27786785020471,0.143792963407161,0.13006667855893,-0.0435048679702134,-1.37200448833646,-0.817261442106388,1.73501747753924,0.231996420790452,-0.163690557170313,-0.95253569549804,-1.02293146396257,-0.749250906574697,-2.02357395988652,0.781347882685566,-0.525580506345888,0.0003186143436218,0.0559024262481804,-0.236300330443294,-0.694070313353714,0.46310769404572,0.279644118173026,0.205039487294783,0.809668712920647,0.676037343608839,-0.314663984609582,0.26997510428586,0.0968821028014754,0.194993608115156,350.28,0
146791.0,1.94819429684603,-0.374011454950554,-0.0767061634071299,0.603816815027826,-0.953770583973322,-0.856720061218493,-0.518491064345809,-0.166420792019466,1.05199610832863,-0.0171199014610967,-0.44144780602457,1.01855952579138,1.05688635817334,-0.407411397643273,0.170843916888613,0.0980046411344606,-0.366122759808302,-0.25989276656211,-0.437770424773455,-0.128242590233863,0.239102756731121,0.952116791344055,0.165746529500191,0.55348823466001,-0.247918236475183,0.580964922847303,-0.0170501374432153,-0.0410488841479191,17.47,0
67548.0,0.806317299769738,-1.88986616917533,1.15063428545201,-0.0706142807769349,-2.03461929875531,0.469562104796285,-1.2519974739307,0.319699958592891,0.70021654142279,0.192213154739509,-1.06723023284018,-0.863033879670539,-1.4779309142985,-0.831582580410356,-0.672498770212678,0.434083133103221,1.19362927047617,-1.64273721323681,0.536167297842015,0.402753378225115,0.246758431893807,0.413088269249408,-0.222567861996208,0.100093594965319,0.230405198697507,-0.109229427231741,0.0349601116301321,0.0622311801753613,250.0,0
58483.0,1.25217045936609,-0.0119217098405321,0.244767646638166,0.6382892595372,0.0014459818287799,0.351723507417403,-0.201002847843915,0.0629169700343948,0.601420139623185,-0.267274822310549,-1.23420425686273,0.529901242447791,0.528156489426739,-0.307263259534272,-0.13979677876312,-0.4370794651362,0.0370330022991411,-0.798575306773562,0.143054137913194,-0.110146381515266,-0.114002269330945,-0.003849233890437,-0.163590350848561,-0.692599887045419,0.642735373506561,0.519170855087142,0.0036952515279459,-0.0010624351690873,1.0,0
143231.0,-1.51219243951658,-0.290809138578683,-0.895840919333837,-0.135804361994037,1.51394044889824,-1.4464285864082,0.410032172187424,0.109067916242936,-0.0740701572364697,-0.343418310955445,-1.60437744932061,0.273277107739999,1.01508688177466,0.476687832619955,0.493234798349528,-0.0882081085779853,-0.66741118568427,0.392907331314726,0.441969335728426,-0.287061813878811,0.284611427852644,1.37677419713942,1.08902805118982,-0.681551927908949,-0.332223680621011,-0.133199573390296,0.444128124469223,0.103519250009679,1.49,0
38967.0,-1.70281203365301,-0.912016972880405,2.74496947952459,-2.00929458494333,-1.95488315257692,0.382309713180193,-1.36974753902001,0.675680402812589,-1.14376484228387,0.122740068640665,-1.09573990183379,0.0882169511185532,1.02220124059037,-1.61738574653266,-2.13127433590898,-0.953660994113425,1.29328958046511,-0.598846915645976,-1.01865615726662,-0.721103681656672,-0.116878224228523,0.479987130961386,0.107880984618731,0.451676813959311,0.424014101605766,-0.174394076755399,-0.129426999792034,-0.0669773385844991,46.0,0
153547.0,1.8863110592486,2.41240590155319,-4.36864823781261,4.72708519051443,2.48796095120521,-1.91075439843846,1.16968165331678,-0.293231231035819,-2.03780642118852,-1.49958302709912,3.0489726291781,-1.44140724240996,-1.13116100273054,-7.0447502225812,-0.498263899405712,3.30306130522199,5.28435312888456,3.40234418609879,-2.45205354349812,-0.104855055170948,-0.298240866480011,-0.84072704752345,-0.0627210353521951,-0.643941796441985,0.227929243676988,0.0551173635939681,0.0101918618692467,0.101852388549202,0.0,0
132153.0,2.13232341605939,-0.577583352243394,-1.15134363794359,-0.618943681399536,-0.734781416928227,-1.31281284210389,-0.515918552522618,-0.25502835661213,-0.224015531415434,0.215600475555601,-0.27354916968627,-0.599503309770711,0.0167600396560834,-1.4601565689068,0.136600155834726,1.45268044186257,1.19559961567415,-1.38043286675046,0.644243085732867,0.0250425389943834,-0.328470805869183,-1.0026908783642,0.445788846477842,-0.117291581095013,-0.545437439449289,-0.679428383216079,0.0026895536230436,-0.0139391191385376,29.95,0
151211.0,-1.77458307554283,0.558817055191698,1.89358079093271,-0.530227108572901,-0.860943921782831,1.07951152669308,-0.41091253123572,0.551237376416075,1.86995908215361,-0.373502886367967,-1.81127814505052,0.590353086142653,0.196000599810211,-1.54310371602066,-1.82790413050949,-0.32021416134115,0.151323539841693,-0.446187316232246,0.275601850044973,-0.0048040703442707,-0.230623871433392,-0.106468352941456,-0.26060935716335,0.67741721603566,0.586599170249896,0.622361204209156,-0.506814757322505,-0.145726701937117,50.88,0
77946.0,1.22213175116431,-0.512920174477098,0.997531494797567,-0.625260785958111,-1.58229284433966,-1.06862242677293,-0.727698895083963,0.0815907738779337,2.16081172721989,-1.0101389108778,-0.554175925124176,-0.421903610037846,-2.48739684696323,0.346281919868801,1.51045088965198,-0.425533230378905,0.110217975661626,0.374450159242154,0.449228662559128,-0.289395798207183,-0.0183740611000447,0.0786773923787139,0.0333158652147742,0.670235088632741,0.375836482519623,-0.698789246356643,0.0784566028212831,0.03347051789912,1.0,0
117364.0,0.089910861587197,0.742567771295621,0.44363503278209,-0.602679702243746,0.568365319960172,-1.07871284642668,1.28619766889869,-0.458022555953019,0.0239132147694332,-0.225790744049428,-0.745455294139796,0.307055693735713,0.472943777516438,-0.189563731129696,-0.424950827609621,-0.198756945457989,-0.537591470865443,-0.830858022094094,-0.0906859053632154,0.108647757591262,-0.293508144546214,-0.506475163893718,0.071793814879088,0.0507198144823607,-0.492151428289464,0.107121434214388,0.079802323787566,-0.122661244668601,20.7,0
113488.0,2.05579700630039,-0.32666777306077,-2.75204095570008,-0.842316033286871,2.46307225982454,3.17385642307029,-0.432125923987824,0.727706200727824,0.608605870267216,-0.0751861699398929,0.0635044576008839,0.350563573253678,-0.141238322200309,0.690971618395625,1.2752570390935,-0.371962125028419,-0.601956802828445,-0.0526401462570187,-0.330590448442944,-0.180370118559693,0.269764951361357,0.844626646775712,0.0206746676928111,0.726211883811499,0.366624307004913,-0.398827514959463,0.0277351215052822,-0.0602821510762213,1.0,0
65528.0,1.26904804305393,0.0544245114113382,0.0113531488613956,0.348342304834344,-0.073513372894534,-0.234542058959843,-0.0980635892894945,0.0158996214703717,-0.0015150651539788,0.160252323229733,0.485743275007644,0.172216918572482,-0.634083182045992,0.580672007071711,0.439258021482384,0.665133124531148,-0.892377704795528,0.621997633493922,0.354043185918934,-0.104021244681605,0.0345576002220555,0.0612165946358842,-0.187721761113922,-0.473873807036124,0.57237570506667,0.465006909752591,-0.0467598442749568,-0.0081961051298832,10.17,0
140633.0,1.75662440415131,-1.8590398965878,-0.150782623807441,-0.579614695550402,-1.58041244629494,0.479340610400658,-1.41812108801593,0.316299971587851,0.710637838182697,0.621948289230855,0.288964060694162,0.0707856835443023,-0.878798783716442,-0.697230351911418,-1.7012423199104,1.05463924760591,0.364032276672578,-0.881003056293018,1.17188567307532,0.25249233911006,0.143625835732587,0.210190154702797,0.183388013235878,0.764230907236873,-0.472395887303401,-0.370578832298313,0.0039613039926143,-0.0151494575599047,172.0,0
22125.0,-0.614132892344805,-1.17626018891423,2.43478986914348,-2.13692145796988,-1.59968160082779,-0.223276862737314,-1.13098267985892,0.22677096690655,-0.502965315883413,0.543374687885803,1.56481640295096,-3.7038447681254,0.839601335042043,1.00450354314412,-0.829907326232461,0.595764693831976,0.480099623427801,1.7808671791628,-1.16379686510938,-0.188613146744798,0.158216618194681,0.728300673031161,0.200146696847671,0.219746044265508,-0.601375482860693,-0.319254515370938,0.120341637262629,0.16107445986372,99.0,0
63557.0,-2.02716836361072,-0.993780316717616,1.28837146773772,0.184473771183485,1.45390249898133,-1.00395246359162,0.809278721153632,-0.515570323517535,-0.0420560283853332,0.665034673870276,1.17097626246296,0.334946152062948,0.018057061009431,-0.204901375322949,0.235790273286969,0.31605628205123,-1.0349998543426,0.215621826113536,0.666292279810551,-0.545226903468563,-0.46545259517071,0.0326286657606537,1.33959533199771,-0.0104990036589109,-0.142273450879146,0.0960681883871563,0.197466560401239,-0.539249093816017,11.87,0
140080.0,-0.965633806070505,0.642371208686473,-1.18334366737925,-0.984184569382318,1.34797213090628,1.21682592606101,0.0540645179416118,0.893253504014178,0.217092715683779,0.0420901945062108,0.392121722763142,0.512210165767609,-0.937655545693083,0.673951451000029,-0.435904859128457,-0.538725022119255,0.157370130820287,-1.23937080120347,-0.598004299203839,-0.211082337024282,-0.0978191868222218,-0.194315782124236,0.231070114511346,-0.966336622322199,-0.796238655755848,0.226073861860984,-0.0012743082102622,0.142676727040141,10.0,0
124839.0,-0.224131961191204,1.22471337905898,-0.458469498877515,-0.337156829019023,0.219283722327528,-1.31224885581956,0.723239247276671,0.115206803150785,-0.195694411596143,-0.505471058656728,-1.06093112497577,0.152428601164202,0.13087936333159,0.726579855435561,0.407542652222269,-0.328707212905595,-0.305476849031255,0.185290723568494,0.0297973213377059,-0.132423458107268,0.411981545887263,1.33906280397636,-0.0818069669443157,0.0877099567889659,-0.765698027707231,-0.220459205293398,0.386027460500105,0.260387145266434,1.79,0
1161.0,1.27346122558251,-0.505761001905903,-0.245633681390525,-0.787426001355501,-0.40403628125117,-0.586236792390084,-0.121015338446583,-0.158959107067276,-1.47718954169378,0.778886761034365,1.75347418718568,0.355727512257997,0.392660402424079,0.276698604295845,-0.0608840577016875,0.619571538503081,0.415238631518819,-1.59054234567442,0.549689181032903,0.162066967139187,0.301945358383473,0.717332563212836,-0.19301943989588,0.0730855044953905,0.685637165566678,-0.0785737045425635,-0.0224809547279095,-0.0028497859115837,60.0,0
121371.0,1.96892401646872,-0.182569468053458,-0.80374181660292,1.14844921458635,-0.111171105983862,-0.0994108293702813,-0.355897793113878,0.124556974409893,0.732720032081805,0.42155179432601,0.068910025707608,0.0188351280799581,-1.63185507791275,0.629670722112141,-0.233952638628653,0.416267691066632,-0.825142333925824,0.664727138205805,-0.0529910970318321,-0.360249596439534,0.0476002957484616,0.221797001519266,0.121635325396476,-0.622840985196514,-0.0356085210897817,-0.63457224808721,0.0243905706027357,-0.0577131751264562,2.0,0
82363.0,1.24912016434471,-0.0385597205150777,-1.17084528185727,0.270930332297852,2.17920562450903,3.60949403171183,-0.429353185636043,0.84724949762857,0.171592468281001,-0.0216959500047044,-0.542228757442519,0.23643148861569,-0.221508180152189,0.193146316483802,-0.150234145609808,-0.100329543237761,-0.510614313673964,-0.0748218943720006,0.361223028670997,-0.0238134825431471,-0.178978725962149,-0.484692986019302,-0.133082930415885,1.01025418322406,0.890505680014224,-0.327412749749488,0.0239506903870875,0.0137375552581833,15.75,0
137778.0,1.92951263740762,-0.512670613934225,-1.94181508317091,0.35690498072479,0.0920100756269868,-0.897917642740285,0.295684131014428,-0.11946768474703,0.612362580370583,0.346420586253061,-0.0143322361410067,-0.862634520143828,-3.54067114115833,1.30996088939592,-0.733389916457547,-0.218336308179617,-0.170515941378634,0.101328329192764,0.539327720720623,-0.301303654569001,0.0383642979351594,-0.0143928160824541,-0.0224765271989315,-0.415210685473632,0.0983809031020146,0.616914654331306,-0.136638254418908,-0.0883046239252161,74.0,0
124741.0,1.9622840279164,-0.276029272821942,-0.89648363251479,0.162055925938814,-0.405280898537834,-0.454327824015815,-0.63130613642345,0.161360262120764,1.24719877306945,-0.507409416770485,0.814945394063164,0.1647132758205,-1.361195429679,-0.838483505806976,0.325348681018404,0.904680856765321,0.21518955684532,0.944733038892947,0.198638625556332,-0.248716042153927,-0.241215170568719,-0.6242179952867,0.339860069976546,-0.564228744945993,-0.548097870397275,-0.272784849172228,0.0144552783763734,-0.0260353864161735,6.01,0
35611.0,-1.38629971664585,-0.681036689644672,1.60451158072188,1.57253117928858,0.314182716018821,-0.0898490638890133,0.489481875274634,0.167159909126145,-0.233744634154465,-0.510192379189215,-0.639968287664806,0.0753990400015785,-0.325555683079614,0.0755413150088473,0.491191989957412,-1.04012291020284,0.611153258159272,-0.545150442038788,0.792429640384678,0.694726841719763,0.0701523196695303,-0.238579015880719,0.586729211017218,0.0392830976722369,-0.0914112902278529,-0.401690834718171,0.0721473245727164,0.165726594570734,214.8,0
133259.0,1.84434926500263,-0.166880443579304,-1.6487377692003,1.36883170687638,0.216647949951015,-0.890345269779871,0.515245098691753,-0.195408276642662,0.196247587480501,0.446500080436844,0.500831417621386,0.101942589287645,-2.12088609062548,1.10357322531786,-1.02229456164506,-0.475384869736602,-0.243482370787884,0.038729985308721,0.0238568068945322,-0.265482019856769,0.128913779088377,0.320619317635441,-0.0438099513326687,-0.0214293252928991,0.331290005342703,-0.513635521782089,-0.0430614606543579,-0.0630542323175928,78.05,0
56641.0,1.42572952293795,-0.459663820327326,-0.348417996746279,-0.835811735767548,-0.548516715662765,-0.919824325233684,-0.239304613015034,-0.155475007123885,-1.15947920264407,0.899824098945986,0.912058082339093,-0.846813016922977,-1.42703222709293,0.594123156709066,-0.0860101537917459,1.09206696612019,0.122410185864945,-0.809980374205393,1.06053227063256,-0.0075846534466856,0.203389300878473,0.409712164457856,-0.200558781445114,0.0115163396025103,0.755689503614126,-0.0771882785235843,-0.0433446803011079,-0.0145685082529863,15.0,0
53078.0,1.41325479113022,-0.218175857153534,-0.330783582059161,-0.663400043757662,-0.463931023114058,-1.08389614341679,-0.203810877905541,-0.245961038797475,-0.971345466915269,0.234356042996385,-0.352643340482058,-0.999373225270751,-0.0904611664656514,-0.902491275795426,0.818907958097748,1.54946245166203,0.859101157770239,-1.2962186750679,0.842941260546795,0.13382074177447,-0.364060327394394,-1.25888071856064,0.116637551045554,-0.279486756368901,0.253135605540726,-0.610679743319153,-0.0028555983806411,0.0377845272508618,30.9,0
22043.0,1.03157858641108,0.0590219897816247,0.865831515537682,1.25405672218216,-0.48330929718264,-0.0569318534807941,-0.367350013012443,0.130717856523595,1.3835283466654,-0.257119864136793,2.47114295816186,-2.06800085854511,0.372100232565977,2.14663955772948,0.0730684585517552,0.200660294901327,0.368952931994529,0.321887885017007,-0.770768987875387,-0.191667734381215,-0.122079245574884,-0.245265554424409,0.0598686842881118,0.103570340223511,0.208118050371747,-0.53392078982746,0.0053934464229784,0.0186571796415067,49.0,0
13645.0,-1.35803668835822,0.500959203971914,1.95829569974553,-0.771023979275541,0.92104463063417,0.863956499263265,0.615123028348333,0.140062657917972,1.79751101018575,-1.13695789044979,1.28400587929536,-2.41461867107222,0.0893916902980957,1.20952472215028,-0.96634394726728,-1.24249915398827,1.45363441274947,-2.4983807565621,-3.25494421718413,-0.619519542469585,-0.18519525587965,0.0129309563038236,0.140723381678128,-0.501700510865881,-0.407839112550202,-0.0688000690864856,-0.468248171066734,-0.122600342137343,9.99,0
36145.0,-1.27279863903633,1.44786000427807,1.28094404683103,-0.0803866985871153,0.553445020631571,-0.440427998396845,0.963804353912374,-0.533310369237998,0.62311995003215,1.83895734271224,1.48949536285003,-0.114190147330132,-0.567667763077212,-0.999372901600224,0.810879868810697,0.0831481553037394,-0.435191733089822,0.476368218599483,0.927491925520932,0.803601752058548,-0.496146065630026,-0.567824120896125,-0.202221659828544,-0.064224057755293,-0.338553814434593,0.0768772369372951,0.174647689094407,-0.223209226573178,4.86,0
148622.0,1.90691508873097,-0.48922221897705,-1.06765368552983,0.319578111742239,-0.404746799616847,-0.982460867958427,0.0563274854291965,-0.228774550230079,1.19173643325303,-0.226686751366236,-1.01741219087415,0.229990105630078,-0.795946268831912,0.257178204757096,-0.152117440760762,-0.5311883407569,-0.0006583698985091,-0.646398565990792,0.265910895542609,-0.162960785429489,-0.128719986493445,-0.282845235053979,0.17348793850474,-0.0145851823972786,-0.127464177726875,-0.0902030122303702,-0.0381129961823638,-0.0465364913404051,70.0,0
70911.0,1.24783119246211,0.550351859052445,0.14213087337763,2.10153185330592,0.692648149384489,0.761611537154205,0.0219504227245745,0.0954739919210954,-0.693430532539531,0.628546356749121,-1.47348136567456,-0.198714827386201,0.777908334788993,0.10938460820078,0.858757674049341,0.834629344960417,-0.910990372570015,-0.359767517982244,-0.83845574644609,-0.110249080817627,-0.150310695070748,-0.408339558855651,-0.10756492865287,-1.33316325743047,0.523686727913743,0.0180052973562679,0.011453131701312,0.0087222454320339,1.0,0
140798.0,-0.925901367026424,-0.644900668817766,-0.93395072204465,-4.6290034434015,1.29991710170919,-1.59339173689053,0.524607344478863,-0.198292515518664,0.25490784193879,-0.672747149008403,0.278876494410277,0.971547196676667,0.283396621859201,0.356877707182471,-0.827328596843976,-2.15388266320706,-0.801802755424467,1.81168323229373,-0.580891547039771,-0.384133002950267,-0.170071171739861,0.244875346234325,-0.191989122938157,0.276226990509339,-0.0034941036573547,-1.03167991111642,0.577541898406884,0.396042323647783,20.0,0
64753.0,1.25883361030717,0.0127698544757923,-0.280839462485876,0.131255140115309,-0.342035117948296,-1.43261726416189,0.388216144097919,-0.329297200976458,0.050726622491166,-0.0575006025061559,-0.470318114205116,-0.549423367522999,-1.30799436475326,0.750533728635806,0.909691162953968,-0.0242317602391716,-0.083461807831249,-0.520060646976681,0.119748382783514,-0.0954021899605871,-0.0440101207921612,-0.24114695886874,-0.0986618712353609,0.44022650156016,0.494363488990581,1.07138331071766,-0.128547242221213,-0.0061934532273031,39.95,0
134986.0,0.353695810674441,0.303319341787072,-0.368412639096734,0.911262990915359,1.65412000050746,-0.700801776081522,0.900186593360807,-0.646478084941304,0.149172898062496,0.799234130149728,-1.04420353881128,-0.623159604094442,-0.478316941822424,0.177517903600783,0.709249705208332,-0.628986315311252,-0.620696158617573,0.287462757186485,0.242141147692302,-0.126399236209059,0.385159564196649,1.60887875392836,-0.0129989408132996,0.621570838422399,-1.81256455121628,-0.697303317829334,0.0239101395878533,-0.0996831389970778,3.88,0
41618.0,1.23981868436923,-0.832984855164763,0.294249819603783,-2.05961790123705,-1.07183153700641,-0.618545584003712,-0.600417667814114,-0.0411426178189655,2.57147805794013,-1.63920111858996,-1.1268422218092,0.539222957380427,-0.119556899374022,-0.138513597931679,1.76102234419009,-0.602172615090715,-0.293637776278884,0.731755878879547,1.31097942774712,0.0178186656275066,0.120257133380631,0.545488597271941,-0.306258589198365,-0.406511026282032,0.762562178543972,-0.592463615309545,0.0925620720403856,0.0316070121368441,57.2,0
37937.0,1.30246265622037,-0.043729061352118,0.281699063103086,-0.0501970344460778,-0.721725720263559,-1.24114251947745,-0.0661065620772452,-0.154811544725373,0.46308831154618,-0.149324957946382,-0.487986964008116,-0.658155582554862,-1.62732495065007,0.609499563439898,1.23278230586965,0.290529500289215,-0.165398306471094,-0.457091231722666,0.177920405479879,-0.18549371918496,-0.251620321000212,-0.801312152498385,0.132996131246406,0.380994761777833,0.113758491460965,0.853175897291215,-0.0980277389681443,0.0001693192793949,1.0,0
73773.0,-0.966650322413936,0.960762228950123,-0.419700376724381,-1.80761814638977,2.46581397671532,3.19280981645923,0.230246621961902,0.919740416521454,0.0234638717744036,0.185316802505153,-0.308609300877681,-0.238412866882142,-0.122454628563232,0.0865749528098451,0.551690978653781,0.683525167299175,-1.16825743846925,0.160487360640854,-0.437095242713579,0.364619737203073,-0.12123879036675,-0.269467165336501,-0.10358157370462,1.01132606083257,-0.0615406388257153,0.236719844062113,0.540773911697354,0.338655838146053,20.0,0
84350.0,1.11257013280202,-0.121873046018189,0.656851064413941,0.663171199212505,-0.62369976147781,-0.329889828074514,-0.16038186897128,0.0230635347303463,0.247617837785571,-0.0783829833503121,1.09845571117814,1.30226608018425,0.126712101749281,0.0364936540747423,-0.851192172307898,0.010898833880079,-0.252179381120411,-0.275007465891936,0.530834839053973,-0.0112959609947832,-0.225984544710737,-0.593620074643318,0.0332907533956406,0.36006141814755,0.278084794387075,0.264541866130028,-0.0326611607116997,0.0122117493943721,43.96,0
106263.0,-16.9701751098761,-17.4054207676104,-2.74063841888583,9.40075370824286,8.53159623233375,-3.30590116767305,0.635567344391476,-2.66104207580546,2.09815964607862,4.61779509867669,2.36472762692361,-3.01152526150996,3.55603819878504,-0.29562106330738,1.72860693125627,2.24653289296139,-1.24167830219067,0.427522290591557,4.16020987733091,-15.2140330026617,-5.48304908715362,3.78525472038358,12.1222924789545,0.606023207437845,2.76808352188201,1.42849933299869,6.94365902619747,-3.8595620033608,280.91,0
95433.0,2.02848815764192,0.0265681422625196,-1.1186530926006,0.483341075442871,-0.0022530887620765,-1.06579385698039,0.0245328710399204,-0.312986273854942,1.70372808638497,-0.169051042346166,1.93566961245087,-1.79875339354858,1.02319406201993,2.24000086280474,-0.640561163130891,-0.0495242522433836,0.0457358050422274,0.744468655223556,-0.176433991428554,-0.319662969786903,0.145308074823432,0.772031196755073,0.0183259037852977,0.0378440293310681,0.18316919982415,-0.170460777718683,-0.0536891751080299,-0.0756520140270345,0.89,0
62268.0,-1.10707341425052,0.231869337509503,-0.0947005720075669,-1.08610766861888,3.33977929090179,2.84925480569287,0.0557690298725145,0.890992170089626,-0.818739603582139,-0.279088023151412,-0.231620567326668,-0.326967883917293,-0.136572005989564,0.46587843782378,0.873669503434271,0.171393099627853,-0.709954995661895,0.165688203940697,0.484201133517136,0.451686464404326,-0.0455343178524711,-0.411619599549311,-0.236146633407283,1.0293624824972,0.733826689190449,0.433023218249962,0.205082421825675,0.122918387064836,15.34,0
155095.0,1.94398475558711,0.528950879190933,-0.983344108787417,3.42986344123991,0.935662215501174,0.717568514792501,0.0969317665495358,0.154935472635707,-1.10897594897744,1.61732812732924,-0.159702413505776,-0.0331303785355673,-0.620226487458583,0.544258498595232,-1.42621281224697,1.21522533942227,-1.19046035200853,-0.0036730661819497,-0.78286991958464,-0.28741104581081,-0.279431605354958,-0.892611849132137,0.312708894026664,-0.0104034761227428,-0.204044386002621,-0.354332033364068,-0.0498222759620461,-0.0545311635036696,1.51,0
31451.0,-0.523180461669712,0.896066655620014,1.41741704304547,1.32914829576868,0.215990897832967,0.0522682239399501,0.664837726439353,0.0919425180487043,-0.338269533939957,-0.128391437541435,-0.580065736084732,0.292992638522605,0.109626864885507,-0.0278139090873767,0.194394503311389,-1.22924138786378,0.615141874566771,-0.697994314995905,0.715810897699938,0.23606615494941,-0.0078331640944371,0.283788491676504,-0.0717569493544163,0.102049539006322,-0.0660327639470409,-0.225371615589373,0.418317438483973,0.208846405904562,36.82,0
131619.0,2.04056821772851,0.532633261247729,-2.32689566446099,1.50680477614749,0.847481037644803,-1.471329020814,0.863229004799911,-0.488281128527524,-0.0005254529014373,-0.18644883329841,-0.636545330709612,-0.102330087496543,-0.490580338973617,-0.521486226993189,-0.225634945512203,-0.348173200711229,0.774490177154226,-0.0172349609577714,-0.452466380695191,-0.271102121044524,0.0781680226012113,0.438002580428036,-0.106629394805303,-0.172920678698007,0.59881002805644,-0.378052808073866,-0.0144535936288704,-0.0412846151249146,9.99,0
63675.0,-11.9877497557061,-15.6674541441757,-2.70845588862553,3.41453729392427,4.70021733777599,-5.74540549488776,-9.45536032527877,-5.71732027850096,4.11478991443481,0.0669662174017683,-0.0709231132887471,2.18107926976748,-1.45587563185072,1.79354830814222,2.80632313513622,1.12876222941248,0.498369349014443,-1.42056884175183,-1.85232467770787,-0.936071093322317,-1.33189982681528,-5.93937155755862,-44.8077352037913,3.12426685130019,-10.2953970749851,-1.65319317767534,5.00287090780004,-0.148891913693552,6000.0,0
19552.0,1.1854777028727,-0.349047741988633,1.00396173302044,-0.558501042474082,-0.996560217378399,-0.313915246975424,-0.75685912864916,0.045545575759945,3.1641168369537,-1.48740856652405,0.659998005959119,-1.90056146730681,1.16629319310862,1.39919140118386,0.833463161545449,-0.743379836992918,0.889893776381179,0.0652013754947016,-0.006324975266197,-0.205244179247274,-0.133402527268405,0.102803085727307,0.0010486816779461,0.0262536370383608,0.386216452167929,-0.695253015068112,0.0786387766370915,0.0264707336649401,11.85,0
114242.0,-0.495079289187113,-0.110359978554461,0.087017138374311,-0.892659486259294,1.32054612860075,2.20376381698967,-0.313059230729211,0.688928094858194,0.939061819261137,-0.341291289889944,-0.931521360690557,0.227261371409258,0.324206364964581,-0.441855808504601,1.03737257675283,-0.718131312529991,0.241159673822135,-1.55739271689845,-1.77081290271195,-0.172152817808088,0.325285207363986,1.29980031018331,0.106979304518153,-1.31523023094225,-0.898860245826541,0.61699893993164,0.0966058453454806,0.205847899670133,36.07,0
75353.0,-0.347114995386082,0.64298379399087,1.43702474384225,0.0438736103221146,0.0165476376458425,-0.333314499020885,0.57344385938049,0.0318894244363714,-0.359167363638982,-0.523251480330879,-0.351026560250724,-0.182035464471563,-0.193643001771958,0.165865949396087,1.08832284812055,-0.139194333654976,-0.104730664010743,-0.343093775825274,-0.541951981568746,-0.017431051700078,0.254175814324005,0.717301450744969,-0.161640892517479,0.128704574629034,0.0579134390534591,0.506089941672839,-0.0004683314217296,0.0164060704738294,33.8,0
138234.0,-2.70210515672761,0.0789600998885096,-0.978318492827149,-0.298129701648019,-0.819034214804363,-1.06302809546826,0.0004918905601888,0.901462671437213,0.342293187553117,-1.20205768146203,-1.63008397619325,0.0603931760666586,-1.14855731292465,0.981561723652681,-0.435726921792638,0.0095665513959239,0.355059772610133,-0.407680907412162,0.150235076386215,-1.09407187414833,-0.139759639242789,-0.365126696142138,0.105769641583381,0.0033316665355316,0.2296095147435,-0.100210400203561,-0.72838641784814,-0.283529559560062,110.0,0
145619.0,-0.981759233521614,0.824417800404801,0.991824042184724,-1.63867365295736,0.808205844628408,-0.496554673822422,1.2579465275341,0.0061920347847209,-0.331471721462353,-0.972286232221756,-0.120168859892411,-0.396175375170199,-2.00433274813553,0.541529137407159,-1.64105084872113,0.555430970726532,-0.963468177945228,-0.0173868149623631,-0.473724782499497,-0.335764824160402,-0.241039247846947,-0.878756391307109,-0.444103645098946,-0.534345847784588,0.719086917954736,0.220957929468741,-0.220236573728166,-0.0021144601456674,22.46,0
162748.0,1.97185952116637,0.0254943746884684,-1.58857126378913,0.660162343312067,-0.18016656007257,-1.70683113638453,0.192798726661187,-0.312912639242275,0.799110583635628,-0.445386067713248,-0.200247084171941,-0.624166864031116,-1.664582948154,-0.376532534810471,1.09230694685755,0.101197922282204,0.694575283896249,0.475868073654076,-0.656967949532186,-0.279148111633551,0.224861100705085,0.698329872046012,0.035270751705666,0.294233420183791,0.12055092977439,-0.12116365870165,-0.0135612130610734,-0.0267265389671013,27.43,0
164677.0,2.09879701583621,0.188105955517085,-1.89784708829883,0.375426974696048,0.602041680001093,-1.26849711039765,0.734721842521873,-0.533295203019092,-0.0652069693198378,0.11903252868122,-0.269203687557321,1.01754970222386,1.0712560295238,0.348752047702603,-0.413286070145036,-0.846471087578672,0.0027347235241516,-1.1048898114644,-0.0759710324114011,-0.155347284627335,0.136021021314739,0.634387429493874,0.0417322804561899,1.20460276293432,0.376967961034278,0.656127817495886,-0.10588998013929,-0.0724286931289982,0.76,0
50869.0,1.21271613116769,0.299498731992203,0.275974157292611,0.644536181039404,-0.192384462140074,-0.604849432449623,0.0036533538614085,-0.0606076994310535,0.0411756568941278,-0.324472218841684,0.141031342184175,0.276517969807583,0.124167250000121,-0.242815853104652,1.35490506996916,0.189982203720693,0.277745876827981,-0.73797726292159,-0.556246628988831,-0.117366901341706,-0.260813200817381,-0.722365803643965,0.159670005542574,0.0316860597777803,0.140438310744133,0.124373583675382,-0.007162399347443,0.0272680119992651,1.98,0
171641.0,1.97901267543472,0.0767002718589017,-2.93616885882349,0.210632303392712,1.37826534027008,-0.486976497198133,0.79180830016959,-0.357121121867559,-0.281511204482306,-0.221313888126284,0.616501425551018,1.00719347003363,1.05896153702323,-0.685618495112173,-0.928956430798594,0.164306407972853,0.172485725899783,0.429897411777974,0.546181667034235,0.102662158644643,0.0860793643463891,0.268181015163109,-0.221768781378475,-0.131163274742548,0.492650039118908,0.701760582107309,-0.116802884830882,-0.0539499975087593,85.25,0
129325.0,1.77904426142742,-0.570653975824599,-0.917697787239934,0.72100743158136,-0.0401525911328916,0.239572858405543,-0.0776602568427461,0.021583962512107,0.783226113491802,-0.0513529979032783,0.593523106249168,2.03559596412392,0.865401015920952,-0.329329802657955,-2.41023119405415,-0.676109506083437,0.0057748337677465,-0.810889345881965,0.769975500644074,0.0329324532199166,-0.252396782669456,-0.551048153283177,0.215828191938515,0.759445022598427,-0.162739833325324,0.0351311800205034,-0.045698535185115,-0.0426602554461102,97.66,0
64072.0,-1.77158254591084,-1.11023320565559,-0.544395707674915,0.408309546781796,-6.23212642228326,3.05346305230376,6.32280573839453,-0.92352238722899,-0.184339894770668,-1.42275711233942,0.150165040982761,-0.105203973796975,-0.0449202831794813,-0.273543951152545,0.524009287973845,-0.437493060779778,0.582699093496145,-1.02925855531788,0.551707384684968,0.403173770705419,-0.251225461552044,-0.184748972947762,1.23181904901779,0.706243510202538,-0.613179610704342,0.875409994143161,0.805285950385202,-0.132947404482656,1457.0,0
111462.0,-0.109468623856771,0.996693530356026,-0.967371572888575,-1.12979237861169,1.75838230216724,-0.791606882289014,1.5433155446919,-0.379965848894535,0.626695593773643,-0.708963052631395,0.997205663540263,-2.02337242635464,1.83254729144111,2.23257914529173,-1.53814244484459,-0.295091969942634,-0.231664517586166,0.572820474807676,0.232163578312127,0.0179752177401605,0.117494530921906,0.724613478135255,-0.290256086825517,-1.0257125031786,-0.222013553077529,0.0925459648407427,0.35733286966184,0.246627473869971,27.41,0
75438.0,1.08315167336006,-0.0487182076486538,-0.269965288462614,0.91537654014158,0.276696156628331,0.104700805450858,0.223066878645079,-0.0341266482427797,0.0935946702789057,-0.062017164579953,-1.13520162638794,-0.255464152157408,-0.206491788952798,0.454460452631925,1.29883923934211,0.0804733175435613,-0.489012529587888,-0.206070419637559,-0.378432721764077,0.0315107667518241,0.043761746219955,-0.0267192001209594,-0.27538008690839,-0.927179374647023,0.700479751198902,-0.245437071127058,0.0079868473347854,0.0229351491555523,102.0,0
131013.0,-2.76635916900241,0.225698371227115,1.1396060567825,0.99408519584976,-2.51714728847604,0.889148024001833,-0.733214983108527,1.40175444617552,0.900622764190288,-1.37637911843286,-2.16101813915372,-0.0228384682367158,-1.05382283339713,0.0467155807411876,-0.56532291783366,0.703828517785182,0.16853910825715,0.612668741310097,-0.513029190421371,-1.09509613385201,0.119805637366519,0.535657850390212,-0.850560865184011,0.0445095421170939,0.540748211321322,-0.394831890775303,-0.224317345467359,-0.687483745734892,279.9,0
37573.0,-0.0849638607123354,1.28010083743681,0.472514994574993,0.578500736947496,0.220026180840298,-1.19239839086645,-0.0695281750392499,-1.82792164683541,-0.25289853227795,-0.928954111192477,0.30744605819426,0.376188022476248,0.210120990161736,-1.09413829783435,0.476808507084051,0.694303714920789,0.612123526366459,0.227055699616502,-1.56049874342102,-0.465146743766723,1.4727786131143,-0.729678736123995,-0.441780347699905,0.599918063059073,1.31798870737283,-0.383730605895184,0.115176753164195,0.15040802072457,1.0,0
50203.0,1.16202207901784,0.13611336079983,0.384959308366629,1.40288426696228,-0.232313943406659,-0.202131519966999,0.0055582858639583,0.0382119324106605,0.433627798032096,-0.0974831642432328,-0.69735533303192,0.0278496709100053,-1.07447602623491,0.253785729950881,0.0097006044777576,-0.67873910785374,0.317547401221072,-0.862221838670176,-0.361678587861175,-0.248523307890764,-0.112017017427314,-0.134230205127002,-0.0515702424274143,0.0690876039040366,0.630904404681975,-0.309761706043232,0.0335078495108653,0.014200437723408,9.46,0
147166.0,-0.223106050966481,1.18224428943386,-0.470092434595603,-0.331695348684922,0.166482199106404,-1.32845690015793,0.678055968821463,0.150725315209369,-0.101447657037372,-0.486455374930513,-1.16667426171883,-0.177124853104675,-0.489368356756891,0.849893911947437,0.475516295193609,-0.29981029994274,-0.269970680218161,0.261008965856754,0.0342065475073219,-0.174122049455584,0.404322186766261,1.28834164821654,-0.0764807974705685,0.0708410379147533,-0.787048831768444,-0.218352592403372,0.382287214922859,0.258989948062483,0.89,0
146038.0,1.6092806137532,-1.49440453879824,-0.727869931133986,-0.452599376886535,-0.437204646477499,1.38017628881388,-0.89547986503455,0.424568576030177,-0.160593044101096,0.586546082689843,1.11703132258799,1.27910166078868,0.698304245748633,0.0920030054147225,0.604262341367602,-1.97704267817508,0.222351071160675,0.224487030134062,-1.58131343131283,-0.336433383450563,-0.363356613425088,-0.734295416807465,0.352093838186045,-1.49151246975406,-0.813629983483006,-0.580355917565593,0.075098648835768,-0.0208608737571267,181.43,0
143059.0,2.29620919187417,-1.30878755630567,-0.912743121280029,-1.47764572460383,-1.30936923940551,-0.979801590967499,-0.993617350613682,-0.286942375912244,-1.23679310219725,1.57292918371863,-1.00563500701073,-0.765039035302739,0.434824695768962,-0.392323724591884,-0.175046004109748,-0.672746642888601,0.555884726742555,-0.227055330942319,-0.178894281150247,-0.449849306210943,-0.167090689227615,0.0600711812301958,0.227399261680494,-0.0996231406996079,-0.172737235074403,-0.153497771265017,0.0122362270198922,-0.0525133096006667,15.0,0
64961.0,1.45923964912943,-0.673538130567177,-1.36967193624162,-1.75366866881216,1.54125800986149,3.11879531057836,-0.890677989251979,0.706289862167551,-1.07946352855358,0.756257783283116,-0.262978474719323,-0.306593759887572,0.32436035383459,0.27936869723546,1.02511659814845,-1.00807155196696,-0.519159355704592,1.30745800247959,-0.38720108737785,-0.346662645969832,-0.439101293240291,-0.926587495518989,0.007846604312055,1.03546924957945,0.437179827169894,1.0553677525475,-0.0629575619982837,-0.0017709967874656,8.9,0
150296.0,-0.288070404384759,1.01184891946926,-0.370264052595074,-0.438965353898618,0.956771061934485,-0.80335076386281,1.15031578418057,-0.425905220357703,0.0828636303182353,-0.336201507328704,0.731881439674636,-0.600784497860712,-1.5032124786424,-0.736354824063202,0.218507195003592,0.262473139913372,0.116213340069173,1.50136842542484,0.342557875673808,-0.154604220264056,0.333154292612914,1.04965169581505,-0.328214146625779,-0.463992069526208,-0.576061495747016,-0.221457966585407,-0.349006829111894,0.0269908332348551,20.85,0
12163.0,-0.731699636562544,0.53854903473827,1.641243791283,-0.746058164528249,-0.0199430274847937,-0.786285076322858,0.611594255392361,-0.137317394294237,1.58758949493967,-1.26094264869915,0.0802195807459955,-1.93256126738059,2.12636966624038,0.905099435091914,-1.87329880090092,-0.22472996534525,0.559232440254983,-0.429266554656413,-0.485630074124512,0.123195763228932,-0.158369151489206,0.0048253035361882,-0.052483245083742,0.428393090508922,-0.13994689889024,0.857219926527133,0.239743989889375,0.182619951410404,45.5,0
77951.0,1.52665943886798,-0.949669314786916,0.0598624371998422,-1.45360745186212,-1.22827152492718,-0.927360828854693,-0.709591299677362,-0.224653125259099,-1.89479875610433,1.4468454846305,-0.934827093276402,-1.43224467154618,-0.372672470062553,0.020767475529351,0.6344462769928,-0.242283401468672,0.433547161636033,-0.304878266999387,0.211996941615772,-0.339861118673146,-0.678256536169385,-1.73522225146921,0.224695911500155,-0.233183853080139,0.115290695548147,-0.609278267090138,0.007666708889676,0.0208016533837366,32.0,0
35986.0,-0.316065027050943,1.15605037131327,2.26410590355607,2.03122303322098,0.337249807696493,-0.0118114107554411,0.913570119289233,-0.213294800736957,-0.913782455287832,0.247009908667002,-0.745870126436923,0.42332755563809,1.02282595483431,-0.6641947497217,-0.952599600439691,0.0291674981411803,-0.391893886717793,-0.684635237349389,-0.423415597791186,0.0429869554019162,-0.246440130525336,-0.409715062141508,-0.124099555782428,0.381559007473179,-0.0756648637513484,-0.253772066678048,-0.0949633895424295,-0.153290671058267,7.03,0
65833.0,1.11475578656322,-0.0345853335027189,0.997714394473618,1.30114079908132,-0.617512505418758,0.170202897181524,-0.45214698026304,0.138831511490634,0.727443526822593,-0.227987476224737,-0.54665512401191,0.698189156535786,0.318136958976269,-0.316263351745839,0.269246037722961,-0.405540150176626,0.0721776622877682,-0.492382301413991,-0.597267886347426,-0.135671915698567,0.125464660935546,0.637958966330854,-0.120264149617078,0.126722221160322,0.587990983921739,-0.188121842206774,0.0775099870228458,0.0286132828847214,15.97,0
115473.0,2.0201087801938,-1.21351006668937,-0.588228032007234,-0.955302566586872,-1.05898709428793,-0.278159940598358,-1.00308388752563,0.0445505011109249,-0.0803053191049901,0.864472319958267,0.481768621452421,-0.0907110894427096,-0.228400115149825,-0.171945058097395,-0.392624257337189,1.62032311214618,-0.270945601922009,-0.798272899883957,1.07068275558401,0.0962141378246097,0.0112861458097706,-0.15470632659369,0.263264280598724,-0.529269851692731,-0.505258243963866,-0.480546735140753,-0.007215462405736,-0.0444296325468985,77.0,0
40211.0,-0.901017612310851,0.754368027883572,1.51645781412811,0.28100899014561,-0.116651688407716,0.105071573653812,0.703377786039826,0.048119175901585,0.110402040050706,-0.684910334299757,1.64866049400364,-0.558873358813098,-1.84165211352156,-1.39152922253378,0.56985493890475,1.09087138989964,0.286855026862086,1.28781870630511,-1.65220436651059,-0.28307618766295,0.253213192988004,0.84238886078341,-0.119718537188456,0.0610513077923981,-0.493514014974925,-0.511090080864288,-0.179110899506264,-0.0484476692447836,99.0,0
138641.0,2.07729614672896,0.520280301506081,-2.77323640993413,0.421941069678227,1.09345875029779,-0.901528666176259,0.259690708087538,-0.205993965961398,0.300306187096946,-1.03234924834363,1.00384254188917,0.18442688086307,0.191609790260388,-2.42247961459348,0.431331513411252,1.25937634280633,1.14155813110007,2.08377788969322,-0.0254166208192433,-0.102095781909281,0.0834972249086458,0.419574972809586,-0.18744712986726,-1.24822041639062,0.367975869874385,-0.0572677198803692,0.015743999252887,-0.0124195459390096,1.0,0
167477.0,2.18360564437139,-1.79201829336776,-0.0673957117127975,-1.63571932140749,-1.92372104506014,0.0470995401740909,-1.95262800014479,0.199501378019148,-0.71452987072421,1.68887773599014,0.0860293544171649,-0.652493847294706,-0.229295344308161,-0.528831333386125,-0.226091344084709,0.394831927760503,-0.143864272762235,1.12891592005759,0.0365562216108996,-0.40694845369564,-0.0764877379909333,0.193599378565199,0.263537777488621,-0.545556927385137,-0.563939292689133,-0.219475799660809,0.0520153055327855,-0.042093812636578,35.0,0
143692.0,2.05904946275809,-1.98952396907142,-0.947577498764731,-1.30882283371644,-1.44327188390144,0.182119583613887,-1.39738346020032,0.120322442327501,-0.691262983349509,1.56456332724403,-0.0453183506755256,-0.526157034909496,-1.05436162555182,-0.492665823278765,-2.22154026936988,-1.09894789546518,0.908394564648099,0.47854325430359,0.352684725157508,-0.345697228534448,0.152494216898014,0.954231284257398,-0.0582163066298917,0.741851199702222,0.144301769668827,0.195652210726435,0.0006837172112467,-0.0508747199892684,100.0,0
120417.0,2.02357600921725,-0.169773442674795,-0.739625773958924,0.141222734911514,-0.334058931943948,-0.952265287560971,-0.0445209104744551,-0.224294927539008,1.21313235279245,-0.376190436811659,-0.822513481067795,0.876282038945162,0.377923681422951,0.07462970385955,0.283825119353615,-0.281599206559571,-0.375355850038931,-0.656037452320911,0.449437536542549,-0.219782957649507,-0.46330822857593,-1.152013792183,0.437678770761725,-0.182016678562287,-0.359567428681274,-1.08087288402527,0.0354194329039181,-0.0344074145409396,6.66,0
32102.0,-0.674287340747131,-1.09174014752908,1.66023947981131,-1.07905856935922,-1.78135347048416,0.518695977900213,1.08609972283832,-0.214397425001889,-1.03857248038997,-0.0063964307048986,-0.0763901295164384,-0.776506348236983,0.76838660239958,-0.806810044249992,1.15369979090326,1.07004111287641,0.185131399506214,-1.07624139059899,-0.0875195627986216,1.04044633474204,0.656653490129503,1.38226420520411,0.645491930236274,0.0901052986672377,0.0675287478832389,-0.101742729817431,-0.212854825533868,-0.167305299674378,389.0,0
79872.0,1.17500245761941,0.186491724655392,-0.192799107543255,0.865735551854861,0.427676131218609,0.115617270184607,0.240029289648774,-0.088441841125545,-0.0782015598346863,-0.0744801472225738,-0.936136650552658,0.36550847423847,0.956354912925904,0.210705119903023,1.16440853839892,0.0193204080936726,-0.557338933955302,-0.359418175202062,-0.371297199740964,0.0106356948766268,0.0286888689987989,0.0940618252487656,-0.24792455792874,-0.897528546534745,0.757403391605808,-0.244338670131452,0.0245429564381534,0.0172496590762724,54.9,0
80324.0,1.12066574250647,-0.852031710855751,1.62764953187259,1.08418801361117,-1.50321661681022,0.918966415146151,-1.2652423868319,0.347574084407448,0.416423622018451,0.352003864458249,-1.3268598686085,0.929217835360645,0.662013016154813,-1.23036518551377,-1.67334720834242,-2.44698676319738,0.872871066176299,0.39174102812816,-0.845435498589386,-0.520791321125637,-0.496928697007899,-0.464202682924137,0.0331554031589119,0.0756714003433245,0.366862426455829,-0.295258950743088,0.140235797245959,0.0436065120176419,34.5,0
81026.0,0.922631828000814,-0.253038850334936,1.19320332819134,1.00512822488812,-0.063990840304806,2.17598140442569,-0.961842318469437,0.807114843795658,0.532624429369676,-0.240362965210143,1.95674766580718,1.83114008273008,0.414355746695384,-0.15008242485157,0.508380887377537,-1.01623577217526,0.673352666888995,-1.57661895694361,-1.47570287768946,-0.22371909052155,0.115320639083424,0.678364091741172,0.103505674724685,-0.993231717392796,0.0885250304000736,-0.299823392428595,0.143482967684788,0.0146471341694753,9.99,0
84033.0,-4.32124015521092,-4.16495378676621,0.758994654436659,0.293993163876815,5.64489208288315,-3.09362476417099,-3.09572445793205,-0.0489883964043987,0.574083947291635,0.452386559626997,0.0543146294148283,1.52962004540643,1.53497655670198,-0.287455100622264,-0.775591437437698,0.734094519448523,-1.21751279657951,-0.0697013067759184,0.757900789094416,-1.82412997615272,-0.671705356991301,-0.48931947309841,-1.65656225332243,-0.741413640768588,-0.845373316953265,0.279914643853175,0.954605820771044,-0.188039881725801,4.0,0
140464.0,-0.700138011386227,2.09584595267904,-2.05705599036677,1.64852534048374,1.13954121768711,-1.32786552440755,1.80238485317706,0.0222086811089118,-1.16449603331949,-2.04389359857504,0.135496706481786,-0.333960971115571,0.384517087242202,-3.48333299410489,-0.015460200070051,0.223730175853806,3.50057681579739,1.43499188157349,0.0955675739097122,0.397503456032868,0.0147216053141734,0.0990302240368751,-0.0104202821283541,-0.344222232400219,0.132028457732994,-0.377454476331962,0.325363402317353,0.281977096650389,137.98,0
153694.0,1.99587087776559,-1.58320777190642,-0.173360973106203,-1.03433510759572,-0.660101479371269,2.40439663503158,-2.10816019411299,0.901289455685832,0.960894654852977,0.568806765288447,0.18658495547275,-0.0779013613185712,-1.01747861474704,-0.769100677035927,-0.75745993783354,0.498909712496446,0.869014258890674,-1.75709614048027,0.307856001271698,-0.173411333580439,0.203650437627994,0.891563919589044,0.276395583836649,-0.942231098267205,-0.513881524348301,-0.103858139383096,0.0955117142509654,-0.0608183509123851,2.0,0
79162.0,1.15866435785345,0.0744204738020143,0.56762266951014,0.514243387580637,-0.436012794705315,-0.341494940647828,-0.190708546969735,0.131027824798777,-0.06168863107049,0.09174960401054,1.69433499206784,0.610957135581097,-0.95238591991743,0.700855142387577,0.692103013398446,0.200152004143878,-0.256779221121106,-0.424123650272001,-0.257134021939741,-0.19239773958855,-0.177546781262418,-0.572395617185314,0.192141695775299,0.188050408974698,0.0490753395482327,0.0979394902824653,-0.0235288769405711,0.0051107851137021,1.98,0
90069.0,2.05596138096606,0.0316875010450337,-1.09173447775901,0.387918486054624,0.261355536863189,-0.558622461528619,0.0102040428526379,-0.264087128684478,1.52989449223642,-0.141288714124302,1.55762683085522,-1.29258092928072,2.16169046008655,1.78678190054238,-1.41344409719228,0.179288408782065,-0.0057897100612782,-0.001853280856983,0.408682667181141,-0.211379200145559,-0.413977356824004,-0.823026517040757,0.27502279629843,-0.541119084032851,-0.272617965805537,0.167837042415818,-0.0989416582516371,-0.0803373162481932,1.98,0
51576.0,-2.83014852994379,2.6104972120578,-0.0746827746124878,3.92721315002926,0.37625919485178,-0.250796628120505,1.07325127404694,-0.412820312975892,0.244974730911622,5.93710102818882,1.48274436550537,-0.659673022981989,-1.17106349696461,-0.340089988001058,0.515176331163887,-0.436147093069041,-0.346974463632737,0.215735291308031,0.945174933530268,0.911520659209511,-0.511643383153546,0.621677612759012,0.552813318616935,0.496111800180461,-0.651671231871496,0.140401973428894,0.933558157199695,-0.134292532290187,16.58,0
32421.0,1.09954403143748,-0.635452213898822,0.719436576476104,0.0414393308744207,-0.902793667632737,0.0452133500601012,-0.57835577294687,0.0641959333868778,1.11972749806292,-0.433624188349193,-1.37267651308282,0.251270425667162,0.35729582016083,-0.503627286077433,0.354187130597152,0.411832755912982,-0.383354016670182,-0.1144406964475,0.517755436128182,0.156976981431911,-0.116399493019256,-0.33815199593506,-0.125552155898915,-0.371442388064267,0.194520786950067,1.03232242627147,-0.0515604852745269,0.0240036038986476,100.0,0
143256.0,1.97042984534445,-0.440950914128013,-0.264224535706358,0.511755373501247,-0.791052807319368,-0.504438111394526,-0.635987604279843,-0.0160497844413609,1.52262666262573,-0.164128534116786,-1.0560170336249,0.307745226500081,-0.206203615873391,-0.130901087444126,0.562403018236206,0.0499085590936042,-0.447476869843154,0.170000188324067,-0.277206121711919,-0.246863001291836,0.191523667712477,0.802571174050803,0.121165704606443,-0.0674419006435576,-0.113924733283085,-0.204618579104963,0.0426864831889921,-0.0382197093576034,9.99,0
42017.0,-2.98059708515265,-1.82731257573677,1.71799621276462,0.959627601975092,0.104761746207586,-0.861055578343394,-0.910664062190485,0.502529584835292,-1.30409564080905,1.30261248386423,0.810625065719243,-0.239780224634138,-0.531605428218436,0.342334988976372,1.05533882864584,-1.18987465761099,-0.111625289714552,2.51273412842008,0.137101999289167,-0.0792046922172542,-0.269066248562294,-0.0269548873379014,0.854937220248095,0.25413357834714,0.502149065806315,-0.0992516123633675,0.342355244015069,-0.217458378865694,75.0,0
82948.0,-8.73946434859874,5.0077293727789,-7.18504252984198,1.08802119379711,-4.27764178260068,0.645324775614248,-4.88305143716616,-2.41206852394172,-0.80531034812116,-0.217599130191425,-3.1701211354303,2.40140093998518,1.32347740625078,3.95694480799912,0.423105352100312,1.58022442783149,1.42995743308309,0.578940498315393,0.119341387948839,0.977327476714562,-0.892021984260989,0.0756637446380424,-0.0645273097000781,-0.981105680550496,-0.0807467065001912,-0.342108898816231,0.235314383672057,0.0056015228112641,99.99,0
142108.0,-0.351182820103508,0.322306095875233,1.22223333085517,-0.928379661429351,0.366083653576005,0.643844660965496,0.0621045836076262,0.372251456138318,0.270016452363333,-0.622553838646466,-0.268887393360337,-0.154023137906348,-0.940775951040814,0.0026913886767891,-0.562557928037845,0.727214077655368,-0.999269793426808,1.02764343587801,0.211441252368622,-0.0899360787935515,0.24268698904201,0.703763073449529,-0.251562155650161,0.12161014754917,-0.349692135982039,0.52372389461188,0.108578844800808,0.147777510578698,11.5,0
155707.0,1.53075792061073,-2.55963801111026,-1.55642677539666,-1.10545596543535,-1.62881393490089,-1.00564473026154,-0.292181563978854,-0.398121959234378,-1.26847400392519,1.38765205909592,-1.10000252251662,-1.11974555413561,-0.52008254473728,-0.0313113231369998,-0.431165137085628,-0.836224629601255,0.815735108864659,-0.47847992057589,-0.0571541342671401,0.287114390693778,-0.181753433712908,-0.938819704312092,0.0002862906061371,-0.0631309766231574,-0.42363981650408,-0.396807991453113,-0.0814222108886415,0.0131595051128887,413.25,0
69813.0,1.16835344757394,-0.31095484178777,0.717941732732442,-0.990309901635287,-0.889064007930185,-0.473789457425964,-0.519678488705744,0.145697772858571,1.20008884308826,-0.856280075263898,1.89711299112385,1.30169918346558,-0.399184177955916,0.481572307672564,1.52895197359746,-0.363022382110841,-0.243993454122063,0.209920372938031,0.269381017739246,-0.156295662665468,0.0465028275174808,0.229375177188896,0.0587091729222961,0.203145240579018,0.297454836673007,-0.80806318034385,0.0872981720535781,0.0229183810183875,3.77,0
163105.0,1.85402568970415,-0.315006055477749,-1.26017574293199,0.931990518894312,-0.161716941867802,-0.474920382551363,-0.166094495486959,-0.0967888865523989,1.43693686946681,-0.816213217695798,-0.649931639473005,0.731397034806514,0.0868285432320838,-1.61921281554079,-1.03216290702173,-0.666746341416612,1.22853405635006,0.107999039085351,-0.141069792848514,-0.0819780004076159,0.233407387057915,1.04007278217039,-0.0919202471644562,1.08077816403258,0.369267369040567,0.0115804141359989,0.0282318924058943,-0.008837618987928,63.43,0
133885.0,2.14591737288671,0.849017257951635,-3.99370394236688,0.455653079623855,2.01315072237273,-1.49787099612773,1.28051237604757,-0.644529176344213,-0.0536903274685585,-1.26731131140455,-0.401575199865223,0.0562064326397786,0.847787981812478,-2.28837773673845,0.225594196243199,-0.0278572705140806,1.80976916162256,0.987715232034472,-0.0139649968927528,-0.0451216090722432,0.112959974200037,0.582584141529593,-0.369721439154411,-0.121392900772045,1.05689617039032,-0.189410299621983,-0.0182205425652107,-0.0123343089825361,19.48,0
80467.0,-0.521071101783814,0.729540648254154,1.15393587950332,0.0602804205581947,-0.624554512542884,-0.0873664781662384,-0.0735776464172943,0.662330279510477,-0.509868411245117,-0.515034372444266,1.34006187922179,0.669713490538096,-0.481069460690439,0.651000461729778,0.434528493586448,0.33763003110686,-0.202997294783039,0.130549216293538,-0.39518866064601,-0.1648343870507,0.260002430593932,0.542532730581817,0.161381678095715,0.225219714231913,-0.569805021890911,0.240961848715511,-0.0899309896194369,-0.0308496695529801,42.31,0
62434.0,1.19937193288562,-1.17843049611785,1.11448706317927,-0.804943187919943,-1.60989549276903,0.421746043773133,-1.60027252092923,0.458586056908989,-0.0876727925230973,0.75128761486144,0.911790992604464,-1.12107212566199,-1.83074511382307,0.026208671643478,1.13683935208225,1.81184261163429,-0.0151063321156778,-0.205067803755338,0.156822199703145,0.0425364430861233,0.495447382147238,1.18315650559611,-0.118682924033918,-0.309612025484086,0.164764056379773,-0.0078389524202472,0.0471059603261999,0.0196034750261809,57.0,0
44315.0,1.04787841010206,-0.516898684220955,1.10966317980003,0.10982224820944,-0.916703821181587,0.438309324305252,-0.717067920346879,0.276454514934268,0.800787167406794,-0.372526769877951,1.27963717569794,1.83251025496774,0.781405846717163,-0.501166898138824,-0.846197096679425,-0.253443680631572,0.121680635307175,-0.695642917546617,0.37818098971241,0.0414497096106268,-0.119686884246452,-0.132350935006639,0.0502263989337495,0.118862225611462,0.0490644728053441,0.947783137631875,-0.0227006250188103,0.0096642840496437,48.95,0
157599.0,1.04724236739832,1.35324236066528,-0.924665305233644,4.3926199520969,1.32551081121835,0.811074571958583,0.504142644785513,-0.941382341675502,-2.21640921880798,2.04131299480047,-0.38994280129405,-0.341699433265629,-0.320048624082251,1.05958743621826,-0.627125037985873,-0.253617381057914,-0.175128378050201,0.495128718262854,1.72305927963555,-0.0747467402414682,0.931102766236044,0.356544698375725,-0.26808740883212,-1.0095148412283,0.291169852891135,0.601653600724056,0.276006476039493,0.310104394378473,5.67,0
169670.0,1.97821893152464,-0.0950002733222442,-0.830593399465801,0.629354267479303,-0.399509352655638,-0.795631176166288,-0.434099637596782,-0.133574473807381,1.23679522820858,-0.651061126881376,-0.586467432647474,0.493895719973666,0.759940968661223,-1.49409641628615,0.73386829884998,0.530569195764168,0.297140015844728,0.80555216772324,-0.46145043907712,-0.12768320400203,0.213263224162267,0.89243206930007,0.0227150967548419,-0.162242209551635,0.0091774045653574,-0.134599445765461,0.0550184285155874,-0.0106375465072825,13.48,0
156599.0,2.07239098966865,-0.0497996911270776,-1.12523663932915,0.381304419257995,-0.0662438606577698,-1.12788937819846,0.186362293736646,-0.329436039959854,0.541452863313602,0.071457133726386,-0.861613307239623,0.425653531584604,0.157074871425613,0.25324564953098,0.0434512157461318,-0.0653012397556607,-0.345532569768728,-0.829706868959751,0.201215555815042,-0.214949903717383,-0.298082764645297,-0.720856353175226,0.32100990665825,-0.108523206397769,-0.276491309860621,0.204839176132343,-0.0705223609373446,-0.0612566049795248,1.98,0
170344.0,-0.134720805578637,1.13680778642404,-0.786349383802371,-1.32160459298991,1.59907043829255,-1.20713043760503,2.00479303539373,-0.826910018141006,0.25551970263538,0.379869479050945,-1.01642368024753,-0.767648691099091,-0.970710977422212,0.311013661425863,0.036391498850544,-0.748357964869476,-0.681070773026852,-0.275514818519071,-0.0602927374161624,0.165278541949998,0.10272771003223,0.807016752234831,-0.290118293478043,0.605883475828376,-0.299276527526793,0.0019484081167157,0.0286618608009606,-0.117652458034733,0.77,0
46726.0,-0.983328346346715,-0.504022983840493,1.95949580975635,1.63603934382684,-0.94406250628732,2.10786069904971,-1.32356738235249,-1.05882279661262,1.04039935221198,-0.434293472890545,0.709031636460281,1.21391205660518,-1.38287430084033,-0.244642584814798,-1.39625810454213,-1.25399866455588,1.2259395232762,-0.873641216982924,0.528949398211926,-0.48667665081631,1.28120678717047,-1.1350243410198,-2.43084882118312,-0.148342766676819,0.653817077714778,-0.174143136323782,0.52485240176628,0.135762441320827,415.44,0
125585.0,2.02032031530114,0.106334088448827,-1.60544894106457,0.346237016254951,0.371773897656862,-0.666805373747341,0.0772061563726889,-0.094255749922768,0.240252904825854,-0.20559978908893,1.27734520346717,0.83142731026498,-0.176731657017759,-0.612190414882682,-0.495494390557871,0.463889707839095,0.297868512395528,0.141550125876777,0.272876842280458,-0.160428373926059,-0.302492858023491,-0.80739051806147,0.352683484498316,0.666378957984603,-0.317112968024113,0.143072016950912,-0.0669306056839666,-0.0391293697025818,0.99,0
62727.0,0.879966175872029,-0.53309735847867,1.24040539160696,1.21455957132656,-1.15412660765822,0.165784158711072,-0.722199690133325,0.260643833534005,0.853877938353649,-0.130402816765228,-0.4480296718403,-0.304035177245826,-0.855361604540322,0.108240697820545,1.96683429925082,0.538428518856546,-0.423849915263829,0.312092276175604,-1.17850738270491,0.0449079518795982,0.342719768024988,0.754655138269475,-0.137552829644542,0.0533627380931874,0.214458644358063,-0.233727485817723,0.0628578247339084,0.0592977900539006,132.0,0
73571.0,1.21557453106796,-1.10486383813789,-1.63948130767259,-1.52310110807099,1.50143728738784,3.24202671583723,-0.632144726612563,0.667651995981052,-0.952818660470354,0.623180535618228,-0.502523880898612,-0.1769789895558,0.175248318698582,0.18024054185477,0.154940647217823,-1.4565649775136,-0.184552229150259,1.05987766718273,-0.131709785903128,-0.114516983126883,-0.424987435635633,-1.0544628091959,-0.153175054258411,1.05833509280301,0.548018556910421,1.09345533062095,-0.0901452078266281,0.013446897785041,133.99,0
148515.0,1.91262502516916,-0.723606787111408,-0.546612467446826,0.144115759873588,-0.673416910969037,-0.115618890428096,-0.718653796288773,0.104277691426866,1.6732987334165,-0.215231650381166,-1.22147524186043,-0.166110619691868,-0.926085154586124,-0.0078905408465214,0.729393386335731,0.15678709206224,-0.405946445763725,0.24950967319781,-0.145262367160429,-0.154563250916577,0.186896673306094,0.606155427611266,0.134951559493206,0.618141505010664,-0.203017620602985,0.100727922644305,-0.0016836131508371,-0.0308446998999191,54.95,0
157759.0,-1.5608254226094,-1.06785779081051,0.138003773072091,0.780004173790235,2.45151437918082,-1.1362534046161,0.0973771954255916,-0.066839990531662,0.151997929506751,-0.26895512947376,-1.55927588304372,0.450376703513502,0.608360569183959,-0.177370648596257,-1.1696379952774,-0.451448883067062,-0.516868903126989,-0.0903405180474666,-0.258703699149118,-0.120842383187683,0.263528658179447,0.973515977305121,0.606723976833951,0.597607777707733,-0.303055409059802,-0.65947536289348,0.114351187137116,0.422444170159428,1.0,0
157944.0,0.105594051612785,0.703077089454517,-0.328690847034737,-0.682187079645388,-0.0861378796993685,-0.313565198905864,-0.183136736480975,0.628059185903104,0.386986591404143,-1.29363774431946,0.900224828758362,0.763906945607677,-0.210321236195683,-0.893366097248943,-0.407593744762373,1.02207620774566,0.188579028076001,0.964624918268661,-0.19199331175244,-0.24644719675246,-0.0603887340285353,-0.293264608984256,0.406177975164764,0.612798137079515,-1.20682641480751,-0.507086803089229,-0.0384005111085055,-0.005160054617516,19.95,0
76745.0,1.27959404430639,-0.547009904095639,0.529693959024732,-0.629233592481075,-1.15419338701294,-0.826006962113568,-0.480153216716742,-0.13276360783676,-1.19354669693222,0.817292287350757,1.49144818627343,0.878339988970499,0.704464286716652,0.201279676727063,0.203397469807558,-1.06058424570531,-0.277405428118925,1.22887159198609,-0.55979064615174,-0.379725051029684,-0.400141317023467,-0.767056964193104,0.12507527566725,0.557038989293496,0.0444879592665611,0.869793064565028,-0.0606338559665676,0.0090327652890722,36.13,0
163456.0,1.52529139017016,-1.90123873698455,-1.37234616910444,-0.415892805151716,-0.797009587062473,0.245315805035638,-0.431993442435376,-0.00309924085988,-0.358749314182126,0.87856405842752,0.0630299306522613,0.273492570676218,-0.0216180512768687,0.202054076132918,-0.358011277959674,-0.907370845973332,-0.583067448164031,1.78342216706354,-0.438961365163984,0.0764197834774227,-0.180026742465949,-0.711284413918375,-0.0059181735466507,0.192650094675343,-0.472677744126591,0.486847212599125,-0.102816738089154,-0.0044057162087001,328.76,0
41043.0,-2.16502663107743,-0.50690553402558,1.95470775155847,-0.476598884872679,-0.526549432222281,-0.779590628464888,-0.142689084086848,0.53978075927439,-0.0009274119710381,-1.17736994440268,-0.727314010865566,0.796465221366412,1.28394611198612,-0.36586943270194,0.0480715497626106,0.579262594290884,-0.3339472738667,-0.0423839965212896,-0.579662602549602,0.674270943786814,0.304816914561268,0.367115119861565,0.0315957251839785,0.487720969754231,0.386661339302321,1.03568854004,0.0786501742648459,-0.0952936954705464,148.0,0
58120.0,1.26647918725448,-0.623628639541874,0.277197744564339,-0.602318449951842,-1.12177889273775,-0.938335969090747,-0.390901262648668,-0.139614753108093,-1.14120668124684,0.86182003925564,1.29775760008811,0.328690038039729,-0.301205552685193,0.467844612238729,0.187747120583237,-1.16649973093097,-0.162228723369751,1.36743935172239,-0.556771440751082,-0.418718090548048,-0.302121034322074,-0.538149227250165,0.0263915480516616,0.554288601112603,0.186092309397793,1.00769089007375,-0.0802036691636764,0.0028065466822776,50.0,0
67952.0,-4.97740728584576,1.3538280713165,-0.964530372595232,0.932532888964512,-0.903540302646388,-0.325434341945811,-0.162335364783311,0.514920945084965,0.238840407390699,1.69227663997122,0.88998536155679,1.36417407459896,1.21111513482634,0.318273695877453,0.572268607843347,0.331579327711075,-0.413873848632979,0.492729393033729,0.968522523842479,-1.20882629936523,0.0002789622945957,0.455921642234186,0.0241020649506696,0.0716505825763036,-0.351566600532993,-0.698957948324648,-3.06598208640952,-0.349714968642882,18.04,0
155624.0,-2.20571065300419,0.905867582203859,-0.284921858643154,-3.34807178621849,-0.60718792976518,-0.811109985427067,-0.34435141071909,1.12783138140148,1.16582454596785,-1.66894069986983,0.542531285646856,1.74963760804236,0.261735004201324,0.585459613551686,-0.672271894324361,0.490747209142586,-0.729592807077522,0.309998089690603,-0.287185444037333,-0.22822526145006,-0.0552108378210909,-0.306804802362705,0.0697678736311923,0.745159485290129,-0.457676315825851,-0.90633498980443,-0.286268853606753,-0.161239935279618,12.05,0
140837.0,-1.56666084443198,0.346024993935337,-3.05066515455761,0.181851635075621,1.35562456921319,-2.1185938754282,0.216424733860349,0.564570551130767,-0.30551756687836,-1.89244170016243,-0.378327537991241,-0.643283103208391,-0.673565138912034,-2.24813828632991,0.15788597260368,1.28550851048184,2.4243901395615,1.14549323059749,-0.862971091424074,-0.0738337493498081,0.0314931582415575,-0.30076056683304,-0.275822067090666,0.525049699606228,-0.413515048393183,0.516832570617318,0.0006708946280526,-0.323887287917914,70.0,0
164211.0,1.39815582446504,-1.72000060892397,-0.77189049793224,0.0498947788776428,-1.370057159814,-0.634796466106021,-0.417688357002748,-0.0103101776573171,1.44242354782308,-0.111190978988612,-0.821768757932535,-0.922608398663475,-2.12884672897569,0.424620313901826,1.24167669347768,0.64203695291836,-0.31259228728939,0.181843448661097,-0.394453587723414,0.373945510841368,0.339852191812916,0.229010809238683,0.0455075888467194,1.1855442758598,-0.712716581272482,1.18618603470703,-0.16361599650535,0.0039052825252773,330.0,0
152833.0,1.90161423433845,-2.09473972743165,-1.39031009399434,-1.70085220508072,-0.964721768299083,0.373011663706915,-1.04051351599031,-0.0066540506818541,-1.38900087021147,1.61580081086851,0.0497471228499606,-0.222803705977035,0.78965164557599,-0.350235037672503,-0.695067826589461,-0.112548677336223,-0.0347035438189605,0.662687793808616,0.272029942376274,0.0555288819899766,-0.0165566205351039,-0.0323586403594402,-0.0116429889086764,-0.115090736901285,-0.216278174511807,-0.181497642604794,-0.0242568630025656,-0.0225284638184469,222.0,0
115941.0,-1.65578332908049,0.970512421205206,1.25451012583754,-0.881348426394181,0.649413177303369,2.30743792298889,-0.326646999854824,-1.81465744897225,-0.172768970352223,-0.704968341312501,0.812277981679224,1.14008589511713,0.230754743697209,0.0199701885145566,-0.0972371150814083,-0.61895777941417,0.441472660852644,-1.28836178121594,0.207335386854537,-0.697643539365052,1.89044810110329,-1.56164609548056,0.266065568669405,-1.66274079810503,0.053400247906314,0.493525917232091,0.260715680242196,-0.0033595290948682,60.0,0
80732.0,-0.49857942645751,-0.0865143872459465,0.440046353864459,-0.266971398150574,2.08010372509902,4.00538064568764,-0.523933686285049,1.08521988693316,-0.0193234827782295,-0.346436175042256,-0.642308961630956,-0.14422423856149,-0.018023771639813,-0.186155066009051,0.577735342816491,-0.173812896258324,-0.24411726909511,0.600625984476115,1.42289238554923,0.389877940861032,0.176741932367338,0.426224295799231,-0.0612645572950617,1.07241547429976,-0.132097456201511,0.595200825623149,0.125348461620936,0.148499148899917,59.9,0
149308.0,2.11468528194807,-1.2252040292652,-0.343124424825709,-0.676261722466465,-1.54403526674422,-0.772611914409937,-1.2234434684122,-0.0149444659995831,0.57639571104984,0.756772452594689,-1.22024705241901,-1.3899387260962,-1.54820319502509,-0.273627902406305,0.218829105742668,1.20272002167859,0.278293718600202,-0.819571030348447,0.425715016690636,-0.111436726571113,0.400094780129435,1.17325234351004,0.0896175012637808,0.0550329067973844,-0.16657687160743,0.0114758161794924,0.0056881158573085,-0.0477764162571564,29.85,0
128781.0,1.97845884213413,-0.0401345930587602,-0.794778660522785,0.427144804769526,-0.301929012125434,-1.1955728366098,0.14036327140544,-0.262270021125417,0.141781278406568,0.221264422159562,1.57594774777053,1.66925680328591,0.549936622392253,0.372863134454033,-0.774978590689499,-0.104476329763303,-0.372065588006355,-0.640119663037125,0.218345838200564,-0.186903718223902,-0.192261497577516,-0.428462882328683,0.388648038419376,0.567139008908151,-0.381425878966039,0.141173018675867,-0.0696069738725279,-0.0628040440206177,2.69,0
166752.0,0.139592150620568,0.802101478963331,0.4633001226117,-0.618936025369305,0.571035936585551,-1.09790301397497,1.22163883397111,-0.438678069419543,0.0709032655509499,-0.203468439081864,-0.79217729177892,0.16290553740714,0.192608675313214,-0.137712468762939,-0.396942032733329,-0.189102780023799,-0.520833781372662,-0.805246270339669,-0.0844163934193243,0.0428204673993592,-0.309954802682892,-0.526135620406533,0.0257989949463667,0.0455225891068304,-0.510387579451392,0.108634161598472,0.0855017433705655,-0.125164776053026,1.98,0
132024.0,-0.0923685168247686,0.036453584361686,-0.726423855942611,0.0987194335682594,-0.209112363729468,-0.719426800819472,1.29725225093049,-0.889624643018886,-1.56270094333914,0.77840877916178,-0.0112298130074471,-1.1353832932135,0.693400068967693,-1.4284330850669,1.28842657339881,-0.188448423124269,2.09082668737752,-0.774970654780983,3.12303774423198,0.224602896985366,0.238638066055859,1.23993148496533,-0.283594491214098,-0.0118900895994624,-0.74434830297001,0.265809652523186,0.0321334144223668,-0.0346727939405982,225.08,0
148995.0,-0.0471331225130025,0.316399771498816,0.372532345440891,-1.52504658126883,-0.343866881714808,-0.0949994919973404,-0.331608416563422,0.382238131572833,-0.998967489187901,-0.124546511745947,-2.08604151347031,0.205848441804504,1.70567912348987,-0.304762221457273,-0.175761985164435,-0.702995787914961,-0.631098045374019,1.20633903290458,-0.61331129969684,-0.568562610902502,-0.563965363801293,-1.18545788942937,0.16976761394714,-1.03375688019895,-0.809479288935561,0.220653740171277,-0.0574511694687777,-0.0149761407478302,5.0,0
42182.0,-0.572632496450674,-0.112967635910264,0.861649466428969,-2.47184833699604,0.435679569729787,-0.0994651739898925,0.351238604975128,-0.230553259805521,1.74570458983754,-1.30639845897138,0.0661474287041504,0.972351262973121,-0.0120298314920081,-0.267341671113952,0.242168177075051,-1.42433071907042,-0.179388706662696,0.937182660113798,3.09469558791767,0.0367083249166989,-0.0320628675505969,0.4286096156936,-0.570309951882373,-0.883251364325713,0.255837619506867,-0.647710507922911,-0.189452864089826,-0.0965159953280716,22.79,0
75181.0,1.46635022798975,-1.55257760652534,1.29053838123527,-1.22780126094337,-2.12069125856483,0.421184115533501,-2.01191037979653,0.232022646175866,-0.52967811410495,1.22053934862577,-1.86536213549797,-1.15132179662956,0.227773991433156,-1.22950894404403,-0.116358991881721,-0.0882248209660681,0.400351892202846,0.782614525120381,0.0616661584230055,-0.314966296432137,-0.0597644622717468,0.448287829464304,-0.147496354556577,-0.44107313008605,0.399475216747423,0.076551517888236,0.100289901240395,0.029040784195016,20.73,0
47739.0,1.09991533442849,-0.516059803390894,1.03334095248426,1.19236174529566,-0.615890137167676,1.39652248307688,-1.1295934719965,0.536605359820629,1.5297657219601,-0.202313477022553,-2.2520892454948,-0.731138372053325,-1.20174227023746,-0.408406476130617,0.675404016224051,0.443423656167211,-0.453049666280469,0.54009597284172,-0.2709471101596,-0.1351437000438,0.115517059949289,0.495662230803012,-0.268621996446776,-1.32203139929797,0.513662033266038,-0.0568651875866661,0.0948843275232157,0.0287661044716458,47.31,0
163006.0,2.06075312762147,-0.106978199071628,-1.07731497414835,0.426283416057588,-0.218084432184338,-1.23758201319577,0.132239326219788,-0.291338736620463,0.658977479619081,0.0961049880419177,-0.866133250241492,0.0268232651546633,-0.717309373670007,0.431190596440522,0.124940586103962,-0.0711948120164571,-0.24026020288644,-0.776832129811711,0.147971791084456,-0.274286087241059,-0.297535279805041,-0.761412477010194,0.350514829813349,0.0249686403564546,-0.32602756034836,0.197976210450647,-0.0758542625571182,-0.0614891562424326,1.98,0
139870.0,-0.236161267493433,0.85688473919984,-0.221647394476865,-0.641618766542536,0.275259144862903,-0.609065277409893,0.623433607532368,0.348361270520232,-0.477782480683562,-0.684018294753108,0.16549869480143,0.658618170541151,-0.429978015128436,0.69200055880142,-1.34607939928239,0.191972918052517,-0.481859481231201,-0.069746866939483,0.412246596667025,-0.25724904167474,-0.0925837779796601,-0.385968243725156,0.0645605059856383,-0.339571569046842,-0.416809181845419,0.204501927632678,-0.138000640378814,-0.0427903806161215,24.45,0
100912.0,-3.18148104307395,-0.936427766606684,0.263210910270268,1.09826964291207,4.51782507013108,-1.87425048825456,-0.555393440515583,-1.25001520748271,0.665978991412848,-0.707529601740965,2.21595652575002,-1.84975045812115,1.60575357059638,0.222745810049826,-1.82656368045576,-0.0951809493740112,1.40372364643436,0.725488454732755,-0.191862798554463,-1.29026711232059,0.232666873510193,-0.445662654640035,-1.49451288286794,0.665227598551692,1.0637360925058,-0.445864935893167,0.448160914781485,-0.438296368699045,42.46,0
48424.0,1.23728121939794,1.24937243171015,-1.96311614908297,1.40352936942179,1.49577049449639,-0.855745389199616,0.758383675546526,-0.24761287524189,-0.526621149543778,-1.62525581536465,0.441418062817891,-0.208432794579989,0.862379132306105,-3.57060742723416,1.29037540172319,0.948691014517804,2.63165590694495,1.0537832431945,-0.89050637799312,0.0431101045212383,-0.219471859393751,-0.481296395355217,-0.305344908886739,-1.06688675188815,0.92100545174488,-0.21691628774633,0.0584041764040843,0.0893515611236592,14.97,0
140823.0,2.20581193131972,-0.642436134661603,-1.30017151119421,-0.865313953029438,-0.55989146254131,-1.42269549082069,-0.225620811618962,-0.491653431292629,-0.674629596147158,0.848484363763542,-0.457259478112025,-0.122611513000138,1.12874053756826,-0.152578232315845,0.224111757567614,0.835337545899059,0.0995619272969808,-1.41895263575512,0.410049541584282,0.0456300088946572,0.450344806520968,1.34645306420861,-0.0323791298346255,0.13391115984387,0.230521140557169,0.0618282483697499,-0.0348546186434213,-0.0616968144742143,24.22,0
83892.0,1.32613072233597,-0.649238034601245,-1.1119551448007,-2.5178610120106,1.44383787192933,3.00492642766921,-0.913871668550197,0.802481851951315,1.31169556851503,-0.962828475146738,0.105610317853032,0.425832246337648,0.132027495152859,0.262199694738478,2.12364084561494,0.107308207050861,-0.780407169680971,0.608192288574156,0.877545798704966,0.0921049225322172,0.0619783890114548,0.128873621903204,-0.130263286037405,1.06576744220936,0.621422447280142,0.124890820249018,0.0168563199174688,0.015799029804506,21.29,0
53961.0,-0.627509622229897,0.93526309146246,1.14768401140057,-0.743948746499992,0.676522413249666,-0.694966936685175,1.25660595284846,-0.128568501529388,-1.12645409871311,-0.631507015160305,1.07726894999881,0.980532807355995,0.666360733481197,0.367878566817085,-0.656530291372365,0.440121415407938,-0.918233087038108,-0.265709565261899,-0.0331597545440638,0.0289378683667094,-0.232240455440273,-0.849787871624251,-0.0265017243863671,0.0092990885914385,-0.0873252744322492,-0.026422115918998,-0.0010755475398971,0.0925862290356616,35.95,0
118191.0,1.75380657327079,-0.820027760574005,-0.789559198882081,-0.0373683121160785,0.518501025603211,2.45325811564518,-1.08505347292541,0.797567026028554,0.999292024088066,-0.0219075637686822,1.1465464993278,1.11244310320453,-0.0612886428077556,0.0713690279194869,0.803122678257737,-0.608328769478322,0.281453752876927,-1.21479225967883,-1.32589557994846,-0.222122041760287,0.341539002098859,1.22167217636652,0.193301098244673,-1.09185374978609,-0.493161921224343,0.718748026367052,0.0327227060328029,-0.0673576876430393,39.0,0
53111.0,-0.911357780840223,-0.211059710656094,2.28599699703031,-0.337443556449618,-0.383412065618116,0.0721439053827047,-0.356126945713301,0.0561006464572502,-0.962970574831879,1.02985841491077,0.433116165439026,-0.353729107213258,-0.62799286297157,-0.293062439857188,0.0514341281578285,-1.51076188398354,-0.117476593222316,2.17169765140941,0.357218841953633,-0.166981856005376,-0.283652828398496,-0.0496454316696921,-0.357126678890795,0.0203333219996446,0.208958292570143,0.621213625180008,0.0347225279108933,-0.0733154249373364,23.61,0
17775.0,-0.538752652959803,1.19179280875081,2.61394212313333,3.44660232233665,-0.593579339626301,1.19820472444357,-1.75897896419802,-2.12059762433152,0.720881648937708,0.500778948724703,1.96054589860493,-1.1912830424186,1.98856801609876,1.26266512584782,-1.50118021060702,-0.1952953542784,1.17115907897886,0.398305802923832,0.943108104334405,-0.412790048727639,1.96962849136745,-1.34405515703007,-0.731543026036084,0.507953303128253,0.862090731298884,0.237388271515157,0.258355942269295,0.188499897655974,37.92,0
52952.0,-0.389293131241877,1.05698116754396,1.35895093792033,-0.149901413304977,0.203623304506813,-0.58749971349358,0.759473711696429,-0.0704691561504877,-0.453512212799913,-0.334987040661128,-0.744253877671348,0.098150576403169,0.710290864168071,-0.0045446716372407,0.820135094093361,0.317532144049056,-0.608619625568125,-0.25945511209193,0.195874436357317,0.166621552632784,-0.249721103080257,-0.638566664949102,-0.0737783248278395,-0.118616610903035,-0.104633665217831,0.0999252970721468,0.266011109497653,0.117733326803407,9.99,0
90858.0,1.88851829794223,-0.521688799986926,0.137452723406936,0.624619641388204,-0.767307027522464,0.298780101627139,-1.13468260984906,0.231505444757591,2.46753595415036,-0.173919332716447,1.62161381536906,-1.90525182337412,0.989941280655221,1.46987318817699,-0.567995530363698,0.866801784937041,-0.155420885086458,0.984528326893665,-0.321468661767833,-0.203872849854668,-0.0534652926638355,0.095116671483952,0.337493550307134,0.69247996207891,-0.607269296765897,0.0920265314002655,-0.0339157567914335,-0.0404493298906734,29.5,0
40358.0,-7.49224771767258,-14.6338691987302,-4.2844824494892,3.82300066878378,-4.92781528139152,2.3105955864872,5.22850826347925,-0.751967354002392,0.237490892113592,-2.31834869137837,1.26408211066879,1.23440034717763,0.0199241921822903,0.960401225090468,-0.1276143378631,-0.144546956857596,0.703733882487598,-0.0309191703641499,-1.46279124134936,8.88027407537843,2.75853942689092,-1.85991640705363,-3.97277967042888,0.0398848880918679,-1.34958463775267,0.738620548959748,-0.867048609736919,0.759144377804492,4457.43,0
39466.0,-2.01150721778202,0.882342547277452,0.862862875734242,-0.228474304919698,-1.30082430884364,-0.453782104747305,0.314547271593166,0.775979203853357,-0.116613746278441,-0.92516253838997,-0.925485888041516,0.930010504380169,1.25530466445517,-0.014945074724605,-0.302544581826025,0.531576632618017,-0.253234135817542,-0.0847199330141168,-0.755328928781842,0.0355411490947922,0.189437541789898,0.654174792409218,0.0859596350334081,0.479513837841755,0.168616701115265,0.457781635009051,0.309424247942536,-0.0556019290584779,144.0,0
119895.0,-0.360350787912508,1.12673914445718,0.005273127886152,-1.41613687245749,1.43686861254558,-0.814558493286821,1.37078291372899,-0.19914991929044,-0.380472628692837,-1.53717000817259,-0.912837687453714,0.247646652992142,0.799622396093574,-1.19647868667557,-1.02939463958285,0.734309186109644,-0.171232875685334,-0.345714847379469,-1.18403297635314,-0.16701882499814,-0.269586582131637,-0.768312450005508,-0.0801854194099638,0.391908658520664,-0.344801939947647,-0.0776281978773878,0.0780690777546739,0.185650441155669,0.89,0
26347.0,1.46943433801426,-1.07833021931246,-0.113133489247706,-1.48626107060697,-1.19960424032973,-0.734057904360308,-0.768531865585108,-0.128538202014761,-2.12391051110091,1.66375990860886,0.72925124489604,-0.963069287774401,-0.808693906275329,0.286377313888234,-0.17964780641995,-0.292084582281992,0.31534666404468,0.55836032190389,0.258220727389576,-0.33628646195437,-0.17225331472804,-0.253973303797038,-0.0917096538113492,-0.0276854051981381,0.523537880826038,-0.141522498245359,-0.0082247858021743,0.0010624918717826,41.94,0
42520.0,1.19315625773292,0.12112884742529,-0.0617748797567648,1.00771318554753,0.485076020730089,0.8110390949748,-0.0392146521259604,0.193432488679256,0.083905132960187,0.0381948792306862,0.149287787139125,0.928483846802192,0.166382083500589,0.15863985353574,-0.728659765340042,-0.194539267526887,-0.420816718150993,-0.123432469092197,0.358353226393447,-0.119170542807933,-0.121289570264643,-0.146174624914599,-0.22635293715651,-1.13563061060658,0.792413456818411,-0.258474296199079,0.0347237221829641,-0.0047445326715385,13.99,0
143813.0,-2.09810658257221,1.90039281557298,-0.57224891372863,-2.52046491407431,-0.490585370697481,-1.47618754731654,0.107105979392196,1.20471990229974,-0.260583175539837,-1.09878470180741,0.476571308718088,1.14059201356682,-0.419923764470373,1.25007231415142,-1.25483023404898,0.761432565293362,-0.480771392936389,-0.274694276361043,-0.641175768305927,-0.189069766563078,-0.159007967428823,-0.718164773330249,0.0572082571252273,0.0665116129715355,0.0278996938857828,0.363137466483268,0.0563676875167337,0.087097297973382,1.0,0
19890.0,-0.31848679753777,0.293308988942696,1.65332264618346,-1.07669850119312,-0.122234343155645,-0.215149748388162,0.0612804240744582,-0.132291106139589,0.160533614654495,-0.397200165247913,-0.412638156713964,-3.27348356024594,2.02131766571561,0.77694947733624,-1.40176880547437,0.610727869675339,1.17225884855354,-1.1067045917146,1.22615320320628,0.140497650771037,-0.130987945466376,-0.0778107112374755,-0.307008586851506,-0.357634738347842,0.256524309452698,-0.260629839146669,0.0645118751984596,0.0833400285489228,10.0,0
66233.0,-0.27584620954103,0.722827653198703,2.08846109197975,1.71661137199133,-0.267441259749279,-0.0176817488352554,0.102146083520051,0.259495487035321,-0.0328967846121286,0.0378813757428224,-1.47785429202003,-0.60338778507921,-1.13164511871782,-0.314298913819299,-1.02825208000954,0.835201675055785,-0.695386433361262,0.0351958643565789,-1.50375694196116,-0.310206751193005,0.0950923126235502,0.332658205463844,0.157519596646937,0.343341362539536,-1.23799546614207,-0.397875496650102,0.250101538559866,0.250067941149886,5.3,0
18093.0,-0.60392956222608,0.415758126101958,2.46339658268924,-1.8295068194277,-0.193086083487216,-0.370609926370944,0.363423591341785,-0.173307563700051,2.69800595048922,-2.01833935019463,-0.205324823548394,-2.69562672250028,0.911368344751482,1.01717596830197,0.0762247627217501,-0.211620156709543,0.100104565190646,0.775649115303087,0.0478393936438688,-0.103208011639937,-0.20443348654248,-0.0561613177178646,-0.442477559779914,-0.217152047387609,0.511776189423175,-0.806692345363179,-0.0862726807061361,-0.159496895324929,6.7,0
138226.0,-2.13125306275925,2.61373574087943,-2.83514438784534,-1.48098884873416,0.291173462262548,-1.05635685406637,0.251360296776988,1.31140565999805,-0.229559846668029,0.262988639540279,-0.633004698150906,0.391876202890715,-0.819505331049434,1.80649980633805,-0.734812385731991,0.127614951267912,-0.382934646054814,0.520631469516861,0.338660989623808,0.0512913637703428,0.225484069256231,0.699448636436002,-0.152859720844718,-1.0849008200879,0.0282547765700879,0.139684816763475,0.143328086172749,0.013279365175023,2.19,0
52954.0,1.23513054992713,0.156760919737215,0.147313483279756,0.517671986074818,-0.32057412925922,-0.602371456601493,-0.151811754728673,0.072408602674509,0.0829764480375483,-0.0576807678269756,1.0103529098307,-0.195703883399207,-1.69774375930551,0.266725925969205,0.62611794193691,0.861350742326939,-0.268957196932173,0.537954640072236,0.229698881156727,-0.180034545634893,-0.279555459764896,-0.934440317689171,0.0982425302417251,-0.0944275368352043,0.166269059406311,0.103994926263939,-0.039769705575665,0.0132178425788554,1.98,0
37659.0,1.40230466898102,-0.416751165947618,-0.248407333388429,-0.695557776273848,-0.543300884669767,-0.955086061339831,-0.177325634056391,-0.210208743914309,-0.992640043471501,0.673503782024286,-0.192251466976407,-1.10742953445159,-0.983055337411411,0.358807354593132,0.793959970207068,0.485334517711485,0.747854466852914,-1.91685631809499,0.283890005435143,-0.0332019585580585,0.206288659343112,0.508937022602326,-0.122592026686741,0.099903294099773,0.683235607359703,-0.0521920661334584,-0.0197452655382408,-0.0034776979786774,15.0,0
168010.0,0.355853917233438,-0.713465285875956,0.35097105807716,-2.63419642958682,1.46718516540398,4.28678628823662,-1.29363260248925,1.02465802393336,-0.107760156269053,0.421668231684589,-0.265326689812714,-0.870228594061676,0.176142662549506,-0.926986902603554,0.775994521419663,1.27941764481778,-0.260670669674055,-0.604282943512073,0.364305161445589,0.200360682521259,0.539685267187137,1.73066274025593,0.059626917832414,0.743662582143125,-1.52793752401165,-0.227434851331535,0.200832129385568,0.0570411358533384,1.99,0
115424.0,0.333279621793711,0.160613964168704,0.0593922467927687,-1.87177261307611,0.0415156834153849,-1.23357184271991,0.556884778646845,-0.362012203431882,-1.2764415050995,0.187886996905734,-0.907143224433144,-0.828058784791496,0.462977869141963,-0.166903077357891,-0.147596323370747,0.929697714287139,-0.0402846235937096,-1.16083742985064,0.281031899858373,0.0294473620489289,0.502086701883737,1.42469504316038,-0.280230683712273,-0.0461853668845903,-0.0129531842081679,0.0004095887362955,0.0362912913509975,0.0278973293040794,12.0,0
140559.0,-1.32444844782818,2.60313372345516,-1.46832934181622,3.36611652608527,2.41984626192678,5.70107110110914,-2.50715487459281,-3.65850091488412,-2.84143701118874,0.491539806486167,-0.67239553467915,0.0022990069237106,-0.487990332661214,1.68241318869484,0.53152503703033,0.0285887595402412,0.603306454824685,-0.312015858023006,0.895712322681259,1.48979902963072,-2.67004649590072,0.294537769924732,0.639284739798462,0.609228415466289,-1.0154719075324,0.0270242128684934,0.295681203246058,0.284858237655512,5.46,0
125662.0,-0.18361468875463,0.393781319914303,0.0721199148642076,0.821581460194645,0.344000757411327,-0.723063159882908,0.877006614256424,-0.194001143759128,0.14090313277251,-0.102223184253708,-1.40536835644643,-0.861627820600108,-1.56899922398076,0.455722985376567,0.0317674154696491,-0.369103160048018,-0.279383061902733,0.309845759118272,-0.298047129786256,-0.350159286841624,0.410110509012086,1.32934781066636,-0.224107544230627,-0.0092983701564567,-0.307902738758641,-0.369723990757179,0.1042835169882,0.0627057165950215,88.0,0
65774.0,-0.663213734105789,1.19914094130848,1.45668788426209,-0.0804173669781085,-0.0864258202617248,-0.913007651677936,0.713641064117352,-0.0713809605094346,-0.241147752636638,-0.0118902570647651,-0.337075040106011,0.0924590973593517,0.285014540901623,0.0219946293409407,0.838071249970581,0.168707720941181,-0.418506072622919,-0.396846511142707,-0.0164252045412186,0.246264153460485,-0.254638207851735,-0.598495486539719,-0.0066213003308909,0.363829714094535,-0.131162204405152,0.0753337346927303,0.371379318439534,0.188412559353016,7.99,0
67653.0,-2.32593500774615,2.65820900515381,-0.192097591959964,-0.510811770682168,-0.234772278096229,-0.678567755143931,0.28000163828981,0.489932538538945,0.988326637707819,1.63104545216264,-0.960419082187178,-0.279050814248247,0.0906292642614893,-0.708790434083416,1.06605618650476,0.566694774526638,-0.214286712133756,0.0734866373413828,0.0138042689839465,0.94794509743914,-0.548832237267199,-0.984624455491324,0.0059421574828615,-0.54364931123886,0.301026700288267,0.104970945686126,0.401826235740797,-0.0577030991937441,1.98,0
133371.0,0.138524662262608,0.892091922877083,-0.368722279899727,-0.532060943528327,0.815541217798241,-0.732396809912762,0.964191146539248,-0.15231258859473,0.108395485016616,-0.264504888763397,-1.27487906238753,-0.594397531324246,-0.761512021073601,0.560156427207819,0.6044457895375,-0.31822811342342,-0.525683391508179,0.363004732954708,0.133197437349618,-0.0410477416005988,0.339807077325379,1.18046375936754,-0.117057007596377,0.592971332235786,-0.772610597704529,-0.240898001854717,0.500367631971818,0.32528195026869,1.79,0
149597.0,-0.244994684678013,0.730962388868558,0.348475503004633,-0.727135382329506,0.881982604477228,-0.448025822045272,1.14817211573656,-0.131414490322856,-0.291722890895013,-0.760095111418404,-1.16730477942819,-0.0628687972824083,-0.164202214209741,0.170286801734784,-0.553589862757292,-0.291365421643647,-0.282883650222084,-0.714022882340874,0.099347828742511,-0.0640619517521757,-0.139509483850501,-0.398190837879966,0.0220361736053005,0.61302551367303,-0.46055641170462,0.185339610890652,0.0850109900565853,0.171283788876571,28.44,0
165478.0,0.149807521537538,0.91896355569203,-0.528491222255837,-0.586928157469813,0.923335953670486,-0.658084454329018,0.867252599360206,0.0067269886265992,0.174007325385834,-0.803133943311606,-1.07386235183399,-0.904059245537878,-1.33555539898709,-0.750624375778838,-0.0244358108496386,0.402725332073131,0.420368820686583,-0.0628509023921407,-0.207954747565896,-0.0654362270070559,-0.365434715377884,-0.96499179619883,0.0944797337374084,0.272452487952171,-0.45240761964255,0.135671596977687,0.215759106843891,0.0787030298943944,4.49,0
83199.0,-0.707278353438742,0.861793470775752,0.589613494824315,-1.4357140540532,-0.121294627973177,-0.601373705371803,0.158819933098807,0.576002517299915,-0.22615516698856,-0.651152431539063,0.25158995086612,-0.0957790861443251,-1.24032760258893,0.763504719006605,-0.156795769729192,1.07256904413663,-0.892262212728025,0.472097943410503,-0.159910397396648,-0.154236003433315,-0.038466331302149,-0.285876826205935,-0.0942186430119339,-0.341957221762907,-0.169718297205493,0.798098455086925,0.0477869773176137,0.0026406116228178,3.78,0
128956.0,1.95020394457153,-0.575270922952355,-0.371141050792723,0.356822589028141,-0.744513769139613,-0.147943198625834,-0.803597811490168,0.184338669826986,1.45079834673354,0.0457505105147328,0.178540243206751,0.299164978725992,-1.36201521780626,0.268104752975822,-0.044257331530979,0.430260077809668,-0.781190630774983,0.973181494323255,0.185180526516096,-0.290056342378218,0.209010868317452,0.753093632267473,0.0833017329450495,-0.350204647320148,-0.134137716842029,-0.208168027951279,0.0277679441396112,-0.0525046562590211,11.5,0
128158.0,2.16181668071281,-1.61109405673981,-0.941467762213415,-1.35199092091231,-1.13737685812455,-0.0747756093063504,-1.03791876751784,-0.0929461312577026,-1.0664422402684,1.47267393425277,-0.0884430811382713,0.62926029945173,1.01318161185531,-0.857708912390857,-2.86097327192827,-1.13009433255134,0.722124715275625,-0.299855864329846,1.02149998708653,-0.305758906437516,-0.466572731181173,-0.682659536225543,0.188195863798491,-0.489773246665276,-0.122309973486798,-0.320167523816435,0.0158686022544582,-0.0576834538626464,63.52,0
48484.0,-3.20443965063525,2.83025614271582,-0.951559514876672,-1.47554527567794,-1.80688922900732,-0.906187626183971,-1.34620949978448,2.26691497419478,-0.144649630238562,-0.0950558909755218,0.459033640220746,1.84806823949831,1.08458625020039,1.16307088071951,-0.368214415352881,1.41229687093478,-0.31137688909703,0.240722727664838,-0.528876296190779,0.170198438567711,-0.0078705552613878,-0.306813498124063,0.239349105906054,0.0425868310842123,0.163591875971269,0.757768322077846,0.0833039471162019,0.0342206740905188,7.68,0
46411.0,1.33284931179458,0.389198249184276,-2.16559660467804,-0.306872623831362,2.6413512514436,2.80808376427436,-0.171626636099457,0.683351733616692,-0.29796200128389,-0.652096600406493,0.418002664896219,-0.322436923729675,-0.143469154599387,-1.15452429586619,1.157633713505,0.878174917750572,0.536917519702814,0.712873012618197,0.0067735552253612,0.0536071193018422,-0.207432404472897,-0.692416684181818,-0.118597511644349,0.891479667860564,0.730240364330148,0.384013445762976,-0.0284652724675567,0.0361233094119335,0.76,0
70695.0,-2.34667886104395,-2.36953285012848,1.23771586779833,-1.4844354518155,1.09571349250534,-0.298902046442045,-0.499905215792911,0.204627513676085,-0.697394287763515,0.0748399437650742,-1.61472516355893,-1.65453011904934,-0.262145431442953,-0.476816147424747,1.0102040310203,1.81587909096296,-0.385747430459061,-0.910764957057714,0.281024905177971,-0.288890702686106,-0.0004834657681931,0.434182943333588,1.64204043805403,-1.38091805828849,0.396200447405763,-0.263206989706363,0.283532316621133,-0.128161061257452,60.98,0
153947.0,2.06126336563208,-0.721200680533553,-1.21741940572232,-0.6723387330825,-0.718469549142985,-0.995616408975222,-0.632970407667166,-0.15170080290522,-0.462425262685221,0.404868382298097,1.41598459137624,0.147686032448192,0.192846404296253,-1.36466390563495,-0.636130042597729,1.49886450756775,0.968259884102826,-0.497674726006141,0.677588975812752,0.083220120673727,0.179833573417563,0.494540289752138,0.130059579304355,1.44381479102547e-05,-0.174193968570082,-0.23197612125068,-0.0034963653201514,-0.0291808512849995,45.85,0
77189.0,-2.07964719973276,-1.51451799513491,0.084350960041164,-0.275626051878767,1.91447089838618,-2.68458343341459,0.04480475082503,-0.359685603097638,0.0621134212693371,0.0060322948878158,-0.598633343772956,-0.169632548082068,-0.486624027481702,0.421340250024383,0.203763165993917,0.141934616142499,-0.465371562826213,-0.565040376668095,-0.406341937211706,-0.40028933477775,-0.0258685634420021,0.230800938764449,-0.19593086262728,0.517096923384285,-0.958274130155451,0.757292211932428,0.597022612045036,0.111594711537771,149.0,0
43078.0,1.16325153733379,1.26150901222579,-1.39344278277829,1.72423823263866,0.762101898919679,-1.66530283875924,0.712994931095539,-0.283108382642711,-0.488008015359738,-1.59624042547557,1.51964618160455,-0.21718279107649,-0.246044715080579,-3.3187021839309,1.28366242113246,0.587945781434862,3.17916000121367,0.710341924361218,-1.39751049922861,-0.0812067032544444,-0.146557260581171,-0.293454256414023,-0.114927239123332,0.281763031263026,0.713144475005522,-0.29774690815874,0.0568020434882198,0.0993076216103067,2.99,0
128022.0,-0.467567003071411,1.46475152162691,-0.696511310715,0.846935802724625,0.887508008278737,-0.369165583157177,1.24138743654308,0.138770041618522,-0.876473862506679,-0.275659608025806,-1.81996365905601,0.0888153878963382,0.483854210132701,0.655898257859775,-0.360062867364548,-0.888516569557832,0.0521706619831191,-0.131490505310149,1.02214326813009,0.0929732292069181,0.136239484754813,0.557734308059555,-0.240153508569223,-0.748558875751466,0.187158346127658,-0.328548608927791,0.303110369006105,0.177514895607784,51.13,0
10864.0,1.20101293744679,-0.10056698473558,0.649090616714036,0.41449903022163,-0.662801436556545,-0.682234621601598,-0.194010113357972,-0.265435336063559,1.9433465284453,-0.77043989472799,0.380209331208611,-1.60867372731302,2.37372048098557,1.05564158068977,-1.12173462610215,-0.428139555391916,0.879123429335013,-0.533023149324133,0.240533738971925,-0.0138462310317655,-0.236727763513018,-0.223400840882968,-0.0854043145124933,0.461492959861802,0.434730174363316,1.06659217227494,-0.0948160122483345,0.0010412420096853,39.2,0
118686.0,1.93350206986359,-1.14093152496837,-0.519723447773021,-0.480725164355249,-1.04281665712777,-0.188648787286768,-0.836224497954964,0.0094456270009428,-0.295419723184853,0.934052175914491,0.383440532494256,0.765635015824337,0.577996747551865,-0.0497795238451561,-0.319053742273718,-0.78180718301561,-0.639740937253061,1.45555956648439,-0.389614319775518,-0.387354788033398,-0.544467669407921,-1.21645066392042,0.385892552302024,-0.452738177294454,-0.762072443206419,0.229088879658407,-0.0328436575193742,-0.0374522922838161,94.8,0
82552.0,-3.33385663728903,3.76331448319414,-0.85234905598927,2.68372984525192,-0.208375683096798,4.52431192960219,-5.43284208851643,-12.0256137791905,-3.57323996093609,-1.99738602007049,1.66285067340922,2.26887039086547,-0.734871977863139,3.11032088814101,0.820018568773626,-0.399409311184896,1.90530499233262,-1.7010039821024,-1.0558279648102,2.93338116603212,-6.31536881581125,1.91574503055509,0.908690662717623,-1.12482896857792,-1.33656475628954,-0.111159553815757,0.0047265228179735,0.230342856646732,96.17,0
69195.0,1.05437903291907,-0.764756419460614,0.160168078968411,0.665587189940565,1.11346638909702,4.77165573383805,-1.53660943363554,1.30648266765391,1.56505358775661,-0.349941385524786,-1.23849645750379,0.608002176754826,-0.249115332095802,-0.933969225867973,-1.40787345876443,-0.191382613222533,-0.180853248971067,0.226980050610162,0.537470403750458,0.0509954283993836,-0.0971381872974808,-0.0297593767698593,-0.171595743026864,1.04720109532518,0.698594759853646,-0.217938574202176,0.101969682398165,0.0401519539040167,56.42,0
76223.0,-0.712712089886328,0.432361863245312,2.46925620515237,2.77407252933285,-0.0475421417654938,3.06788973692182,-0.198084977808773,0.997326049472128,-0.928130761340909,0.371251365439099,1.55977151728965,0.387945961439217,-0.791362777498147,0.0831778371784154,0.893367568017975,-1.13677495417014,1.20325846956606,-1.1334783986008,-0.320123357916457,0.184543985948622,0.243894945935205,0.780555464330605,0.270860959775897,-1.04567931577046,-0.754869328639073,0.274877294119208,0.211046275307191,0.129704174841381,113.12,0
134154.0,-1.65149628111218,-0.585098335137384,2.15444769817719,-1.74940075492645,-1.5509001515196,0.257538883637147,-1.13399878303387,0.897420132771504,0.337448868039357,-0.480942305091636,-1.94873934255863,-0.997526176135206,-2.0861441707399,-0.508310646859101,-1.19530395063082,-1.3372645694268,0.632395291567973,1.11032212631846,-0.840492082084913,-0.606334757867198,-0.483925298447713,-0.864746878887797,-0.218084905711344,1.08796443999348,0.038249085276846,1.20020421369034,0.0820597555654054,-0.0853462460130269,54.9,0
145937.0,1.88104111767325,-0.658077066673531,-1.24594306312259,0.126312489245926,-0.269236369741813,-0.457135260305477,-0.133174369230674,0.0136913284640965,1.1484184100969,-0.0229026185388179,0.110898831746345,0.121080389874118,-2.06228153620274,0.68028154995118,-0.685321056014666,-0.158970852610548,-0.324718980139217,0.133884382619053,0.712581891519005,-0.20850670482706,-0.114470295206749,-0.349196424366334,0.1221326107642,-0.501472579401167,-0.148635719807211,-0.079286525715504,-0.0516337870662147,-0.0625360259529924,75.25,0
156294.0,-1.84476104173667,1.80375736512275,-2.19619825175901,-1.75839963442673,2.74906136298118,3.24926126285165,0.399867903629232,1.18441980710217,-0.415700594584405,-0.687965487371565,0.0275586990546422,-0.189168354964722,-0.418754801015778,-0.665286805728742,0.132299025952302,0.106243739457165,0.772649892542172,-0.228525936915822,-0.264671422852512,-0.248890730014112,-0.110010608391445,-0.54229668326919,-0.204432377566383,0.614851401244263,0.0363334837105794,0.236796406033367,-1.61913895390765,-0.730435356782787,36.4,0
149994.0,1.98353627613146,-0.482731189350516,-0.702488490245716,0.260074714388561,-0.174224295511593,0.306064050769525,-0.626998209059394,0.0726313047487381,1.43736671269943,-0.203003505434455,-1.51408084053356,0.45585182867055,0.680108917266293,-0.328150395477262,0.573728200740753,0.230633296492167,-0.7451434420949,0.326173710958743,-0.0377557770676638,-0.102694303763479,0.165863404263278,0.678311347389883,0.0500547495786788,0.0614795345491065,0.0070293927647306,-0.204271702977037,0.0376142833961939,-0.0321766957546898,32.0,0
110912.0,1.9593563946041,0.153992984323652,-1.82881954305629,1.4641084428989,0.855183611586443,-0.63092702289375,0.658687949962176,-0.499051072822342,1.44968369584392,-0.157627863405706,-0.612565298410214,-2.14474635495191,2.05989757366673,1.83050036273471,-1.25133576568302,-0.563396692607946,0.30023923645037,-0.191610765816242,-0.164613337743435,-0.152750290593238,-0.104768865407281,0.0574912864508845,-0.148228797229518,-0.812705655570614,0.530696983317486,-0.489662767333731,-0.05122428624628,-0.0636077640299534,74.0,0
137758.0,1.92480656908535,-0.566023485863575,-1.19443127426172,0.474570583947852,0.0383022576884422,0.804136577389194,-0.83357151136824,0.328931868871401,1.46145426349007,-0.448582582085223,-0.197483875645553,0.450909893458709,-0.494570080781404,-1.55461036554411,-1.31642052235922,0.521746444540968,0.382348145348568,1.12260569351924,0.449114905813583,-0.0912851461801818,0.149775412193562,0.727856719648691,-0.0959567092599326,-0.217671852924749,0.0633172659715771,0.77857623655576,-0.0127492822194868,-0.0369515863367312,39.3,0
37116.0,-0.879648497127463,0.609472539376822,1.33888003264598,0.730627257901185,-0.373776149797033,0.330741693229472,-0.0415589087227803,0.695261034992467,-0.594822260003886,-0.516194103913054,0.992293940094677,0.964413472738599,-0.226973148198216,0.456620961945415,-0.29532394042084,-0.632099423265411,0.571295529135714,-0.291965521256404,1.25829802218393,0.0825004383632248,-0.0188171833453883,-0.163076155796543,0.154434907427786,0.0330297197588801,-0.549090825005097,0.264017913471895,0.0055016154245397,0.0394342305978073,54.99,0
10636.0,-0.262491577143848,0.644146503297184,2.12335528676999,-0.475326569613389,-0.129377987778087,-0.530776273953081,0.523055161020573,-0.268068291955128,1.21540024612843,-0.873033340303335,1.14788088317972,-2.54770471130353,1.50639970960622,1.31860094823822,0.567177536187788,-0.194310057606318,0.686810087753699,-0.541897138620826,-0.490380971699852,-0.0028329111310897,-0.202045645714724,-0.177300972813608,-0.004457565099584,0.380616936885441,-0.516006753815749,0.805624728242183,-0.19554006621217,-0.179037603119177,13.27,0
129792.0,-2.01009904955105,0.454342467207568,-0.578910269531555,-0.215885750556378,2.51019865858436,4.24275126063548,0.155280020360448,0.631154340249568,0.884909951560698,1.47396735345224,-0.0056876766333733,-0.0977757545814557,-0.0723665208826965,-0.454765227235737,1.2492002489605,-0.294495398240754,-0.629776853398979,-0.18382756288321,0.487206834960666,-0.158282368955061,-0.385257852798232,-0.300531740122072,0.432138080275789,0.642163951454041,-0.643130166432482,-0.913591310054849,-0.207555016900346,0.544538255172763,63.4,0
